[
    {
        "pk": 22, 
        "model": "contenttypes.contenttype", 
        "fields": {
            "model": "additionalpage", 
            "name": "additional page", 
            "app_label": "c2g"
        }
    }, 
    {
        "pk": 24, 
        "model": "contenttypes.contenttype", 
        "fields": {
            "model": "announcement", 
            "name": "announcement", 
            "app_label": "c2g"
        }
    }, 
    {
        "pk": 21, 
        "model": "contenttypes.contenttype", 
        "fields": {
            "model": "contentsection", 
            "name": "content section", 
            "app_label": "c2g"
        }
    }, 
    {
        "pk": 4, 
        "model": "contenttypes.contenttype", 
        "fields": {
            "model": "contenttype", 
            "name": "content type", 
            "app_label": "contenttypes"
        }
    }, 
    {
        "pk": 20, 
        "model": "contenttypes.contenttype", 
        "fields": {
            "model": "course", 
            "name": "course", 
            "app_label": "c2g"
        }
    }, 
    {
        "pk": 37, 
        "model": "contenttypes.contenttype", 
        "fields": {
            "model": "courseemail", 
            "name": "course email", 
            "app_label": "c2g"
        }
    }, 
    {
        "pk": 14, 
        "model": "contenttypes.contenttype", 
        "fields": {
            "model": "crontabschedule", 
            "name": "crontab", 
            "app_label": "djcelery"
        }
    }, 
    {
        "pk": 38, 
        "model": "contenttypes.contenttype", 
        "fields": {
            "model": "emailaddr", 
            "name": "email addr", 
            "app_label": "c2g"
        }
    }, 
    {
        "pk": 42, 
        "model": "contenttypes.contenttype", 
        "fields": {
            "model": "exam", 
            "name": "exam", 
            "app_label": "c2g"
        }
    }, 
    {
        "pk": 43, 
        "model": "contenttypes.contenttype", 
        "fields": {
            "model": "examrecord", 
            "name": "exam record", 
            "app_label": "c2g"
        }
    }, 
    {
        "pk": 44, 
        "model": "contenttypes.contenttype", 
        "fields": {
            "model": "examscore", 
            "name": "exam score", 
            "app_label": "c2g"
        }
    }, 
    {
        "pk": 45, 
        "model": "contenttypes.contenttype", 
        "fields": {
            "model": "examscorefield", 
            "name": "exam score field", 
            "app_label": "c2g"
        }
    }, 
    {
        "pk": 32, 
        "model": "contenttypes.contenttype", 
        "fields": {
            "model": "exercise", 
            "name": "exercise", 
            "app_label": "c2g"
        }
    }, 
    {
        "pk": 23, 
        "model": "contenttypes.contenttype", 
        "fields": {
            "model": "file", 
            "name": "file", 
            "app_label": "c2g"
        }
    }, 
    {
        "pk": 10, 
        "model": "contenttypes.contenttype", 
        "fields": {
            "model": "flatpage", 
            "name": "flat page", 
            "app_label": "flatpages"
        }
    }, 
    {
        "pk": 2, 
        "model": "contenttypes.contenttype", 
        "fields": {
            "model": "group", 
            "name": "group", 
            "app_label": "auth"
        }
    }, 
    {
        "pk": 19, 
        "model": "contenttypes.contenttype", 
        "fields": {
            "model": "institution", 
            "name": "institution", 
            "app_label": "c2g"
        }
    }, 
    {
        "pk": 13, 
        "model": "contenttypes.contenttype", 
        "fields": {
            "model": "intervalschedule", 
            "name": "interval", 
            "app_label": "djcelery"
        }
    }, 
    {
        "pk": 40, 
        "model": "contenttypes.contenttype", 
        "fields": {
            "model": "listemail", 
            "name": "list email", 
            "app_label": "c2g"
        }
    }, 
    {
        "pk": 7, 
        "model": "contenttypes.contenttype", 
        "fields": {
            "model": "logentry", 
            "name": "log entry", 
            "app_label": "admin"
        }
    }, 
    {
        "pk": 39, 
        "model": "contenttypes.contenttype", 
        "fields": {
            "model": "mailinglist", 
            "name": "mailing list", 
            "app_label": "c2g"
        }
    }, 
    {
        "pk": 9, 
        "model": "contenttypes.contenttype", 
        "fields": {
            "model": "migrationhistory", 
            "name": "migration history", 
            "app_label": "south"
        }
    }, 
    {
        "pk": 36, 
        "model": "contenttypes.contenttype", 
        "fields": {
            "model": "newsevent", 
            "name": "news event", 
            "app_label": "c2g"
        }
    }, 
    {
        "pk": 41, 
        "model": "contenttypes.contenttype", 
        "fields": {
            "model": "pagevisitlog", 
            "name": "page visit log", 
            "app_label": "c2g"
        }
    }, 
    {
        "pk": 16, 
        "model": "contenttypes.contenttype", 
        "fields": {
            "model": "periodictask", 
            "name": "periodic task", 
            "app_label": "djcelery"
        }
    }, 
    {
        "pk": 15, 
        "model": "contenttypes.contenttype", 
        "fields": {
            "model": "periodictasks", 
            "name": "periodic tasks", 
            "app_label": "djcelery"
        }
    }, 
    {
        "pk": 1, 
        "model": "contenttypes.contenttype", 
        "fields": {
            "model": "permission", 
            "name": "permission", 
            "app_label": "auth"
        }
    }, 
    {
        "pk": 35, 
        "model": "contenttypes.contenttype", 
        "fields": {
            "model": "problemactivity", 
            "name": "problem activity", 
            "app_label": "c2g"
        }
    }, 
    {
        "pk": 31, 
        "model": "contenttypes.contenttype", 
        "fields": {
            "model": "problemset", 
            "name": "problem set", 
            "app_label": "c2g"
        }
    }, 
    {
        "pk": 33, 
        "model": "contenttypes.contenttype", 
        "fields": {
            "model": "problemsettoexercise", 
            "name": "problem set to exercise", 
            "app_label": "c2g"
        }
    }, 
    {
        "pk": 8, 
        "model": "contenttypes.contenttype", 
        "fields": {
            "model": "registrationprofile", 
            "name": "registration profile", 
            "app_label": "registration"
        }
    }, 
    {
        "pk": 12, 
        "model": "contenttypes.contenttype", 
        "fields": {
            "model": "tasksetmeta", 
            "name": "saved group result", 
            "app_label": "djcelery"
        }
    }, 
    {
        "pk": 5, 
        "model": "contenttypes.contenttype", 
        "fields": {
            "model": "session", 
            "name": "session", 
            "app_label": "sessions"
        }
    }, 
    {
        "pk": 6, 
        "model": "contenttypes.contenttype", 
        "fields": {
            "model": "site", 
            "name": "site", 
            "app_label": "sites"
        }
    }, 
    {
        "pk": 25, 
        "model": "contenttypes.contenttype", 
        "fields": {
            "model": "studentsection", 
            "name": "student section", 
            "app_label": "c2g"
        }
    }, 
    {
        "pk": 18, 
        "model": "contenttypes.contenttype", 
        "fields": {
            "model": "taskstate", 
            "name": "task", 
            "app_label": "djcelery"
        }
    }, 
    {
        "pk": 11, 
        "model": "contenttypes.contenttype", 
        "fields": {
            "model": "taskmeta", 
            "name": "task state", 
            "app_label": "djcelery"
        }
    }, 
    {
        "pk": 3, 
        "model": "contenttypes.contenttype", 
        "fields": {
            "model": "user", 
            "name": "user", 
            "app_label": "auth"
        }
    }, 
    {
        "pk": 26, 
        "model": "contenttypes.contenttype", 
        "fields": {
            "model": "userprofile", 
            "name": "user profile", 
            "app_label": "c2g"
        }
    }, 
    {
        "pk": 27, 
        "model": "contenttypes.contenttype", 
        "fields": {
            "model": "video", 
            "name": "video", 
            "app_label": "c2g"
        }
    }, 
    {
        "pk": 29, 
        "model": "contenttypes.contenttype", 
        "fields": {
            "model": "videoactivity", 
            "name": "video activity", 
            "app_label": "c2g"
        }
    }, 
    {
        "pk": 30, 
        "model": "contenttypes.contenttype", 
        "fields": {
            "model": "videodownload", 
            "name": "video download", 
            "app_label": "c2g"
        }
    }, 
    {
        "pk": 34, 
        "model": "contenttypes.contenttype", 
        "fields": {
            "model": "videotoexercise", 
            "name": "video to exercise", 
            "app_label": "c2g"
        }
    }, 
    {
        "pk": 28, 
        "model": "contenttypes.contenttype", 
        "fields": {
            "model": "videoviewtraces", 
            "name": "video view traces", 
            "app_label": "c2g"
        }
    }, 
    {
        "pk": 17, 
        "model": "contenttypes.contenttype", 
        "fields": {
            "model": "workerstate", 
            "name": "worker", 
            "app_label": "djcelery"
        }
    }, 
    {
        "pk": 1, 
        "model": "sites.site", 
        "fields": {
            "domain": "example.com", 
            "name": "example.com"
        }
    }, 
    {
        "pk": 1, 
        "model": "south.migrationhistory", 
        "fields": {
            "applied": "2012-11-16T13:35:13", 
            "app_name": "djcelery", 
            "migration": "0001_initial"
        }
    }, 
    {
        "pk": 2, 
        "model": "south.migrationhistory", 
        "fields": {
            "applied": "2012-11-16T13:35:18", 
            "app_name": "djcelery", 
            "migration": "0002_v25_changes"
        }
    }, 
    {
        "pk": 3, 
        "model": "south.migrationhistory", 
        "fields": {
            "applied": "2012-11-16T13:35:20", 
            "app_name": "djcelery", 
            "migration": "0003_v26_changes"
        }
    }, 
    {
        "pk": 4, 
        "model": "south.migrationhistory", 
        "fields": {
            "applied": "2012-11-16T13:35:21", 
            "app_name": "djcelery", 
            "migration": "0004_v30_changes"
        }
    }, 
    {
        "pk": 5, 
        "model": "south.migrationhistory", 
        "fields": {
            "applied": "2012-11-16T13:36:11", 
            "app_name": "c2g", 
            "migration": "0001_initial"
        }
    }, 
    {
        "pk": 6, 
        "model": "south.migrationhistory", 
        "fields": {
            "applied": "2012-11-16T13:36:12", 
            "app_name": "c2g", 
            "migration": "0002_auto__add_field_emailaddr_optout__add_field_emailaddr_optout_code__add"
        }
    }, 
    {
        "pk": 7, 
        "model": "south.migrationhistory", 
        "fields": {
            "applied": "2012-11-16T13:36:23", 
            "app_name": "c2g", 
            "migration": "0003_auto__add_pagevisitlog__add_videoviewtraces"
        }
    }, 
    {
        "pk": 8, 
        "model": "south.migrationhistory", 
        "fields": {
            "applied": "2012-11-16T13:36:24", 
            "app_name": "c2g", 
            "migration": "0004_auto__add_field_userprofile_piazza_email__add_field_userprofile_piazza"
        }
    }, 
    {
        "pk": 9, 
        "model": "south.migrationhistory", 
        "fields": {
            "applied": "2012-11-16T13:36:27", 
            "app_name": "c2g", 
            "migration": "0005_auto"
        }
    }, 
    {
        "pk": 10, 
        "model": "south.migrationhistory", 
        "fields": {
            "applied": "2012-11-16T13:36:27", 
            "app_name": "c2g", 
            "migration": "0006_auto__add_field_userprofile_email_me"
        }
    }, 
    {
        "pk": 11, 
        "model": "south.migrationhistory", 
        "fields": {
            "applied": "2012-11-16T13:36:29", 
            "app_name": "c2g", 
            "migration": "0007_auto__add_exam"
        }
    }, 
    {
        "pk": 12, 
        "model": "south.migrationhistory", 
        "fields": {
            "applied": "2012-11-16T13:36:30", 
            "app_name": "c2g", 
            "migration": "0008_auto__add_field_exam_due_date__add_field_exam_grace_period"
        }
    }, 
    {
        "pk": 13, 
        "model": "south.migrationhistory", 
        "fields": {
            "applied": "2012-11-16T13:36:35", 
            "app_name": "c2g", 
            "migration": "0009_auto__add_examrecord"
        }
    }, 
    {
        "pk": 14, 
        "model": "south.migrationhistory", 
        "fields": {
            "applied": "2012-11-16T13:36:35", 
            "app_name": "c2g", 
            "migration": "0010_auto__add_field_exam_description"
        }
    }, 
    {
        "pk": 15, 
        "model": "south.migrationhistory", 
        "fields": {
            "applied": "2012-11-16T13:36:39", 
            "app_name": "c2g", 
            "migration": "0011_auto__add_examscorefield__add_examscore"
        }
    }, 
    {
        "pk": 16, 
        "model": "south.migrationhistory", 
        "fields": {
            "applied": "2012-11-16T13:36:39", 
            "app_name": "c2g", 
            "migration": "0012_auto__add_field_exam_total_score"
        }
    }, 
    {
        "pk": 17, 
        "model": "south.migrationhistory", 
        "fields": {
            "applied": "2012-11-16T13:36:41", 
            "app_name": "c2g", 
            "migration": "0013_auto__add_videodownload__add_field_videoactivity_max_end_seconds"
        }
    }, 
    {
        "pk": 18, 
        "model": "south.migrationhistory", 
        "fields": {
            "applied": "2012-11-16T13:36:42", 
            "app_name": "c2g", 
            "migration": "0014_auto__add_field_videodownload_format"
        }
    }, 
    {
        "pk": 19, 
        "model": "south.migrationhistory", 
        "fields": {
            "applied": "2012-11-16T13:36:42", 
            "app_name": "c2g", 
            "migration": "0015_auto__add_field_exam_exam_type"
        }
    }, 
    {
        "pk": 1, 
        "model": "c2g.institution", 
        "fields": {
            "city": "Palo Alto", 
            "last_updated": "2012-11-16T13:37:15", 
            "title": "Institution_0", 
            "country": "USA", 
            "time_created": "2012-11-16T13:37:15", 
            "domains": "stanford.edu"
        }
    }, 
    {
        "pk": 1, 
        "model": "c2g.contentsection", 
        "fields": {
            "index": 0, 
            "live_datetime": null, 
            "last_updated": "2012-11-16T13:37:18", 
            "title": "Introduction and Regular Expressions", 
            "image": 2, 
            "time_created": "2012-11-16T13:37:18", 
            "course": 1, 
            "mode": "draft", 
            "is_deleted": 0
        }
    }, 
    {
        "pk": 2, 
        "model": "c2g.contentsection", 
        "fields": {
            "index": 0, 
            "live_datetime": null, 
            "last_updated": "2012-11-16T13:37:18", 
            "title": "Introduction and Regular Expressions", 
            "image": 1, 
            "time_created": "2012-11-16T13:37:18", 
            "course": 2, 
            "mode": "ready", 
            "is_deleted": 0
        }
    }, 
    {
        "pk": 3, 
        "model": "c2g.contentsection", 
        "fields": {
            "index": 1, 
            "live_datetime": null, 
            "last_updated": "2012-11-16T13:37:18", 
            "title": "Tokenizations and Minimum Edit Distance", 
            "image": 4, 
            "time_created": "2012-11-16T13:37:18", 
            "course": 1, 
            "mode": "draft", 
            "is_deleted": 0
        }
    }, 
    {
        "pk": 4, 
        "model": "c2g.contentsection", 
        "fields": {
            "index": 1, 
            "live_datetime": null, 
            "last_updated": "2012-11-16T13:37:18", 
            "title": "Tokenizations and Minimum Edit Distance", 
            "image": 3, 
            "time_created": "2012-11-16T13:37:18", 
            "course": 2, 
            "mode": "ready", 
            "is_deleted": 0
        }
    }, 
    {
        "pk": 5, 
        "model": "c2g.contentsection", 
        "fields": {
            "index": 2, 
            "live_datetime": null, 
            "last_updated": "2012-11-16T13:37:19", 
            "title": "N-Grams", 
            "image": 6, 
            "time_created": "2012-11-16T13:37:19", 
            "course": 1, 
            "mode": "draft", 
            "is_deleted": 0
        }
    }, 
    {
        "pk": 6, 
        "model": "c2g.contentsection", 
        "fields": {
            "index": 2, 
            "live_datetime": null, 
            "last_updated": "2012-11-16T13:37:19", 
            "title": "N-Grams", 
            "image": 5, 
            "time_created": "2012-11-16T13:37:19", 
            "course": 2, 
            "mode": "ready", 
            "is_deleted": 0
        }
    }, 
    {
        "pk": 7, 
        "model": "c2g.contentsection", 
        "fields": {
            "index": 0, 
            "live_datetime": null, 
            "last_updated": "2012-11-16T13:37:32", 
            "title": "Crypto: Introduction and md5", 
            "image": 8, 
            "time_created": "2012-11-16T13:37:32", 
            "course": 3, 
            "mode": "draft", 
            "is_deleted": 0
        }
    }, 
    {
        "pk": 8, 
        "model": "c2g.contentsection", 
        "fields": {
            "index": 0, 
            "live_datetime": null, 
            "last_updated": "2012-11-16T13:37:32", 
            "title": "Crypto: Introduction and md5", 
            "image": 7, 
            "time_created": "2012-11-16T13:37:32", 
            "course": 4, 
            "mode": "ready", 
            "is_deleted": 0
        }
    }, 
    {
        "pk": 9, 
        "model": "c2g.contentsection", 
        "fields": {
            "index": 1, 
            "live_datetime": null, 
            "last_updated": "2012-11-16T13:37:32", 
            "title": "Crypto: md5 collisions", 
            "image": 10, 
            "time_created": "2012-11-16T13:37:32", 
            "course": 3, 
            "mode": "draft", 
            "is_deleted": 0
        }
    }, 
    {
        "pk": 10, 
        "model": "c2g.contentsection", 
        "fields": {
            "index": 1, 
            "live_datetime": null, 
            "last_updated": "2012-11-16T13:37:32", 
            "title": "Crypto: md5 collisions", 
            "image": 9, 
            "time_created": "2012-11-16T13:37:32", 
            "course": 4, 
            "mode": "ready", 
            "is_deleted": 0
        }
    }, 
    {
        "pk": 11, 
        "model": "c2g.contentsection", 
        "fields": {
            "index": 2, 
            "live_datetime": null, 
            "last_updated": "2012-11-16T13:37:32", 
            "title": "Crypto: Why not to use md5 any more", 
            "image": 12, 
            "time_created": "2012-11-16T13:37:32", 
            "course": 3, 
            "mode": "draft", 
            "is_deleted": 0
        }
    }, 
    {
        "pk": 12, 
        "model": "c2g.contentsection", 
        "fields": {
            "index": 2, 
            "live_datetime": null, 
            "last_updated": "2012-11-16T13:37:32", 
            "title": "Crypto: Why not to use md5 any more", 
            "image": 11, 
            "time_created": "2012-11-16T13:37:32", 
            "course": 4, 
            "mode": "ready", 
            "is_deleted": 0
        }
    }, 
    {
        "pk": 1, 
        "model": "c2g.additionalpage", 
        "fields": {
            "index": 0, 
            "live_datetime": null, 
            "last_updated": "2012-11-16T13:37:18", 
            "description": "Natural language processing is the technology for dealing with our most ubiquitous product: human language, as it appears in emails, web pages, tweets, product descriptions, newspaper stories, social media, and scientific articles, in thousands of languages and varieties. In the past decade, successful natural language processing applications have become part of our everyday experience, from spelling and grammar correction in word processors to machine translation on the web, from email spam detection to automatic question answering, from detecting people's opinions about products or services to extracting appointments from your email. In this class, you'll learn the fundamental algorithms and mathematical models for human alanguage processing and how you can use them to solve practical problems in dealing with language data wherever you encounter it.", 
            "title": "Overview", 
            "menu_slug": "course_info", 
            "image": 2, 
            "time_created": "2012-11-16T13:37:17", 
            "slug": "overview", 
            "course": 1, 
            "mode": "draft", 
            "is_deleted": 0, 
            "section": null
        }
    }, 
    {
        "pk": 2, 
        "model": "c2g.additionalpage", 
        "fields": {
            "index": 0, 
            "live_datetime": null, 
            "last_updated": "2012-11-16T13:37:17", 
            "description": "Natural language processing is the technology for dealing with our most ubiquitous product: human language, as it appears in emails, web pages, tweets, product descriptions, newspaper stories, social media, and scientific articles, in thousands of languages and varieties. In the past decade, successful natural language processing applications have become part of our everyday experience, from spelling and grammar correction in word processors to machine translation on the web, from email spam detection to automatic question answering, from detecting people's opinions about products or services to extracting appointments from your email. In this class, you'll learn the fundamental algorithms and mathematical models for human alanguage processing and how you can use them to solve practical problems in dealing with language data wherever you encounter it.", 
            "title": "Overview", 
            "menu_slug": "course_info", 
            "image": 1, 
            "time_created": "2012-11-16T13:37:17", 
            "slug": "overview", 
            "course": 2, 
            "mode": "ready", 
            "is_deleted": 0, 
            "section": null
        }
    }, 
    {
        "pk": 3, 
        "model": "c2g.additionalpage", 
        "fields": {
            "index": 0, 
            "live_datetime": null, 
            "last_updated": "2012-11-16T13:37:31", 
            "description": "Cryptography is an indispensable tool for protecting information in computer systems. This course explains the inner workings of cryptographic primitives and how to correctly use them. Students will learn how to reason about the security of cryptographic constructions and how to apply this knowledge to real-world applications.", 
            "title": "Overview", 
            "menu_slug": "course_info", 
            "image": 4, 
            "time_created": "2012-11-16T13:37:31", 
            "slug": "overview", 
            "course": 3, 
            "mode": "draft", 
            "is_deleted": 0, 
            "section": null
        }
    }, 
    {
        "pk": 4, 
        "model": "c2g.additionalpage", 
        "fields": {
            "index": 0, 
            "live_datetime": null, 
            "last_updated": "2012-11-16T13:37:31", 
            "description": "Cryptography is an indispensable tool for protecting information in computer systems. This course explains the inner workings of cryptographic primitives and how to correctly use them. Students will learn how to reason about the security of cryptographic constructions and how to apply this knowledge to real-world applications.", 
            "title": "Overview", 
            "menu_slug": "course_info", 
            "image": 3, 
            "time_created": "2012-11-16T13:37:31", 
            "slug": "overview", 
            "course": 4, 
            "mode": "ready", 
            "is_deleted": 0, 
            "section": null
        }
    }, 
    {
        "pk": 1, 
        "model": "c2g.video", 
        "fields": {
            "handle": "networking--Fall2012", 
            "index": 0, 
            "live_datetime": null, 
            "last_updated": "2012-11-16T13:37:19", 
            "description": "Intro video by Professor Dan Jurafsky and Chris Manning", 
            "title": "Course Introduction", 
            "url": "BJiVRIPVNxU", 
            "image": 2, 
            "time_created": "2012-11-16T13:37:19", 
            "slug": "intro", 
            "course": 1, 
            "mode": "draft", 
            "file": "default", 
            "duration": 772, 
            "is_deleted": 0, 
            "type": "youtube", 
            "section": 1
        }
    }, 
    {
        "pk": 2, 
        "model": "c2g.video", 
        "fields": {
            "handle": "networking--Fall2012", 
            "index": 0, 
            "live_datetime": null, 
            "last_updated": "2012-11-16T13:37:19", 
            "description": "Intro video by Professor Dan Jurafsky and Chris Manning", 
            "title": "Course Introduction", 
            "url": "BJiVRIPVNxU", 
            "image": 1, 
            "time_created": "2012-11-16T13:37:19", 
            "slug": "intro", 
            "course": 2, 
            "mode": "ready", 
            "file": "default", 
            "duration": 772, 
            "is_deleted": 0, 
            "type": "youtube", 
            "section": 2
        }
    }, 
    {
        "pk": 3, 
        "model": "c2g.video", 
        "fields": {
            "handle": "networking--Fall2012", 
            "index": 1, 
            "live_datetime": null, 
            "last_updated": "2012-11-16T13:37:20", 
            "description": "Video on Regular Expressions", 
            "title": "Regular Expressions", 
            "url": "dBVlwb15SBM", 
            "image": 4, 
            "time_created": "2012-11-16T13:37:20", 
            "slug": "regexp", 
            "course": 1, 
            "mode": "draft", 
            "file": "default", 
            "duration": 686, 
            "is_deleted": 0, 
            "type": "youtube", 
            "section": 1
        }
    }, 
    {
        "pk": 4, 
        "model": "c2g.video", 
        "fields": {
            "handle": "networking--Fall2012", 
            "index": 1, 
            "live_datetime": null, 
            "last_updated": "2012-11-16T13:37:20", 
            "description": "Video on Regular Expressions", 
            "title": "Regular Expressions", 
            "url": "dBVlwb15SBM", 
            "image": 3, 
            "time_created": "2012-11-16T13:37:20", 
            "slug": "regexp", 
            "course": 2, 
            "mode": "ready", 
            "file": "default", 
            "duration": 686, 
            "is_deleted": 0, 
            "type": "youtube", 
            "section": 2
        }
    }, 
    {
        "pk": 5, 
        "model": "c2g.video", 
        "fields": {
            "handle": "networking--Fall2012", 
            "index": 2, 
            "live_datetime": null, 
            "last_updated": "2012-11-16T13:37:21", 
            "description": "Video on Regular Expressions in Practical NLP", 
            "title": "Regular Expressions in Practical NLP", 
            "url": "zJSqHRuD2C4", 
            "image": 6, 
            "time_created": "2012-11-16T13:37:21", 
            "slug": "regexp_in_practical_nlp", 
            "course": 1, 
            "mode": "draft", 
            "file": "default", 
            "duration": 366, 
            "is_deleted": 0, 
            "type": "youtube", 
            "section": 1
        }
    }, 
    {
        "pk": 6, 
        "model": "c2g.video", 
        "fields": {
            "handle": "networking--Fall2012", 
            "index": 2, 
            "live_datetime": null, 
            "last_updated": "2012-11-16T13:37:21", 
            "description": "Video on Regular Expressions in Practical NLP", 
            "title": "Regular Expressions in Practical NLP", 
            "url": "zJSqHRuD2C4", 
            "image": 5, 
            "time_created": "2012-11-16T13:37:21", 
            "slug": "regexp_in_practical_nlp", 
            "course": 2, 
            "mode": "ready", 
            "file": "default", 
            "duration": 366, 
            "is_deleted": 0, 
            "type": "youtube", 
            "section": 2
        }
    }, 
    {
        "pk": 7, 
        "model": "c2g.video", 
        "fields": {
            "handle": "networking--Fall2012", 
            "index": 0, 
            "live_datetime": null, 
            "last_updated": "2012-11-16T13:37:24", 
            "description": "Video on Word Tokenization", 
            "title": "Word Tokenization", 
            "url": "WMC3AjgYf3A", 
            "image": 8, 
            "time_created": "2012-11-16T13:37:24", 
            "slug": "tokenization", 
            "course": 1, 
            "mode": "draft", 
            "file": "default", 
            "duration": 866, 
            "is_deleted": 0, 
            "type": "youtube", 
            "section": 3
        }
    }, 
    {
        "pk": 8, 
        "model": "c2g.video", 
        "fields": {
            "handle": "networking--Fall2012", 
            "index": 0, 
            "live_datetime": null, 
            "last_updated": "2012-11-16T13:37:24", 
            "description": "Video on Word Tokenization", 
            "title": "Word Tokenization", 
            "url": "WMC3AjgYf3A", 
            "image": 7, 
            "time_created": "2012-11-16T13:37:24", 
            "slug": "tokenization", 
            "course": 2, 
            "mode": "ready", 
            "file": "default", 
            "duration": 866, 
            "is_deleted": 0, 
            "type": "youtube", 
            "section": 4
        }
    }, 
    {
        "pk": 9, 
        "model": "c2g.video", 
        "fields": {
            "handle": "networking--Fall2012", 
            "index": 1, 
            "live_datetime": null, 
            "last_updated": "2012-11-16T13:37:25", 
            "description": "Video on Defining Minimum Edit Distance", 
            "title": "Defining Minimum Edit Distance", 
            "url": "xOfEYI61f3k", 
            "image": 10, 
            "time_created": "2012-11-16T13:37:25", 
            "slug": "min_edit_distance", 
            "course": 1, 
            "mode": "draft", 
            "file": "default", 
            "duration": 426, 
            "is_deleted": 0, 
            "type": "youtube", 
            "section": 3
        }
    }, 
    {
        "pk": 10, 
        "model": "c2g.video", 
        "fields": {
            "handle": "networking--Fall2012", 
            "index": 1, 
            "live_datetime": null, 
            "last_updated": "2012-11-16T13:37:25", 
            "description": "Video on Defining Minimum Edit Distance", 
            "title": "Defining Minimum Edit Distance", 
            "url": "xOfEYI61f3k", 
            "image": 9, 
            "time_created": "2012-11-16T13:37:25", 
            "slug": "min_edit_distance", 
            "course": 2, 
            "mode": "ready", 
            "file": "default", 
            "duration": 426, 
            "is_deleted": 0, 
            "type": "youtube", 
            "section": 4
        }
    }, 
    {
        "pk": 11, 
        "model": "c2g.video", 
        "fields": {
            "handle": "networking--Fall2012", 
            "index": 2, 
            "live_datetime": null, 
            "last_updated": "2012-11-16T13:37:26", 
            "description": "Video on Computing Minimum Edit Distance", 
            "title": "Computing Minimum Edit Distance", 
            "url": "Gh63CeMzav8", 
            "image": 12, 
            "time_created": "2012-11-16T13:37:26", 
            "slug": "computing_min_edit_distance", 
            "course": 1, 
            "mode": "draft", 
            "file": "default", 
            "duration": 355, 
            "is_deleted": 0, 
            "type": "youtube", 
            "section": 3
        }
    }, 
    {
        "pk": 12, 
        "model": "c2g.video", 
        "fields": {
            "handle": "networking--Fall2012", 
            "index": 2, 
            "live_datetime": null, 
            "last_updated": "2012-11-16T13:37:26", 
            "description": "Video on Computing Minimum Edit Distance", 
            "title": "Computing Minimum Edit Distance", 
            "url": "Gh63CeMzav8", 
            "image": 11, 
            "time_created": "2012-11-16T13:37:26", 
            "slug": "computing_min_edit_distance", 
            "course": 2, 
            "mode": "ready", 
            "file": "default", 
            "duration": 355, 
            "is_deleted": 0, 
            "type": "youtube", 
            "section": 4
        }
    }, 
    {
        "pk": 13, 
        "model": "c2g.video", 
        "fields": {
            "handle": "networking--Fall2012", 
            "index": 0, 
            "live_datetime": null, 
            "last_updated": "2012-11-16T13:37:27", 
            "description": "Video on Introduction to N-grams", 
            "title": "Introduction to N-grams", 
            "url": "LRq7om7vMEc", 
            "image": 14, 
            "time_created": "2012-11-16T13:37:27", 
            "slug": "ngrams", 
            "course": 1, 
            "mode": "draft", 
            "file": "default", 
            "duration": 522, 
            "is_deleted": 0, 
            "type": "youtube", 
            "section": 5
        }
    }, 
    {
        "pk": 14, 
        "model": "c2g.video", 
        "fields": {
            "handle": "networking--Fall2012", 
            "index": 0, 
            "live_datetime": null, 
            "last_updated": "2012-11-16T13:37:27", 
            "description": "Video on Introduction to N-grams", 
            "title": "Introduction to N-grams", 
            "url": "LRq7om7vMEc", 
            "image": 13, 
            "time_created": "2012-11-16T13:37:27", 
            "slug": "ngrams", 
            "course": 2, 
            "mode": "ready", 
            "file": "default", 
            "duration": 522, 
            "is_deleted": 0, 
            "type": "youtube", 
            "section": 6
        }
    }, 
    {
        "pk": 15, 
        "model": "c2g.video", 
        "fields": {
            "handle": "crypto--Fall2012", 
            "index": 0, 
            "live_datetime": null, 
            "last_updated": "2012-11-16T13:37:32", 
            "description": "Intro video by Professor Dan Jurafsky and Chris Manning", 
            "title": "Crypto: Course Introduction", 
            "url": "BJiVRIPVNxU", 
            "image": 16, 
            "time_created": "2012-11-16T13:37:32", 
            "slug": "intro", 
            "course": 3, 
            "mode": "draft", 
            "file": "default", 
            "duration": 772, 
            "is_deleted": 0, 
            "type": "youtube", 
            "section": 7
        }
    }, 
    {
        "pk": 16, 
        "model": "c2g.video", 
        "fields": {
            "handle": "crypto--Fall2012", 
            "index": 0, 
            "live_datetime": null, 
            "last_updated": "2012-11-16T13:37:32", 
            "description": "Intro video by Professor Dan Jurafsky and Chris Manning", 
            "title": "Crypto: Course Introduction", 
            "url": "BJiVRIPVNxU", 
            "image": 15, 
            "time_created": "2012-11-16T13:37:32", 
            "slug": "intro", 
            "course": 4, 
            "mode": "ready", 
            "file": "default", 
            "duration": 772, 
            "is_deleted": 0, 
            "type": "youtube", 
            "section": 8
        }
    }, 
    {
        "pk": 17, 
        "model": "c2g.video", 
        "fields": {
            "handle": "crypto--Fall2012", 
            "index": 1, 
            "live_datetime": null, 
            "last_updated": "2012-11-16T13:37:34", 
            "description": "Video on Regular Expressions", 
            "title": "Crypto: Regular Expressions", 
            "url": "dBVlwb15SBM", 
            "image": 18, 
            "time_created": "2012-11-16T13:37:34", 
            "slug": "regexp", 
            "course": 3, 
            "mode": "draft", 
            "file": "default", 
            "duration": 686, 
            "is_deleted": 0, 
            "type": "youtube", 
            "section": 7
        }
    }, 
    {
        "pk": 18, 
        "model": "c2g.video", 
        "fields": {
            "handle": "crypto--Fall2012", 
            "index": 1, 
            "live_datetime": null, 
            "last_updated": "2012-11-16T13:37:34", 
            "description": "Video on Regular Expressions", 
            "title": "Crypto: Regular Expressions", 
            "url": "dBVlwb15SBM", 
            "image": 17, 
            "time_created": "2012-11-16T13:37:34", 
            "slug": "regexp", 
            "course": 4, 
            "mode": "ready", 
            "file": "default", 
            "duration": 686, 
            "is_deleted": 0, 
            "type": "youtube", 
            "section": 8
        }
    }, 
    {
        "pk": 19, 
        "model": "c2g.video", 
        "fields": {
            "handle": "crypto--Fall2012", 
            "index": 2, 
            "live_datetime": null, 
            "last_updated": "2012-11-16T13:37:36", 
            "description": "Video on Regular Expressions in Practical NLP", 
            "title": "Crypto: Regular Expressions in Practical NLP", 
            "url": "zJSqHRuD2C4", 
            "image": 20, 
            "time_created": "2012-11-16T13:37:36", 
            "slug": "regexp_in_practical_nlp", 
            "course": 3, 
            "mode": "draft", 
            "file": "default", 
            "duration": 366, 
            "is_deleted": 0, 
            "type": "youtube", 
            "section": 7
        }
    }, 
    {
        "pk": 20, 
        "model": "c2g.video", 
        "fields": {
            "handle": "crypto--Fall2012", 
            "index": 2, 
            "live_datetime": null, 
            "last_updated": "2012-11-16T13:37:36", 
            "description": "Video on Regular Expressions in Practical NLP", 
            "title": "Crypto: Regular Expressions in Practical NLP", 
            "url": "zJSqHRuD2C4", 
            "image": 19, 
            "time_created": "2012-11-16T13:37:36", 
            "slug": "regexp_in_practical_nlp", 
            "course": 4, 
            "mode": "ready", 
            "file": "default", 
            "duration": 366, 
            "is_deleted": 0, 
            "type": "youtube", 
            "section": 8
        }
    }, 
    {
        "pk": 21, 
        "model": "c2g.video", 
        "fields": {
            "handle": "crypto--Fall2012", 
            "index": 0, 
            "live_datetime": null, 
            "last_updated": "2012-11-16T13:37:38", 
            "description": "Video on Word Tokenization", 
            "title": "Crypto: Word Tokenization", 
            "url": "WMC3AjgYf3A", 
            "image": 22, 
            "time_created": "2012-11-16T13:37:37", 
            "slug": "tokenization", 
            "course": 3, 
            "mode": "draft", 
            "file": "default", 
            "duration": 866, 
            "is_deleted": 0, 
            "type": "youtube", 
            "section": 9
        }
    }, 
    {
        "pk": 22, 
        "model": "c2g.video", 
        "fields": {
            "handle": "crypto--Fall2012", 
            "index": 0, 
            "live_datetime": null, 
            "last_updated": "2012-11-16T13:37:38", 
            "description": "Video on Word Tokenization", 
            "title": "Crypto: Word Tokenization", 
            "url": "WMC3AjgYf3A", 
            "image": 21, 
            "time_created": "2012-11-16T13:37:38", 
            "slug": "tokenization", 
            "course": 4, 
            "mode": "ready", 
            "file": "default", 
            "duration": 866, 
            "is_deleted": 0, 
            "type": "youtube", 
            "section": 10
        }
    }, 
    {
        "pk": 23, 
        "model": "c2g.video", 
        "fields": {
            "handle": "crypto--Fall2012", 
            "index": 1, 
            "live_datetime": null, 
            "last_updated": "2012-11-16T13:37:39", 
            "description": "Video on Defining Minimum Edit Distance", 
            "title": "Crypto: Defining Minimum Edit Distance", 
            "url": "xOfEYI61f3k", 
            "image": 24, 
            "time_created": "2012-11-16T13:37:39", 
            "slug": "min_edit_distance", 
            "course": 3, 
            "mode": "draft", 
            "file": "default", 
            "duration": 426, 
            "is_deleted": 0, 
            "type": "youtube", 
            "section": 9
        }
    }, 
    {
        "pk": 24, 
        "model": "c2g.video", 
        "fields": {
            "handle": "crypto--Fall2012", 
            "index": 1, 
            "live_datetime": null, 
            "last_updated": "2012-11-16T13:37:39", 
            "description": "Video on Defining Minimum Edit Distance", 
            "title": "Crypto: Defining Minimum Edit Distance", 
            "url": "xOfEYI61f3k", 
            "image": 23, 
            "time_created": "2012-11-16T13:37:39", 
            "slug": "min_edit_distance", 
            "course": 4, 
            "mode": "ready", 
            "file": "default", 
            "duration": 426, 
            "is_deleted": 0, 
            "type": "youtube", 
            "section": 10
        }
    }, 
    {
        "pk": 25, 
        "model": "c2g.video", 
        "fields": {
            "handle": "crypto--Fall2012", 
            "index": 2, 
            "live_datetime": null, 
            "last_updated": "2012-11-16T13:37:40", 
            "description": "Video on Computing Minimum Edit Distance", 
            "title": "Crypto: Computing Minimum Edit Distance", 
            "url": "Gh63CeMzav8", 
            "image": 26, 
            "time_created": "2012-11-16T13:37:40", 
            "slug": "computing_min_edit_distance", 
            "course": 3, 
            "mode": "draft", 
            "file": "default", 
            "duration": 355, 
            "is_deleted": 0, 
            "type": "youtube", 
            "section": 9
        }
    }, 
    {
        "pk": 26, 
        "model": "c2g.video", 
        "fields": {
            "handle": "crypto--Fall2012", 
            "index": 2, 
            "live_datetime": null, 
            "last_updated": "2012-11-16T13:37:40", 
            "description": "Video on Computing Minimum Edit Distance", 
            "title": "Crypto: Computing Minimum Edit Distance", 
            "url": "Gh63CeMzav8", 
            "image": 25, 
            "time_created": "2012-11-16T13:37:40", 
            "slug": "computing_min_edit_distance", 
            "course": 4, 
            "mode": "ready", 
            "file": "default", 
            "duration": 355, 
            "is_deleted": 0, 
            "type": "youtube", 
            "section": 10
        }
    }, 
    {
        "pk": 27, 
        "model": "c2g.video", 
        "fields": {
            "handle": "crypto--Fall2012", 
            "index": 0, 
            "live_datetime": null, 
            "last_updated": "2012-11-16T13:37:41", 
            "description": "Video on Introduction to N-grams", 
            "title": "Crypto: Introduction to N-grams", 
            "url": "LRq7om7vMEc", 
            "image": 28, 
            "time_created": "2012-11-16T13:37:41", 
            "slug": "ngrams", 
            "course": 3, 
            "mode": "draft", 
            "file": "default", 
            "duration": 522, 
            "is_deleted": 0, 
            "type": "youtube", 
            "section": 11
        }
    }, 
    {
        "pk": 28, 
        "model": "c2g.video", 
        "fields": {
            "handle": "crypto--Fall2012", 
            "index": 0, 
            "live_datetime": null, 
            "last_updated": "2012-11-16T13:37:41", 
            "description": "Video on Introduction to N-grams", 
            "title": "Crypto: Introduction to N-grams", 
            "url": "LRq7om7vMEc", 
            "image": 27, 
            "time_created": "2012-11-16T13:37:41", 
            "slug": "ngrams", 
            "course": 4, 
            "mode": "ready", 
            "file": "default", 
            "duration": 522, 
            "is_deleted": 0, 
            "type": "youtube", 
            "section": 12
        }
    }, 
    {
        "pk": 1, 
        "model": "c2g.problemset", 
        "fields": {
            "grace_period": "2012-10-27T00:00:00", 
            "index": 3, 
            "live_datetime": null, 
            "last_updated": "2012-11-16T13:37:29", 
            "description": "This is the first problem set. Practice some question on Regular Expressions. Remember to work your problems out on a separate piece of paper first because you only get one try on these. Miss on and you have a D!", 
            "due_date": "2012-07-20T00:00:00", 
            "title": "Problem Set 1: Regular Expressions", 
            "late_penalty": 1, 
            "image": 2, 
            "assessment_type": "formative", 
            "resubmission_penalty": 25, 
            "time_created": "2012-11-16T13:37:29", 
            "slug": "P1", 
            "submissions_permitted": 0, 
            "course": 1, 
            "mode": "draft", 
            "path": "/networking/Fall2012/problemsets/P1/load_problem_set", 
            "is_deleted": 0, 
            "partial_credit_deadline": "2012-09-27T00:00:00", 
            "randomize": false, 
            "section": 1
        }
    }, 
    {
        "pk": 2, 
        "model": "c2g.problemset", 
        "fields": {
            "grace_period": "2012-10-27T00:00:00", 
            "index": 3, 
            "live_datetime": null, 
            "last_updated": "2012-11-16T13:37:29", 
            "description": "This is the first problem set. Practice some question on Regular Expressions. Remember to work your problems out on a separate piece of paper first because you only get one try on these. Miss on and you have a D!", 
            "due_date": "2012-07-20T00:00:00", 
            "title": "Problem Set 1: Regular Expressions", 
            "late_penalty": 1, 
            "image": 1, 
            "assessment_type": "formative", 
            "resubmission_penalty": 25, 
            "time_created": "2012-11-16T13:37:29", 
            "slug": "P1", 
            "submissions_permitted": 0, 
            "course": 2, 
            "mode": "ready", 
            "path": "/networking/Fall2012/problemsets/P1/load_problem_set", 
            "is_deleted": 0, 
            "partial_credit_deadline": "2012-09-27T00:00:00", 
            "randomize": false, 
            "section": 2
        }
    }, 
    {
        "pk": 3, 
        "model": "c2g.problemset", 
        "fields": {
            "grace_period": "2012-10-27T00:00:00", 
            "index": 3, 
            "live_datetime": null, 
            "last_updated": "2012-11-16T13:37:29", 
            "description": "This problem set will test your knowledge of Joint Probability. Each question is worth one point and your final exam is worth 100 points so these questions are basically useless. But you have to do them because an incomplete assignment disallows you from passing the class. Have fun with this problem set!", 
            "due_date": "2012-07-27T00:00:00", 
            "title": "Problem Set 2: Joint Probability", 
            "late_penalty": 1, 
            "image": 4, 
            "assessment_type": "formative", 
            "resubmission_penalty": 25, 
            "time_created": "2012-11-16T13:37:29", 
            "slug": "P2", 
            "submissions_permitted": 0, 
            "course": 1, 
            "mode": "draft", 
            "path": "/networking/Fall2012/problemsets/P2/load_problem_set", 
            "is_deleted": 0, 
            "partial_credit_deadline": "2012-08-03T00:00:00", 
            "randomize": false, 
            "section": 3
        }
    }, 
    {
        "pk": 4, 
        "model": "c2g.problemset", 
        "fields": {
            "grace_period": "2012-10-27T00:00:00", 
            "index": 3, 
            "live_datetime": null, 
            "last_updated": "2012-11-16T13:37:29", 
            "description": "This problem set will test your knowledge of Joint Probability. Each question is worth one point and your final exam is worth 100 points so these questions are basically useless. But you have to do them because an incomplete assignment disallows you from passing the class. Have fun with this problem set!", 
            "due_date": "2012-07-27T00:00:00", 
            "title": "Problem Set 2: Joint Probability", 
            "late_penalty": 1, 
            "image": 3, 
            "assessment_type": "formative", 
            "resubmission_penalty": 25, 
            "time_created": "2012-11-16T13:37:29", 
            "slug": "P2", 
            "submissions_permitted": 0, 
            "course": 2, 
            "mode": "ready", 
            "path": "/networking/Fall2012/problemsets/P2/load_problem_set", 
            "is_deleted": 0, 
            "partial_credit_deadline": "2012-08-03T00:00:00", 
            "randomize": false, 
            "section": 4
        }
    }, 
    {
        "pk": 1, 
        "model": "c2g.exercise", 
        "fields": {
            "last_updated": "2012-11-16T13:37:29", 
            "handle": "networking--Fall2012", 
            "time_created": "2012-11-16T13:37:29", 
            "fileName": "xx_P1_Regexp.html", 
            "file": "networking/Fall2012/exercises/xx_P1_Regexp.html", 
            "is_deleted": 0
        }
    }, 
    {
        "pk": 2, 
        "model": "c2g.exercise", 
        "fields": {
            "last_updated": "2012-11-16T13:37:29", 
            "handle": "networking--Fall2012", 
            "time_created": "2012-11-16T13:37:29", 
            "fileName": "xx_P1_Tokenize.html", 
            "file": "networking/Fall2012/exercises/xx_P1_Tokenize.html", 
            "is_deleted": 0
        }
    }, 
    {
        "pk": 3, 
        "model": "c2g.exercise", 
        "fields": {
            "last_updated": "2012-11-16T13:37:29", 
            "handle": "networking--Fall2012", 
            "time_created": "2012-11-16T13:37:29", 
            "fileName": "xx_P2_Lexical1.html", 
            "file": "networking/Fall2012/exercises/xx_P2_Lexical1.html", 
            "is_deleted": 0
        }
    }, 
    {
        "pk": 1, 
        "model": "c2g.problemsettoexercise", 
        "fields": {
            "is_deleted": 0, 
            "problemSet": 1, 
            "image": null, 
            "number": 1, 
            "mode": "", 
            "exercise": 1
        }
    }, 
    {
        "pk": 2, 
        "model": "c2g.problemsettoexercise", 
        "fields": {
            "is_deleted": 0, 
            "problemSet": 1, 
            "image": null, 
            "number": 2, 
            "mode": "", 
            "exercise": 2
        }
    }, 
    {
        "pk": 3, 
        "model": "c2g.problemsettoexercise", 
        "fields": {
            "is_deleted": 0, 
            "problemSet": 3, 
            "image": null, 
            "number": 1, 
            "mode": "", 
            "exercise": 3
        }
    }, 
    {
        "pk": 1, 
        "model": "c2g.newsevent", 
        "fields": {
            "course": 2, 
            "event": "Assignment 1 solutions and grades released", 
            "time_created": "2012-11-16T13:37:29"
        }
    }, 
    {
        "pk": 2, 
        "model": "c2g.newsevent", 
        "fields": {
            "course": 2, 
            "event": "Assignment 2 now available", 
            "time_created": "2012-11-16T13:37:29"
        }
    }, 
    {
        "pk": 3, 
        "model": "c2g.newsevent", 
        "fields": {
            "course": 2, 
            "event": "New video available: Ngrams", 
            "time_created": "2012-11-16T13:37:29"
        }
    }, 
    {
        "pk": 4, 
        "model": "c2g.newsevent", 
        "fields": {
            "course": 4, 
            "event": "Crypto: Assignment 1 solutions and grades released", 
            "time_created": "2012-11-16T13:37:43"
        }
    }, 
    {
        "pk": 5, 
        "model": "c2g.newsevent", 
        "fields": {
            "course": 4, 
            "event": "Crypto: Assignment 2 now available", 
            "time_created": "2012-11-16T13:37:43"
        }
    }, 
    {
        "pk": 6, 
        "model": "c2g.newsevent", 
        "fields": {
            "course": 4, 
            "event": "Crypto: New video available: Ngrams", 
            "time_created": "2012-11-16T13:37:43"
        }
    }, 
    {
        "pk": 19, 
        "model": "auth.permission", 
        "fields": {
            "codename": "add_logentry", 
            "name": "Can add log entry", 
            "content_type": 7
        }
    }, 
    {
        "pk": 20, 
        "model": "auth.permission", 
        "fields": {
            "codename": "change_logentry", 
            "name": "Can change log entry", 
            "content_type": 7
        }
    }, 
    {
        "pk": 21, 
        "model": "auth.permission", 
        "fields": {
            "codename": "delete_logentry", 
            "name": "Can delete log entry", 
            "content_type": 7
        }
    }, 
    {
        "pk": 4, 
        "model": "auth.permission", 
        "fields": {
            "codename": "add_group", 
            "name": "Can add group", 
            "content_type": 2
        }
    }, 
    {
        "pk": 5, 
        "model": "auth.permission", 
        "fields": {
            "codename": "change_group", 
            "name": "Can change group", 
            "content_type": 2
        }
    }, 
    {
        "pk": 6, 
        "model": "auth.permission", 
        "fields": {
            "codename": "delete_group", 
            "name": "Can delete group", 
            "content_type": 2
        }
    }, 
    {
        "pk": 1, 
        "model": "auth.permission", 
        "fields": {
            "codename": "add_permission", 
            "name": "Can add permission", 
            "content_type": 1
        }
    }, 
    {
        "pk": 2, 
        "model": "auth.permission", 
        "fields": {
            "codename": "change_permission", 
            "name": "Can change permission", 
            "content_type": 1
        }
    }, 
    {
        "pk": 3, 
        "model": "auth.permission", 
        "fields": {
            "codename": "delete_permission", 
            "name": "Can delete permission", 
            "content_type": 1
        }
    }, 
    {
        "pk": 7, 
        "model": "auth.permission", 
        "fields": {
            "codename": "add_user", 
            "name": "Can add user", 
            "content_type": 3
        }
    }, 
    {
        "pk": 8, 
        "model": "auth.permission", 
        "fields": {
            "codename": "change_user", 
            "name": "Can change user", 
            "content_type": 3
        }
    }, 
    {
        "pk": 9, 
        "model": "auth.permission", 
        "fields": {
            "codename": "delete_user", 
            "name": "Can delete user", 
            "content_type": 3
        }
    }, 
    {
        "pk": 64, 
        "model": "auth.permission", 
        "fields": {
            "codename": "add_additionalpage", 
            "name": "Can add additional page", 
            "content_type": 22
        }
    }, 
    {
        "pk": 65, 
        "model": "auth.permission", 
        "fields": {
            "codename": "change_additionalpage", 
            "name": "Can change additional page", 
            "content_type": 22
        }
    }, 
    {
        "pk": 66, 
        "model": "auth.permission", 
        "fields": {
            "codename": "delete_additionalpage", 
            "name": "Can delete additional page", 
            "content_type": 22
        }
    }, 
    {
        "pk": 70, 
        "model": "auth.permission", 
        "fields": {
            "codename": "add_announcement", 
            "name": "Can add announcement", 
            "content_type": 24
        }
    }, 
    {
        "pk": 71, 
        "model": "auth.permission", 
        "fields": {
            "codename": "change_announcement", 
            "name": "Can change announcement", 
            "content_type": 24
        }
    }, 
    {
        "pk": 72, 
        "model": "auth.permission", 
        "fields": {
            "codename": "delete_announcement", 
            "name": "Can delete announcement", 
            "content_type": 24
        }
    }, 
    {
        "pk": 61, 
        "model": "auth.permission", 
        "fields": {
            "codename": "add_contentsection", 
            "name": "Can add content section", 
            "content_type": 21
        }
    }, 
    {
        "pk": 62, 
        "model": "auth.permission", 
        "fields": {
            "codename": "change_contentsection", 
            "name": "Can change content section", 
            "content_type": 21
        }
    }, 
    {
        "pk": 63, 
        "model": "auth.permission", 
        "fields": {
            "codename": "delete_contentsection", 
            "name": "Can delete content section", 
            "content_type": 21
        }
    }, 
    {
        "pk": 58, 
        "model": "auth.permission", 
        "fields": {
            "codename": "add_course", 
            "name": "Can add course", 
            "content_type": 20
        }
    }, 
    {
        "pk": 59, 
        "model": "auth.permission", 
        "fields": {
            "codename": "change_course", 
            "name": "Can change course", 
            "content_type": 20
        }
    }, 
    {
        "pk": 60, 
        "model": "auth.permission", 
        "fields": {
            "codename": "delete_course", 
            "name": "Can delete course", 
            "content_type": 20
        }
    }, 
    {
        "pk": 109, 
        "model": "auth.permission", 
        "fields": {
            "codename": "add_courseemail", 
            "name": "Can add course email", 
            "content_type": 37
        }
    }, 
    {
        "pk": 110, 
        "model": "auth.permission", 
        "fields": {
            "codename": "change_courseemail", 
            "name": "Can change course email", 
            "content_type": 37
        }
    }, 
    {
        "pk": 111, 
        "model": "auth.permission", 
        "fields": {
            "codename": "delete_courseemail", 
            "name": "Can delete course email", 
            "content_type": 37
        }
    }, 
    {
        "pk": 112, 
        "model": "auth.permission", 
        "fields": {
            "codename": "add_emailaddr", 
            "name": "Can add email addr", 
            "content_type": 38
        }
    }, 
    {
        "pk": 113, 
        "model": "auth.permission", 
        "fields": {
            "codename": "change_emailaddr", 
            "name": "Can change email addr", 
            "content_type": 38
        }
    }, 
    {
        "pk": 114, 
        "model": "auth.permission", 
        "fields": {
            "codename": "delete_emailaddr", 
            "name": "Can delete email addr", 
            "content_type": 38
        }
    }, 
    {
        "pk": 124, 
        "model": "auth.permission", 
        "fields": {
            "codename": "add_exam", 
            "name": "Can add exam", 
            "content_type": 42
        }
    }, 
    {
        "pk": 125, 
        "model": "auth.permission", 
        "fields": {
            "codename": "change_exam", 
            "name": "Can change exam", 
            "content_type": 42
        }
    }, 
    {
        "pk": 126, 
        "model": "auth.permission", 
        "fields": {
            "codename": "delete_exam", 
            "name": "Can delete exam", 
            "content_type": 42
        }
    }, 
    {
        "pk": 127, 
        "model": "auth.permission", 
        "fields": {
            "codename": "add_examrecord", 
            "name": "Can add exam record", 
            "content_type": 43
        }
    }, 
    {
        "pk": 128, 
        "model": "auth.permission", 
        "fields": {
            "codename": "change_examrecord", 
            "name": "Can change exam record", 
            "content_type": 43
        }
    }, 
    {
        "pk": 129, 
        "model": "auth.permission", 
        "fields": {
            "codename": "delete_examrecord", 
            "name": "Can delete exam record", 
            "content_type": 43
        }
    }, 
    {
        "pk": 130, 
        "model": "auth.permission", 
        "fields": {
            "codename": "add_examscore", 
            "name": "Can add exam score", 
            "content_type": 44
        }
    }, 
    {
        "pk": 131, 
        "model": "auth.permission", 
        "fields": {
            "codename": "change_examscore", 
            "name": "Can change exam score", 
            "content_type": 44
        }
    }, 
    {
        "pk": 132, 
        "model": "auth.permission", 
        "fields": {
            "codename": "delete_examscore", 
            "name": "Can delete exam score", 
            "content_type": 44
        }
    }, 
    {
        "pk": 133, 
        "model": "auth.permission", 
        "fields": {
            "codename": "add_examscorefield", 
            "name": "Can add exam score field", 
            "content_type": 45
        }
    }, 
    {
        "pk": 134, 
        "model": "auth.permission", 
        "fields": {
            "codename": "change_examscorefield", 
            "name": "Can change exam score field", 
            "content_type": 45
        }
    }, 
    {
        "pk": 135, 
        "model": "auth.permission", 
        "fields": {
            "codename": "delete_examscorefield", 
            "name": "Can delete exam score field", 
            "content_type": 45
        }
    }, 
    {
        "pk": 94, 
        "model": "auth.permission", 
        "fields": {
            "codename": "add_exercise", 
            "name": "Can add exercise", 
            "content_type": 32
        }
    }, 
    {
        "pk": 95, 
        "model": "auth.permission", 
        "fields": {
            "codename": "change_exercise", 
            "name": "Can change exercise", 
            "content_type": 32
        }
    }, 
    {
        "pk": 96, 
        "model": "auth.permission", 
        "fields": {
            "codename": "delete_exercise", 
            "name": "Can delete exercise", 
            "content_type": 32
        }
    }, 
    {
        "pk": 67, 
        "model": "auth.permission", 
        "fields": {
            "codename": "add_file", 
            "name": "Can add file", 
            "content_type": 23
        }
    }, 
    {
        "pk": 68, 
        "model": "auth.permission", 
        "fields": {
            "codename": "change_file", 
            "name": "Can change file", 
            "content_type": 23
        }
    }, 
    {
        "pk": 69, 
        "model": "auth.permission", 
        "fields": {
            "codename": "delete_file", 
            "name": "Can delete file", 
            "content_type": 23
        }
    }, 
    {
        "pk": 55, 
        "model": "auth.permission", 
        "fields": {
            "codename": "add_institution", 
            "name": "Can add institution", 
            "content_type": 19
        }
    }, 
    {
        "pk": 56, 
        "model": "auth.permission", 
        "fields": {
            "codename": "change_institution", 
            "name": "Can change institution", 
            "content_type": 19
        }
    }, 
    {
        "pk": 57, 
        "model": "auth.permission", 
        "fields": {
            "codename": "delete_institution", 
            "name": "Can delete institution", 
            "content_type": 19
        }
    }, 
    {
        "pk": 118, 
        "model": "auth.permission", 
        "fields": {
            "codename": "add_listemail", 
            "name": "Can add list email", 
            "content_type": 40
        }
    }, 
    {
        "pk": 119, 
        "model": "auth.permission", 
        "fields": {
            "codename": "change_listemail", 
            "name": "Can change list email", 
            "content_type": 40
        }
    }, 
    {
        "pk": 120, 
        "model": "auth.permission", 
        "fields": {
            "codename": "delete_listemail", 
            "name": "Can delete list email", 
            "content_type": 40
        }
    }, 
    {
        "pk": 115, 
        "model": "auth.permission", 
        "fields": {
            "codename": "add_mailinglist", 
            "name": "Can add mailing list", 
            "content_type": 39
        }
    }, 
    {
        "pk": 116, 
        "model": "auth.permission", 
        "fields": {
            "codename": "change_mailinglist", 
            "name": "Can change mailing list", 
            "content_type": 39
        }
    }, 
    {
        "pk": 117, 
        "model": "auth.permission", 
        "fields": {
            "codename": "delete_mailinglist", 
            "name": "Can delete mailing list", 
            "content_type": 39
        }
    }, 
    {
        "pk": 106, 
        "model": "auth.permission", 
        "fields": {
            "codename": "add_newsevent", 
            "name": "Can add news event", 
            "content_type": 36
        }
    }, 
    {
        "pk": 107, 
        "model": "auth.permission", 
        "fields": {
            "codename": "change_newsevent", 
            "name": "Can change news event", 
            "content_type": 36
        }
    }, 
    {
        "pk": 108, 
        "model": "auth.permission", 
        "fields": {
            "codename": "delete_newsevent", 
            "name": "Can delete news event", 
            "content_type": 36
        }
    }, 
    {
        "pk": 121, 
        "model": "auth.permission", 
        "fields": {
            "codename": "add_pagevisitlog", 
            "name": "Can add page visit log", 
            "content_type": 41
        }
    }, 
    {
        "pk": 122, 
        "model": "auth.permission", 
        "fields": {
            "codename": "change_pagevisitlog", 
            "name": "Can change page visit log", 
            "content_type": 41
        }
    }, 
    {
        "pk": 123, 
        "model": "auth.permission", 
        "fields": {
            "codename": "delete_pagevisitlog", 
            "name": "Can delete page visit log", 
            "content_type": 41
        }
    }, 
    {
        "pk": 103, 
        "model": "auth.permission", 
        "fields": {
            "codename": "add_problemactivity", 
            "name": "Can add problem activity", 
            "content_type": 35
        }
    }, 
    {
        "pk": 104, 
        "model": "auth.permission", 
        "fields": {
            "codename": "change_problemactivity", 
            "name": "Can change problem activity", 
            "content_type": 35
        }
    }, 
    {
        "pk": 105, 
        "model": "auth.permission", 
        "fields": {
            "codename": "delete_problemactivity", 
            "name": "Can delete problem activity", 
            "content_type": 35
        }
    }, 
    {
        "pk": 91, 
        "model": "auth.permission", 
        "fields": {
            "codename": "add_problemset", 
            "name": "Can add problem set", 
            "content_type": 31
        }
    }, 
    {
        "pk": 92, 
        "model": "auth.permission", 
        "fields": {
            "codename": "change_problemset", 
            "name": "Can change problem set", 
            "content_type": 31
        }
    }, 
    {
        "pk": 93, 
        "model": "auth.permission", 
        "fields": {
            "codename": "delete_problemset", 
            "name": "Can delete problem set", 
            "content_type": 31
        }
    }, 
    {
        "pk": 97, 
        "model": "auth.permission", 
        "fields": {
            "codename": "add_problemsettoexercise", 
            "name": "Can add problem set to exercise", 
            "content_type": 33
        }
    }, 
    {
        "pk": 98, 
        "model": "auth.permission", 
        "fields": {
            "codename": "change_problemsettoexercise", 
            "name": "Can change problem set to exercise", 
            "content_type": 33
        }
    }, 
    {
        "pk": 99, 
        "model": "auth.permission", 
        "fields": {
            "codename": "delete_problemsettoexercise", 
            "name": "Can delete problem set to exercise", 
            "content_type": 33
        }
    }, 
    {
        "pk": 73, 
        "model": "auth.permission", 
        "fields": {
            "codename": "add_studentsection", 
            "name": "Can add student section", 
            "content_type": 25
        }
    }, 
    {
        "pk": 74, 
        "model": "auth.permission", 
        "fields": {
            "codename": "change_studentsection", 
            "name": "Can change student section", 
            "content_type": 25
        }
    }, 
    {
        "pk": 75, 
        "model": "auth.permission", 
        "fields": {
            "codename": "delete_studentsection", 
            "name": "Can delete student section", 
            "content_type": 25
        }
    }, 
    {
        "pk": 76, 
        "model": "auth.permission", 
        "fields": {
            "codename": "add_userprofile", 
            "name": "Can add user profile", 
            "content_type": 26
        }
    }, 
    {
        "pk": 77, 
        "model": "auth.permission", 
        "fields": {
            "codename": "change_userprofile", 
            "name": "Can change user profile", 
            "content_type": 26
        }
    }, 
    {
        "pk": 78, 
        "model": "auth.permission", 
        "fields": {
            "codename": "delete_userprofile", 
            "name": "Can delete user profile", 
            "content_type": 26
        }
    }, 
    {
        "pk": 79, 
        "model": "auth.permission", 
        "fields": {
            "codename": "add_video", 
            "name": "Can add video", 
            "content_type": 27
        }
    }, 
    {
        "pk": 80, 
        "model": "auth.permission", 
        "fields": {
            "codename": "change_video", 
            "name": "Can change video", 
            "content_type": 27
        }
    }, 
    {
        "pk": 81, 
        "model": "auth.permission", 
        "fields": {
            "codename": "delete_video", 
            "name": "Can delete video", 
            "content_type": 27
        }
    }, 
    {
        "pk": 85, 
        "model": "auth.permission", 
        "fields": {
            "codename": "add_videoactivity", 
            "name": "Can add video activity", 
            "content_type": 29
        }
    }, 
    {
        "pk": 86, 
        "model": "auth.permission", 
        "fields": {
            "codename": "change_videoactivity", 
            "name": "Can change video activity", 
            "content_type": 29
        }
    }, 
    {
        "pk": 87, 
        "model": "auth.permission", 
        "fields": {
            "codename": "delete_videoactivity", 
            "name": "Can delete video activity", 
            "content_type": 29
        }
    }, 
    {
        "pk": 88, 
        "model": "auth.permission", 
        "fields": {
            "codename": "add_videodownload", 
            "name": "Can add video download", 
            "content_type": 30
        }
    }, 
    {
        "pk": 89, 
        "model": "auth.permission", 
        "fields": {
            "codename": "change_videodownload", 
            "name": "Can change video download", 
            "content_type": 30
        }
    }, 
    {
        "pk": 90, 
        "model": "auth.permission", 
        "fields": {
            "codename": "delete_videodownload", 
            "name": "Can delete video download", 
            "content_type": 30
        }
    }, 
    {
        "pk": 100, 
        "model": "auth.permission", 
        "fields": {
            "codename": "add_videotoexercise", 
            "name": "Can add video to exercise", 
            "content_type": 34
        }
    }, 
    {
        "pk": 101, 
        "model": "auth.permission", 
        "fields": {
            "codename": "change_videotoexercise", 
            "name": "Can change video to exercise", 
            "content_type": 34
        }
    }, 
    {
        "pk": 102, 
        "model": "auth.permission", 
        "fields": {
            "codename": "delete_videotoexercise", 
            "name": "Can delete video to exercise", 
            "content_type": 34
        }
    }, 
    {
        "pk": 82, 
        "model": "auth.permission", 
        "fields": {
            "codename": "add_videoviewtraces", 
            "name": "Can add video view traces", 
            "content_type": 28
        }
    }, 
    {
        "pk": 83, 
        "model": "auth.permission", 
        "fields": {
            "codename": "change_videoviewtraces", 
            "name": "Can change video view traces", 
            "content_type": 28
        }
    }, 
    {
        "pk": 84, 
        "model": "auth.permission", 
        "fields": {
            "codename": "delete_videoviewtraces", 
            "name": "Can delete video view traces", 
            "content_type": 28
        }
    }, 
    {
        "pk": 10, 
        "model": "auth.permission", 
        "fields": {
            "codename": "add_contenttype", 
            "name": "Can add content type", 
            "content_type": 4
        }
    }, 
    {
        "pk": 11, 
        "model": "auth.permission", 
        "fields": {
            "codename": "change_contenttype", 
            "name": "Can change content type", 
            "content_type": 4
        }
    }, 
    {
        "pk": 12, 
        "model": "auth.permission", 
        "fields": {
            "codename": "delete_contenttype", 
            "name": "Can delete content type", 
            "content_type": 4
        }
    }, 
    {
        "pk": 40, 
        "model": "auth.permission", 
        "fields": {
            "codename": "add_crontabschedule", 
            "name": "Can add crontab", 
            "content_type": 14
        }
    }, 
    {
        "pk": 41, 
        "model": "auth.permission", 
        "fields": {
            "codename": "change_crontabschedule", 
            "name": "Can change crontab", 
            "content_type": 14
        }
    }, 
    {
        "pk": 42, 
        "model": "auth.permission", 
        "fields": {
            "codename": "delete_crontabschedule", 
            "name": "Can delete crontab", 
            "content_type": 14
        }
    }, 
    {
        "pk": 37, 
        "model": "auth.permission", 
        "fields": {
            "codename": "add_intervalschedule", 
            "name": "Can add interval", 
            "content_type": 13
        }
    }, 
    {
        "pk": 38, 
        "model": "auth.permission", 
        "fields": {
            "codename": "change_intervalschedule", 
            "name": "Can change interval", 
            "content_type": 13
        }
    }, 
    {
        "pk": 39, 
        "model": "auth.permission", 
        "fields": {
            "codename": "delete_intervalschedule", 
            "name": "Can delete interval", 
            "content_type": 13
        }
    }, 
    {
        "pk": 46, 
        "model": "auth.permission", 
        "fields": {
            "codename": "add_periodictask", 
            "name": "Can add periodic task", 
            "content_type": 16
        }
    }, 
    {
        "pk": 47, 
        "model": "auth.permission", 
        "fields": {
            "codename": "change_periodictask", 
            "name": "Can change periodic task", 
            "content_type": 16
        }
    }, 
    {
        "pk": 48, 
        "model": "auth.permission", 
        "fields": {
            "codename": "delete_periodictask", 
            "name": "Can delete periodic task", 
            "content_type": 16
        }
    }, 
    {
        "pk": 43, 
        "model": "auth.permission", 
        "fields": {
            "codename": "add_periodictasks", 
            "name": "Can add periodic tasks", 
            "content_type": 15
        }
    }, 
    {
        "pk": 44, 
        "model": "auth.permission", 
        "fields": {
            "codename": "change_periodictasks", 
            "name": "Can change periodic tasks", 
            "content_type": 15
        }
    }, 
    {
        "pk": 45, 
        "model": "auth.permission", 
        "fields": {
            "codename": "delete_periodictasks", 
            "name": "Can delete periodic tasks", 
            "content_type": 15
        }
    }, 
    {
        "pk": 31, 
        "model": "auth.permission", 
        "fields": {
            "codename": "add_taskmeta", 
            "name": "Can add task state", 
            "content_type": 11
        }
    }, 
    {
        "pk": 32, 
        "model": "auth.permission", 
        "fields": {
            "codename": "change_taskmeta", 
            "name": "Can change task state", 
            "content_type": 11
        }
    }, 
    {
        "pk": 33, 
        "model": "auth.permission", 
        "fields": {
            "codename": "delete_taskmeta", 
            "name": "Can delete task state", 
            "content_type": 11
        }
    }, 
    {
        "pk": 34, 
        "model": "auth.permission", 
        "fields": {
            "codename": "add_tasksetmeta", 
            "name": "Can add saved group result", 
            "content_type": 12
        }
    }, 
    {
        "pk": 35, 
        "model": "auth.permission", 
        "fields": {
            "codename": "change_tasksetmeta", 
            "name": "Can change saved group result", 
            "content_type": 12
        }
    }, 
    {
        "pk": 36, 
        "model": "auth.permission", 
        "fields": {
            "codename": "delete_tasksetmeta", 
            "name": "Can delete saved group result", 
            "content_type": 12
        }
    }, 
    {
        "pk": 52, 
        "model": "auth.permission", 
        "fields": {
            "codename": "add_taskstate", 
            "name": "Can add task", 
            "content_type": 18
        }
    }, 
    {
        "pk": 53, 
        "model": "auth.permission", 
        "fields": {
            "codename": "change_taskstate", 
            "name": "Can change task", 
            "content_type": 18
        }
    }, 
    {
        "pk": 54, 
        "model": "auth.permission", 
        "fields": {
            "codename": "delete_taskstate", 
            "name": "Can delete task", 
            "content_type": 18
        }
    }, 
    {
        "pk": 49, 
        "model": "auth.permission", 
        "fields": {
            "codename": "add_workerstate", 
            "name": "Can add worker", 
            "content_type": 17
        }
    }, 
    {
        "pk": 50, 
        "model": "auth.permission", 
        "fields": {
            "codename": "change_workerstate", 
            "name": "Can change worker", 
            "content_type": 17
        }
    }, 
    {
        "pk": 51, 
        "model": "auth.permission", 
        "fields": {
            "codename": "delete_workerstate", 
            "name": "Can delete worker", 
            "content_type": 17
        }
    }, 
    {
        "pk": 28, 
        "model": "auth.permission", 
        "fields": {
            "codename": "add_flatpage", 
            "name": "Can add flat page", 
            "content_type": 10
        }
    }, 
    {
        "pk": 29, 
        "model": "auth.permission", 
        "fields": {
            "codename": "change_flatpage", 
            "name": "Can change flat page", 
            "content_type": 10
        }
    }, 
    {
        "pk": 30, 
        "model": "auth.permission", 
        "fields": {
            "codename": "delete_flatpage", 
            "name": "Can delete flat page", 
            "content_type": 10
        }
    }, 
    {
        "pk": 22, 
        "model": "auth.permission", 
        "fields": {
            "codename": "add_registrationprofile", 
            "name": "Can add registration profile", 
            "content_type": 8
        }
    }, 
    {
        "pk": 23, 
        "model": "auth.permission", 
        "fields": {
            "codename": "change_registrationprofile", 
            "name": "Can change registration profile", 
            "content_type": 8
        }
    }, 
    {
        "pk": 24, 
        "model": "auth.permission", 
        "fields": {
            "codename": "delete_registrationprofile", 
            "name": "Can delete registration profile", 
            "content_type": 8
        }
    }, 
    {
        "pk": 13, 
        "model": "auth.permission", 
        "fields": {
            "codename": "add_session", 
            "name": "Can add session", 
            "content_type": 5
        }
    }, 
    {
        "pk": 14, 
        "model": "auth.permission", 
        "fields": {
            "codename": "change_session", 
            "name": "Can change session", 
            "content_type": 5
        }
    }, 
    {
        "pk": 15, 
        "model": "auth.permission", 
        "fields": {
            "codename": "delete_session", 
            "name": "Can delete session", 
            "content_type": 5
        }
    }, 
    {
        "pk": 16, 
        "model": "auth.permission", 
        "fields": {
            "codename": "add_site", 
            "name": "Can add site", 
            "content_type": 6
        }
    }, 
    {
        "pk": 17, 
        "model": "auth.permission", 
        "fields": {
            "codename": "change_site", 
            "name": "Can change site", 
            "content_type": 6
        }
    }, 
    {
        "pk": 18, 
        "model": "auth.permission", 
        "fields": {
            "codename": "delete_site", 
            "name": "Can delete site", 
            "content_type": 6
        }
    }, 
    {
        "pk": 25, 
        "model": "auth.permission", 
        "fields": {
            "codename": "add_migrationhistory", 
            "name": "Can add migration history", 
            "content_type": 9
        }
    }, 
    {
        "pk": 26, 
        "model": "auth.permission", 
        "fields": {
            "codename": "change_migrationhistory", 
            "name": "Can change migration history", 
            "content_type": 9
        }
    }, 
    {
        "pk": 27, 
        "model": "auth.permission", 
        "fields": {
            "codename": "delete_migrationhistory", 
            "name": "Can delete migration history", 
            "content_type": 9
        }
    }, 
    {
        "pk": 6, 
        "model": "auth.group", 
        "fields": {
            "name": "Instructor Group for class2go course crypto--Fall2012 9696671", 
            "permissions": []
        }
    }, 
    {
        "pk": 2, 
        "model": "auth.group", 
        "fields": {
            "name": "Instructor Group for class2go course networking--Fall2012 29482429", 
            "permissions": []
        }
    }, 
    {
        "pk": 8, 
        "model": "auth.group", 
        "fields": {
            "name": "Readonly TAS Group for class2go course crypto--Fall2012 9696671", 
            "permissions": []
        }
    }, 
    {
        "pk": 4, 
        "model": "auth.group", 
        "fields": {
            "name": "Readonly TAS Group for class2go course networking--Fall2012 29482429", 
            "permissions": []
        }
    }, 
    {
        "pk": 5, 
        "model": "auth.group", 
        "fields": {
            "name": "Student Group for class2go course crypto--Fall2012 9696671", 
            "permissions": []
        }
    }, 
    {
        "pk": 1, 
        "model": "auth.group", 
        "fields": {
            "name": "Student Group for class2go course networking--Fall2012 29482429", 
            "permissions": []
        }
    }, 
    {
        "pk": 7, 
        "model": "auth.group", 
        "fields": {
            "name": "TAS Group for class2go course crypto--Fall2012 9696671", 
            "permissions": []
        }
    }, 
    {
        "pk": 3, 
        "model": "auth.group", 
        "fields": {
            "name": "TAS Group for class2go course networking--Fall2012 29482429", 
            "permissions": []
        }
    }, 
    {
        "pk": 1, 
        "model": "auth.user", 
        "fields": {
            "username": "professor_0", 
            "first_name": "Tess", 
            "last_name": "Teacher", 
            "is_active": true, 
            "is_superuser": false, 
            "is_staff": true, 
            "last_login": "2012-11-16T13:37:02", 
            "groups": [
                2
            ], 
            "user_permissions": [], 
            "password": "pbkdf2_sha256$10000$lQJzZQZ4J7Dm$N8Z417firmZcnM1EKdu4jjY2jwMAUxR3qSwbPnvcESk=", 
            "email": "professor_0@stanford.edu", 
            "date_joined": "2012-11-16T13:37:02"
        }
    }, 
    {
        "pk": 2, 
        "model": "auth.user", 
        "fields": {
            "username": "professor_1", 
            "first_name": "Tess", 
            "last_name": "Teacher", 
            "is_active": true, 
            "is_superuser": false, 
            "is_staff": true, 
            "last_login": "2012-11-16T13:37:02", 
            "groups": [
                2
            ], 
            "user_permissions": [], 
            "password": "pbkdf2_sha256$10000$XT9H0mDDelOs$zbQaU1B3+jpQdVRO9KGyH0u99y0E1Q+tw7QN5pRDXpY=", 
            "email": "professor_1@stanford.edu", 
            "date_joined": "2012-11-16T13:37:02"
        }
    }, 
    {
        "pk": 3, 
        "model": "auth.user", 
        "fields": {
            "username": "professor_2", 
            "first_name": "Tess", 
            "last_name": "Teacher", 
            "is_active": true, 
            "is_superuser": false, 
            "is_staff": true, 
            "last_login": "2012-11-16T13:37:03", 
            "groups": [
                2
            ], 
            "user_permissions": [], 
            "password": "pbkdf2_sha256$10000$OrOyksmHD5WQ$qsDsg7OkfyE7+AmXRlEprGsun+aMC+envfZUEnBld4k=", 
            "email": "professor_2@stanford.edu", 
            "date_joined": "2012-11-16T13:37:03"
        }
    }, 
    {
        "pk": 4, 
        "model": "auth.user", 
        "fields": {
            "username": "professor_3", 
            "first_name": "Tess", 
            "last_name": "Teacher", 
            "is_active": true, 
            "is_superuser": false, 
            "is_staff": true, 
            "last_login": "2012-11-16T13:37:03", 
            "groups": [], 
            "user_permissions": [], 
            "password": "pbkdf2_sha256$10000$dx48U19Ne4Uj$fO+tHr0q+vDZK5wgGCFpH1N9HpowbMKWSlS6UYTDvR4=", 
            "email": "professor_3@stanford.edu", 
            "date_joined": "2012-11-16T13:37:03"
        }
    }, 
    {
        "pk": 5, 
        "model": "auth.user", 
        "fields": {
            "username": "ta_0", 
            "first_name": "Alan", 
            "last_name": "Assistant", 
            "is_active": true, 
            "is_superuser": false, 
            "is_staff": false, 
            "last_login": "2012-11-16T13:37:03", 
            "groups": [
                3
            ], 
            "user_permissions": [], 
            "password": "pbkdf2_sha256$10000$xR6X0d9Kjgjo$w/JFJsDHVumGk2qMBa95FiFD6tQS5KhBeIeJJXWUFjY=", 
            "email": "ta_0@stanford.edu", 
            "date_joined": "2012-11-16T13:37:03"
        }
    }, 
    {
        "pk": 6, 
        "model": "auth.user", 
        "fields": {
            "username": "ta_1", 
            "first_name": "Alan", 
            "last_name": "Assistant", 
            "is_active": true, 
            "is_superuser": false, 
            "is_staff": false, 
            "last_login": "2012-11-16T13:37:03", 
            "groups": [
                3
            ], 
            "user_permissions": [], 
            "password": "pbkdf2_sha256$10000$hAMnRBe91RpH$mGOinPVud8xHRjuNIE+tx817F4P4TLQHwiDcHQWP8a4=", 
            "email": "ta_1@stanford.edu", 
            "date_joined": "2012-11-16T13:37:03"
        }
    }, 
    {
        "pk": 7, 
        "model": "auth.user", 
        "fields": {
            "username": "ta_2", 
            "first_name": "Alan", 
            "last_name": "Assistant", 
            "is_active": true, 
            "is_superuser": false, 
            "is_staff": false, 
            "last_login": "2012-11-16T13:37:04", 
            "groups": [
                3
            ], 
            "user_permissions": [], 
            "password": "pbkdf2_sha256$10000$Pyw3BK5PeIa9$HS6CCWt3zSLQIeL3Bx7uwpozFd0g7AdC+L43M1kvVwQ=", 
            "email": "ta_2@stanford.edu", 
            "date_joined": "2012-11-16T13:37:04"
        }
    }, 
    {
        "pk": 8, 
        "model": "auth.user", 
        "fields": {
            "username": "ta_3", 
            "first_name": "Alan", 
            "last_name": "Assistant", 
            "is_active": true, 
            "is_superuser": false, 
            "is_staff": false, 
            "last_login": "2012-11-16T13:37:04", 
            "groups": [], 
            "user_permissions": [], 
            "password": "pbkdf2_sha256$10000$M5x4VZYESRAg$tj6DhukWzrxyRIlCY9k8V3MNCHNTpUYuvxx/xSrzMxA=", 
            "email": "ta_3@stanford.edu", 
            "date_joined": "2012-11-16T13:37:04"
        }
    }, 
    {
        "pk": 9, 
        "model": "auth.user", 
        "fields": {
            "username": "readonly_ta_0", 
            "first_name": "Roger", 
            "last_name": "Readonly", 
            "is_active": true, 
            "is_superuser": false, 
            "is_staff": false, 
            "last_login": "2012-11-16T13:37:04", 
            "groups": [
                4
            ], 
            "user_permissions": [], 
            "password": "pbkdf2_sha256$10000$7yPxEur7bU9d$aV9ub5U+DnvYlOtzU57TP0XkbAb9MwfjHIh7bnkugfw=", 
            "email": "readonly_ta_0@stanford.edu", 
            "date_joined": "2012-11-16T13:37:04"
        }
    }, 
    {
        "pk": 10, 
        "model": "auth.user", 
        "fields": {
            "username": "readonly_ta_1", 
            "first_name": "Roger", 
            "last_name": "Readonly", 
            "is_active": true, 
            "is_superuser": false, 
            "is_staff": false, 
            "last_login": "2012-11-16T13:37:04", 
            "groups": [
                4
            ], 
            "user_permissions": [], 
            "password": "pbkdf2_sha256$10000$9Nsl1tskiItD$hncTWnulKh9DO2SF9RVDJ34X2Kaf1m+hc1wD5QyQB4Y=", 
            "email": "readonly_ta_1@stanford.edu", 
            "date_joined": "2012-11-16T13:37:04"
        }
    }, 
    {
        "pk": 11, 
        "model": "auth.user", 
        "fields": {
            "username": "readonly_ta_2", 
            "first_name": "Roger", 
            "last_name": "Readonly", 
            "is_active": true, 
            "is_superuser": false, 
            "is_staff": false, 
            "last_login": "2012-11-16T13:37:05", 
            "groups": [
                4
            ], 
            "user_permissions": [], 
            "password": "pbkdf2_sha256$10000$2Desdq4W0loX$ykbUU3GQpQUTWASlWTMUYaw+X+eqpoKRhRxBCVcMXNE=", 
            "email": "readonly_ta_2@stanford.edu", 
            "date_joined": "2012-11-16T13:37:05"
        }
    }, 
    {
        "pk": 12, 
        "model": "auth.user", 
        "fields": {
            "username": "readonly_ta_3", 
            "first_name": "Roger", 
            "last_name": "Readonly", 
            "is_active": true, 
            "is_superuser": false, 
            "is_staff": false, 
            "last_login": "2012-11-16T13:37:05", 
            "groups": [], 
            "user_permissions": [], 
            "password": "pbkdf2_sha256$10000$t5yuBZEzhn7I$Ov5gS+OY3QdGfXgcKgytpfIGjb/nwZtURAl8oaI1ZGQ=", 
            "email": "readonly_ta_3@stanford.edu", 
            "date_joined": "2012-11-16T13:37:05"
        }
    }, 
    {
        "pk": 13, 
        "model": "auth.user", 
        "fields": {
            "username": "student_0", 
            "first_name": "Sarah", 
            "last_name": "Student", 
            "is_active": true, 
            "is_superuser": false, 
            "is_staff": false, 
            "last_login": "2012-11-16T13:37:05", 
            "groups": [
                1
            ], 
            "user_permissions": [], 
            "password": "pbkdf2_sha256$10000$GaJWOV0lFlpD$6ySRUpc8RhADNEQDf2S4kjrnktkXB5UbItFemgo/0ik=", 
            "email": "student_0@stanford.edu", 
            "date_joined": "2012-11-16T13:37:05"
        }
    }, 
    {
        "pk": 14, 
        "model": "auth.user", 
        "fields": {
            "username": "student_1", 
            "first_name": "Sarah", 
            "last_name": "Student", 
            "is_active": true, 
            "is_superuser": false, 
            "is_staff": false, 
            "last_login": "2012-11-16T13:37:05", 
            "groups": [
                1
            ], 
            "user_permissions": [], 
            "password": "pbkdf2_sha256$10000$gXm5CpXxoul4$wTjyukKLtpFoPPCKfCfO8bL9OUJ9ihLbA9dvM7xEq4A=", 
            "email": "student_1@stanford.edu", 
            "date_joined": "2012-11-16T13:37:05"
        }
    }, 
    {
        "pk": 15, 
        "model": "auth.user", 
        "fields": {
            "username": "student_2", 
            "first_name": "Sarah", 
            "last_name": "Student", 
            "is_active": true, 
            "is_superuser": false, 
            "is_staff": false, 
            "last_login": "2012-11-16T13:37:05", 
            "groups": [
                1
            ], 
            "user_permissions": [], 
            "password": "pbkdf2_sha256$10000$Dz7lsla9PFcW$YQdPiLfoaWSOZxJRc2OmOEzm/gmCpbBvcXJ3uf/zfoc=", 
            "email": "student_2@stanford.edu", 
            "date_joined": "2012-11-16T13:37:05"
        }
    }, 
    {
        "pk": 16, 
        "model": "auth.user", 
        "fields": {
            "username": "student_3", 
            "first_name": "Sarah", 
            "last_name": "Student", 
            "is_active": true, 
            "is_superuser": false, 
            "is_staff": false, 
            "last_login": "2012-11-16T13:37:06", 
            "groups": [
                1
            ], 
            "user_permissions": [], 
            "password": "pbkdf2_sha256$10000$OwmE7ZJc0nqw$3ib3rMtoTdkosePvC+DcMSzAMp9n7uIihE74eoe7muk=", 
            "email": "student_3@stanford.edu", 
            "date_joined": "2012-11-16T13:37:06"
        }
    }, 
    {
        "pk": 17, 
        "model": "auth.user", 
        "fields": {
            "username": "student_4", 
            "first_name": "Sarah", 
            "last_name": "Student", 
            "is_active": true, 
            "is_superuser": false, 
            "is_staff": false, 
            "last_login": "2012-11-16T13:37:06", 
            "groups": [
                1
            ], 
            "user_permissions": [], 
            "password": "pbkdf2_sha256$10000$2IO1WEZvdYT0$Kxx5s0Sq9AQuOawVYBIXY/eBiIoUySJeZMKmlWW3Lqg=", 
            "email": "student_4@stanford.edu", 
            "date_joined": "2012-11-16T13:37:06"
        }
    }, 
    {
        "pk": 18, 
        "model": "auth.user", 
        "fields": {
            "username": "student_5", 
            "first_name": "Sarah", 
            "last_name": "Student", 
            "is_active": true, 
            "is_superuser": false, 
            "is_staff": false, 
            "last_login": "2012-11-16T13:37:07", 
            "groups": [
                1
            ], 
            "user_permissions": [], 
            "password": "pbkdf2_sha256$10000$zPwQUG2D6RqV$DlNSGHa5jLaL8cTXt5N15GW9kGjY99fDLo77o32aXRg=", 
            "email": "student_5@stanford.edu", 
            "date_joined": "2012-11-16T13:37:07"
        }
    }, 
    {
        "pk": 19, 
        "model": "auth.user", 
        "fields": {
            "username": "student_6", 
            "first_name": "Sarah", 
            "last_name": "Student", 
            "is_active": true, 
            "is_superuser": false, 
            "is_staff": false, 
            "last_login": "2012-11-16T13:37:07", 
            "groups": [
                1
            ], 
            "user_permissions": [], 
            "password": "pbkdf2_sha256$10000$UNL71PXWVGIl$oxgEIg7+M1+hP7B6mCwnM4Kp6fCgie0TgJR7dop68is=", 
            "email": "student_6@stanford.edu", 
            "date_joined": "2012-11-16T13:37:07"
        }
    }, 
    {
        "pk": 20, 
        "model": "auth.user", 
        "fields": {
            "username": "student_7", 
            "first_name": "Sarah", 
            "last_name": "Student", 
            "is_active": true, 
            "is_superuser": false, 
            "is_staff": false, 
            "last_login": "2012-11-16T13:37:07", 
            "groups": [
                1
            ], 
            "user_permissions": [], 
            "password": "pbkdf2_sha256$10000$QSOShWMSjLl1$XpERqu3trJI078vRB0JHS606jLsVvW1PKQCu/ElaULU=", 
            "email": "student_7@stanford.edu", 
            "date_joined": "2012-11-16T13:37:07"
        }
    }, 
    {
        "pk": 21, 
        "model": "auth.user", 
        "fields": {
            "username": "student_8", 
            "first_name": "Sarah", 
            "last_name": "Student", 
            "is_active": true, 
            "is_superuser": false, 
            "is_staff": false, 
            "last_login": "2012-11-16T13:37:07", 
            "groups": [
                1
            ], 
            "user_permissions": [], 
            "password": "pbkdf2_sha256$10000$oadB1k5pVIok$+rrv569O3nxSTKTxeQ8MWQ00r1gA4IdfHx/blVOE9Rw=", 
            "email": "student_8@stanford.edu", 
            "date_joined": "2012-11-16T13:37:07"
        }
    }, 
    {
        "pk": 22, 
        "model": "auth.user", 
        "fields": {
            "username": "student_9", 
            "first_name": "Sarah", 
            "last_name": "Student", 
            "is_active": true, 
            "is_superuser": false, 
            "is_staff": false, 
            "last_login": "2012-11-16T13:37:07", 
            "groups": [
                1
            ], 
            "user_permissions": [], 
            "password": "pbkdf2_sha256$10000$HwR2nvlmDFP6$PDOv7sAqv0ouTOpu5tcPz2EOakcgLfo2MuYuDaxyq00=", 
            "email": "student_9@stanford.edu", 
            "date_joined": "2012-11-16T13:37:07"
        }
    }, 
    {
        "pk": 23, 
        "model": "auth.user", 
        "fields": {
            "username": "student_10", 
            "first_name": "Sarah", 
            "last_name": "Student", 
            "is_active": true, 
            "is_superuser": false, 
            "is_staff": false, 
            "last_login": "2012-11-16T13:37:08", 
            "groups": [
                1
            ], 
            "user_permissions": [], 
            "password": "pbkdf2_sha256$10000$dnZhoY0sBdm5$5R8o/YjhSAT2GHmT7wYFYIUNslct6KzstwXNkJAysrM=", 
            "email": "student_10@stanford.edu", 
            "date_joined": "2012-11-16T13:37:08"
        }
    }, 
    {
        "pk": 24, 
        "model": "auth.user", 
        "fields": {
            "username": "student_11", 
            "first_name": "Sarah", 
            "last_name": "Student", 
            "is_active": true, 
            "is_superuser": false, 
            "is_staff": false, 
            "last_login": "2012-11-16T13:37:08", 
            "groups": [
                1
            ], 
            "user_permissions": [], 
            "password": "pbkdf2_sha256$10000$fPQiZ1hZW8kd$VzHUPvNlcTXBUSyhzpE7NMNLnrUEVaiue9pgFxrbYX0=", 
            "email": "student_11@stanford.edu", 
            "date_joined": "2012-11-16T13:37:08"
        }
    }, 
    {
        "pk": 25, 
        "model": "auth.user", 
        "fields": {
            "username": "student_12", 
            "first_name": "Sarah", 
            "last_name": "Student", 
            "is_active": true, 
            "is_superuser": false, 
            "is_staff": false, 
            "last_login": "2012-11-16T13:37:08", 
            "groups": [
                1
            ], 
            "user_permissions": [], 
            "password": "pbkdf2_sha256$10000$xszjBJvjFMuR$zOUFX3WZM6EVKDTGcxqdzIBYuIQ5X1t68l9wszgq8Eo=", 
            "email": "student_12@stanford.edu", 
            "date_joined": "2012-11-16T13:37:08"
        }
    }, 
    {
        "pk": 26, 
        "model": "auth.user", 
        "fields": {
            "username": "student_13", 
            "first_name": "Sarah", 
            "last_name": "Student", 
            "is_active": true, 
            "is_superuser": false, 
            "is_staff": false, 
            "last_login": "2012-11-16T13:37:08", 
            "groups": [
                1
            ], 
            "user_permissions": [], 
            "password": "pbkdf2_sha256$10000$1xbVUTEizmhn$0quwMYJ9FgIFv+iD+YZJnn3vDpGINZ3s9tFYCOwJ3uE=", 
            "email": "student_13@stanford.edu", 
            "date_joined": "2012-11-16T13:37:08"
        }
    }, 
    {
        "pk": 27, 
        "model": "auth.user", 
        "fields": {
            "username": "student_14", 
            "first_name": "Sarah", 
            "last_name": "Student", 
            "is_active": true, 
            "is_superuser": false, 
            "is_staff": false, 
            "last_login": "2012-11-16T13:37:08", 
            "groups": [
                1
            ], 
            "user_permissions": [], 
            "password": "pbkdf2_sha256$10000$ttWZ8wLwnAs3$kXUyH+JsUmLXD/a4se111WNvNBmrj+8WKxVQ7Qtaj0E=", 
            "email": "student_14@stanford.edu", 
            "date_joined": "2012-11-16T13:37:08"
        }
    }, 
    {
        "pk": 28, 
        "model": "auth.user", 
        "fields": {
            "username": "student_15", 
            "first_name": "Sarah", 
            "last_name": "Student", 
            "is_active": true, 
            "is_superuser": false, 
            "is_staff": false, 
            "last_login": "2012-11-16T13:37:09", 
            "groups": [
                1
            ], 
            "user_permissions": [], 
            "password": "pbkdf2_sha256$10000$jnLvbCXGnQVQ$+WTM3JEPmjrGbNwTeRWE7m2DnzeEDdre2HvHXb8g2So=", 
            "email": "student_15@stanford.edu", 
            "date_joined": "2012-11-16T13:37:09"
        }
    }, 
    {
        "pk": 29, 
        "model": "auth.user", 
        "fields": {
            "username": "student_16", 
            "first_name": "Sarah", 
            "last_name": "Student", 
            "is_active": true, 
            "is_superuser": false, 
            "is_staff": false, 
            "last_login": "2012-11-16T13:37:09", 
            "groups": [
                1
            ], 
            "user_permissions": [], 
            "password": "pbkdf2_sha256$10000$7x0e1dZbOAww$Pm78eGBxWtWQnt1xxOx6MKlRbCuNMaxuGoeWhhoERak=", 
            "email": "student_16@stanford.edu", 
            "date_joined": "2012-11-16T13:37:09"
        }
    }, 
    {
        "pk": 30, 
        "model": "auth.user", 
        "fields": {
            "username": "student_17", 
            "first_name": "Sarah", 
            "last_name": "Student", 
            "is_active": true, 
            "is_superuser": false, 
            "is_staff": false, 
            "last_login": "2012-11-16T13:37:09", 
            "groups": [
                1
            ], 
            "user_permissions": [], 
            "password": "pbkdf2_sha256$10000$eTmWdDnyp9rT$C5nTgzcu8OacOHw4SqqqYqQjjM8RHcYB/1KR6L3RYqo=", 
            "email": "student_17@stanford.edu", 
            "date_joined": "2012-11-16T13:37:09"
        }
    }, 
    {
        "pk": 31, 
        "model": "auth.user", 
        "fields": {
            "username": "student_18", 
            "first_name": "Sarah", 
            "last_name": "Student", 
            "is_active": true, 
            "is_superuser": false, 
            "is_staff": false, 
            "last_login": "2012-11-16T13:37:09", 
            "groups": [
                1
            ], 
            "user_permissions": [], 
            "password": "pbkdf2_sha256$10000$H2lA9GuCXybK$MepRGLDWYTlQnb/uAJcODQV5R3LkfSik+jb7rerpAJE=", 
            "email": "student_18@stanford.edu", 
            "date_joined": "2012-11-16T13:37:09"
        }
    }, 
    {
        "pk": 32, 
        "model": "auth.user", 
        "fields": {
            "username": "student_19", 
            "first_name": "Sarah", 
            "last_name": "Student", 
            "is_active": true, 
            "is_superuser": false, 
            "is_staff": false, 
            "last_login": "2012-11-16T13:37:10", 
            "groups": [
                1
            ], 
            "user_permissions": [], 
            "password": "pbkdf2_sha256$10000$uU0F3WLY8paY$Hb4QASeUFt/kFULPwRPIEvqaqT60ooFeSZzoOt1IdE4=", 
            "email": "student_19@stanford.edu", 
            "date_joined": "2012-11-16T13:37:10"
        }
    }, 
    {
        "pk": 33, 
        "model": "auth.user", 
        "fields": {
            "username": "student_20", 
            "first_name": "Sarah", 
            "last_name": "Student", 
            "is_active": true, 
            "is_superuser": false, 
            "is_staff": false, 
            "last_login": "2012-11-16T13:37:10", 
            "groups": [
                1
            ], 
            "user_permissions": [], 
            "password": "pbkdf2_sha256$10000$lwHRhsGbAkXb$VIPrHjriTQWBULEy2jeG+svxOgYARvkG0lru7Zqk52Q=", 
            "email": "student_20@stanford.edu", 
            "date_joined": "2012-11-16T13:37:10"
        }
    }, 
    {
        "pk": 34, 
        "model": "auth.user", 
        "fields": {
            "username": "student_21", 
            "first_name": "Sarah", 
            "last_name": "Student", 
            "is_active": true, 
            "is_superuser": false, 
            "is_staff": false, 
            "last_login": "2012-11-16T13:37:10", 
            "groups": [
                1
            ], 
            "user_permissions": [], 
            "password": "pbkdf2_sha256$10000$YLluelYTnJf2$RladwA5/gb1FS4EkRku8u/E3EfQh6lhUeRaVeKbSz9M=", 
            "email": "student_21@stanford.edu", 
            "date_joined": "2012-11-16T13:37:10"
        }
    }, 
    {
        "pk": 35, 
        "model": "auth.user", 
        "fields": {
            "username": "student_22", 
            "first_name": "Sarah", 
            "last_name": "Student", 
            "is_active": true, 
            "is_superuser": false, 
            "is_staff": false, 
            "last_login": "2012-11-16T13:37:10", 
            "groups": [
                1
            ], 
            "user_permissions": [], 
            "password": "pbkdf2_sha256$10000$os9bx76aA2qf$WdPY+ke7N8NM2nzMPvgumA1rBtLBdMT1KE0wvRv5xtw=", 
            "email": "student_22@stanford.edu", 
            "date_joined": "2012-11-16T13:37:10"
        }
    }, 
    {
        "pk": 36, 
        "model": "auth.user", 
        "fields": {
            "username": "student_23", 
            "first_name": "Sarah", 
            "last_name": "Student", 
            "is_active": true, 
            "is_superuser": false, 
            "is_staff": false, 
            "last_login": "2012-11-16T13:37:10", 
            "groups": [
                1
            ], 
            "user_permissions": [], 
            "password": "pbkdf2_sha256$10000$4gsHTLinHQr5$hIDpK1faasySJmeo3zf2l5VkLVAvPOrDRSeY2UISZs0=", 
            "email": "student_23@stanford.edu", 
            "date_joined": "2012-11-16T13:37:10"
        }
    }, 
    {
        "pk": 37, 
        "model": "auth.user", 
        "fields": {
            "username": "student_24", 
            "first_name": "Sarah", 
            "last_name": "Student", 
            "is_active": true, 
            "is_superuser": false, 
            "is_staff": false, 
            "last_login": "2012-11-16T13:37:11", 
            "groups": [
                1
            ], 
            "user_permissions": [], 
            "password": "pbkdf2_sha256$10000$n008KgpHas2N$htS3/3MzUp6F+6/vAr/biPRucu/xCZNzQuVSPGFa1Bk=", 
            "email": "student_24@stanford.edu", 
            "date_joined": "2012-11-16T13:37:11"
        }
    }, 
    {
        "pk": 38, 
        "model": "auth.user", 
        "fields": {
            "username": "student_25", 
            "first_name": "Sarah", 
            "last_name": "Student", 
            "is_active": true, 
            "is_superuser": false, 
            "is_staff": false, 
            "last_login": "2012-11-16T13:37:11", 
            "groups": [
                1
            ], 
            "user_permissions": [], 
            "password": "pbkdf2_sha256$10000$eVz2J16zjYF6$fbgngs40MXQACsU5v94QY0snNedMPwn7B8f29IjViKc=", 
            "email": "student_25@stanford.edu", 
            "date_joined": "2012-11-16T13:37:11"
        }
    }, 
    {
        "pk": 39, 
        "model": "auth.user", 
        "fields": {
            "username": "student_26", 
            "first_name": "Sarah", 
            "last_name": "Student", 
            "is_active": true, 
            "is_superuser": false, 
            "is_staff": false, 
            "last_login": "2012-11-16T13:37:12", 
            "groups": [
                1
            ], 
            "user_permissions": [], 
            "password": "pbkdf2_sha256$10000$x70SkFLToTJj$6Ik2Xg2dYr3wB0pPpSU42FtvYi/8bDYZIBizBc9Ajnw=", 
            "email": "student_26@stanford.edu", 
            "date_joined": "2012-11-16T13:37:12"
        }
    }, 
    {
        "pk": 40, 
        "model": "auth.user", 
        "fields": {
            "username": "student_27", 
            "first_name": "Sarah", 
            "last_name": "Student", 
            "is_active": true, 
            "is_superuser": false, 
            "is_staff": false, 
            "last_login": "2012-11-16T13:37:12", 
            "groups": [
                1
            ], 
            "user_permissions": [], 
            "password": "pbkdf2_sha256$10000$eT80usy3LjOO$97/OFGT0BUM2T1eCDPep3XXpA/f0jqTd9IWApaV7f1A=", 
            "email": "student_27@stanford.edu", 
            "date_joined": "2012-11-16T13:37:12"
        }
    }, 
    {
        "pk": 41, 
        "model": "auth.user", 
        "fields": {
            "username": "student_28", 
            "first_name": "Sarah", 
            "last_name": "Student", 
            "is_active": true, 
            "is_superuser": false, 
            "is_staff": false, 
            "last_login": "2012-11-16T13:37:12", 
            "groups": [
                1
            ], 
            "user_permissions": [], 
            "password": "pbkdf2_sha256$10000$9TevNLRiSS6x$5iL4qf6g6aRw+z+Fpb8q5Cby5kan4ryokxNq2pUEQE8=", 
            "email": "student_28@stanford.edu", 
            "date_joined": "2012-11-16T13:37:12"
        }
    }, 
    {
        "pk": 42, 
        "model": "auth.user", 
        "fields": {
            "username": "student_29", 
            "first_name": "Sarah", 
            "last_name": "Student", 
            "is_active": true, 
            "is_superuser": false, 
            "is_staff": false, 
            "last_login": "2012-11-16T13:37:13", 
            "groups": [
                1
            ], 
            "user_permissions": [], 
            "password": "pbkdf2_sha256$10000$lvoYeNx4m4jw$lZ11kBYg6739oOSRdk8TNZZPVm+DvHR2LANqtjUu0F0=", 
            "email": "student_29@stanford.edu", 
            "date_joined": "2012-11-16T13:37:13"
        }
    }, 
    {
        "pk": 43, 
        "model": "auth.user", 
        "fields": {
            "username": "student_30", 
            "first_name": "Sarah", 
            "last_name": "Student", 
            "is_active": true, 
            "is_superuser": false, 
            "is_staff": false, 
            "last_login": "2012-11-16T13:37:13", 
            "groups": [
                1
            ], 
            "user_permissions": [], 
            "password": "pbkdf2_sha256$10000$hmRgDLmgi2v3$JiJhnVUIV//zE2ooVcreQwFGLoL9/j5pGS5ed1e6W1E=", 
            "email": "student_30@stanford.edu", 
            "date_joined": "2012-11-16T13:37:13"
        }
    }, 
    {
        "pk": 44, 
        "model": "auth.user", 
        "fields": {
            "username": "student_31", 
            "first_name": "Sarah", 
            "last_name": "Student", 
            "is_active": true, 
            "is_superuser": false, 
            "is_staff": false, 
            "last_login": "2012-11-16T13:37:13", 
            "groups": [
                1
            ], 
            "user_permissions": [], 
            "password": "pbkdf2_sha256$10000$VUGTjcwdWWI0$FeOmLjN7zkEvLyNbh/AgYXsg07DmQmq9txnBW1IescM=", 
            "email": "student_31@stanford.edu", 
            "date_joined": "2012-11-16T13:37:13"
        }
    }, 
    {
        "pk": 45, 
        "model": "auth.user", 
        "fields": {
            "username": "student_32", 
            "first_name": "Sarah", 
            "last_name": "Student", 
            "is_active": true, 
            "is_superuser": false, 
            "is_staff": false, 
            "last_login": "2012-11-16T13:37:13", 
            "groups": [
                1
            ], 
            "user_permissions": [], 
            "password": "pbkdf2_sha256$10000$Ya6C6sHcC9Wx$aC2cUongnXjBUVNmoE/7wSqPK/iImVXuRMAFr6BxOBk=", 
            "email": "student_32@stanford.edu", 
            "date_joined": "2012-11-16T13:37:13"
        }
    }, 
    {
        "pk": 46, 
        "model": "auth.user", 
        "fields": {
            "username": "student_33", 
            "first_name": "Sarah", 
            "last_name": "Student", 
            "is_active": true, 
            "is_superuser": false, 
            "is_staff": false, 
            "last_login": "2012-11-16T13:37:13", 
            "groups": [
                1
            ], 
            "user_permissions": [], 
            "password": "pbkdf2_sha256$10000$j7KcStPDSOmL$GDAzOZ1vtagcN7zWWbApwG+SfHGRQqNOtp6tzA1Q9iE=", 
            "email": "student_33@stanford.edu", 
            "date_joined": "2012-11-16T13:37:13"
        }
    }, 
    {
        "pk": 47, 
        "model": "auth.user", 
        "fields": {
            "username": "student_34", 
            "first_name": "Sarah", 
            "last_name": "Student", 
            "is_active": true, 
            "is_superuser": false, 
            "is_staff": false, 
            "last_login": "2012-11-16T13:37:14", 
            "groups": [
                1
            ], 
            "user_permissions": [], 
            "password": "pbkdf2_sha256$10000$g5RCVh4JZnFI$fhsjwBesyRJRjkTlUfZpnIrEcHGYCReFVzbkYv2Tf9I=", 
            "email": "student_34@stanford.edu", 
            "date_joined": "2012-11-16T13:37:14"
        }
    }, 
    {
        "pk": 48, 
        "model": "auth.user", 
        "fields": {
            "username": "student_35", 
            "first_name": "Sarah", 
            "last_name": "Student", 
            "is_active": true, 
            "is_superuser": false, 
            "is_staff": false, 
            "last_login": "2012-11-16T13:37:14", 
            "groups": [
                1
            ], 
            "user_permissions": [], 
            "password": "pbkdf2_sha256$10000$REOJefDkmfdp$Hq+qQmv3xgftvPmKGG4JGcAj+tzYsEL9YJLJvgjOkfM=", 
            "email": "student_35@stanford.edu", 
            "date_joined": "2012-11-16T13:37:14"
        }
    }, 
    {
        "pk": 49, 
        "model": "auth.user", 
        "fields": {
            "username": "student_36", 
            "first_name": "Sarah", 
            "last_name": "Student", 
            "is_active": true, 
            "is_superuser": false, 
            "is_staff": false, 
            "last_login": "2012-11-16T13:37:14", 
            "groups": [
                1
            ], 
            "user_permissions": [], 
            "password": "pbkdf2_sha256$10000$FD1D1dZy4eLV$e6aHcDYnb/wABAP2rGWl21AYq/ITAPSYYC67lELp4LI=", 
            "email": "student_36@stanford.edu", 
            "date_joined": "2012-11-16T13:37:14"
        }
    }, 
    {
        "pk": 50, 
        "model": "auth.user", 
        "fields": {
            "username": "student_37", 
            "first_name": "Sarah", 
            "last_name": "Student", 
            "is_active": true, 
            "is_superuser": false, 
            "is_staff": false, 
            "last_login": "2012-11-16T13:37:14", 
            "groups": [
                1
            ], 
            "user_permissions": [], 
            "password": "pbkdf2_sha256$10000$rXfpTAkyZdMH$wZTt7AfCtD/twmjYyZyXkuxQnaSg0bzV1diTIG4MqRQ=", 
            "email": "student_37@stanford.edu", 
            "date_joined": "2012-11-16T13:37:14"
        }
    }, 
    {
        "pk": 51, 
        "model": "auth.user", 
        "fields": {
            "username": "student_38", 
            "first_name": "Sarah", 
            "last_name": "Student", 
            "is_active": true, 
            "is_superuser": false, 
            "is_staff": false, 
            "last_login": "2012-11-16T13:37:14", 
            "groups": [
                1
            ], 
            "user_permissions": [], 
            "password": "pbkdf2_sha256$10000$dSeuS4jNZTgb$zEGG7ul3gYIedbgz9pG1v6NTLK8wlB7g2HqEMc8tqWE=", 
            "email": "student_38@stanford.edu", 
            "date_joined": "2012-11-16T13:37:14"
        }
    }, 
    {
        "pk": 52, 
        "model": "auth.user", 
        "fields": {
            "username": "student_39", 
            "first_name": "Sarah", 
            "last_name": "Student", 
            "is_active": true, 
            "is_superuser": false, 
            "is_staff": false, 
            "last_login": "2012-11-16T13:37:15", 
            "groups": [], 
            "user_permissions": [], 
            "password": "pbkdf2_sha256$10000$WcoFWWFiUcUv$xzDqPvxUebkd6WmTFpgNk3Jqvg+U7BX3Hylcw2ug15Y=", 
            "email": "student_39@stanford.edu", 
            "date_joined": "2012-11-16T13:37:15"
        }
    }, 
    {
        "pk": 53, 
        "model": "auth.user", 
        "fields": {
            "username": "sefk_auto", 
            "first_name": "Sef", 
            "last_name": "Kloninger", 
            "is_active": true, 
            "is_superuser": false, 
            "is_staff": false, 
            "last_login": "2012-11-16T13:37:29", 
            "groups": [
                7
            ], 
            "user_permissions": [], 
            "password": "pbkdf2_sha256$10000$EmbIAdq4jbwM$OrrDx59TH8ilYCX0FsJGQa/7SkE57MfU62njxK4ldKY=", 
            "email": "sefklon@gmail.com", 
            "date_joined": "2012-11-16T13:37:29"
        }
    }, 
    {
        "pk": 54, 
        "model": "auth.user", 
        "fields": {
            "username": "jbau_auto", 
            "first_name": "Jason", 
            "last_name": "Bau", 
            "is_active": true, 
            "is_superuser": false, 
            "is_staff": false, 
            "last_login": "2012-11-16T13:37:30", 
            "groups": [
                6
            ], 
            "user_permissions": [], 
            "password": "pbkdf2_sha256$10000$EeDXRGhz3CbZ$JWWj6t/kjQa78vkG9TiHPmtuG0utof1ePiGEIdhCBJk=", 
            "email": "jbau@stanford.edu", 
            "date_joined": "2012-11-16T13:37:30"
        }
    }, 
    {
        "pk": 55, 
        "model": "auth.user", 
        "fields": {
            "username": "wescott_auto", 
            "first_name": "Mike", 
            "last_name": "Wescott", 
            "is_active": true, 
            "is_superuser": false, 
            "is_staff": false, 
            "last_login": "2012-11-16T13:37:30", 
            "groups": [
                7
            ], 
            "user_permissions": [], 
            "password": "pbkdf2_sha256$10000$OtOnvvSb57Or$aBFNkXtDaJiPdPSaBaR7s2wuGyy99+Sb534FMstn7KA=", 
            "email": "wescott@cs.stanford.edu", 
            "date_joined": "2012-11-16T13:37:30"
        }
    }, 
    {
        "pk": 56, 
        "model": "auth.user", 
        "fields": {
            "username": "dcadams_auto", 
            "first_name": "David", 
            "last_name": "Adams", 
            "is_active": true, 
            "is_superuser": false, 
            "is_staff": false, 
            "last_login": "2012-11-16T13:37:30", 
            "groups": [
                8
            ], 
            "user_permissions": [], 
            "password": "pbkdf2_sha256$10000$YSsqGaqrBPMQ$NIngZHUiQ18QAAOKwkFbFcZk/5QDpoeuIvgpDZFLeBE=", 
            "email": "dcadams@stanford.edu", 
            "date_joined": "2012-11-16T13:37:30"
        }
    }, 
    {
        "pk": 57, 
        "model": "auth.user", 
        "fields": {
            "username": "jinpa_auto", 
            "first_name": "Jane", 
            "last_name": "Manning", 
            "is_active": true, 
            "is_superuser": false, 
            "is_staff": false, 
            "last_login": "2012-11-16T13:37:30", 
            "groups": [
                5
            ], 
            "user_permissions": [], 
            "password": "pbkdf2_sha256$10000$D05o9fs5etNH$thnLDjDz9fLxwFZ+BRbeqskbv3fKZP1D3hmiqfRFyQ8=", 
            "email": "jmanning@cs.stanford.edu", 
            "date_joined": "2012-11-16T13:37:30"
        }
    }, 
    {
        "pk": 58, 
        "model": "auth.user", 
        "fields": {
            "username": "halawa_auto", 
            "first_name": "Sherif", 
            "last_name": "Halawa", 
            "is_active": true, 
            "is_superuser": false, 
            "is_staff": false, 
            "last_login": "2012-11-16T13:37:30", 
            "groups": [
                5
            ], 
            "user_permissions": [], 
            "password": "pbkdf2_sha256$10000$YeBankTDJxIP$zrCtV8BxTBAk+XJ/a2ClKnHXgoQ01z0EarkgTUiHPSI=", 
            "email": "halawa@stanford.edu", 
            "date_joined": "2012-11-16T13:37:30"
        }
    }, 
    {
        "pk": 1, 
        "model": "c2g.course", 
        "fields": {
            "preview_only_mode": true, 
            "image": 2, 
            "time_created": "2012-11-16T13:37:17", 
            "share_to": [], 
            "readonly_tas_group": 4, 
            "year": 2012, 
            "last_updated": "2012-11-16T13:37:17", 
            "live_datetime": null, 
            "title": "Natural Language Processing", 
            "calendar_start": "2013-07-27", 
            "syllabus": "", 
            "list_publicly": 1, 
            "handle": "networking--Fall2012", 
            "description": "Natural language processing is the technology for dealing with our most ubiquitous product: human language, as it appears in emails, web pages, tweets, product descriptions, newspaper stories, social media, and scientific articles, in thousands of languages and varieties. In the past decade, successful natural language processing applications have become part of our everyday experience, from spelling and grammar correction in word processors to machine translation on the web, from email spam detection to automatic question answering, from detecting people's opinions about products or services to extracting appointments from your email. In this class, you'll learn the fundamental algorithms and mathematical models for human alanguage processing and how you can use them to solve practical problems in dealing with language data wherever you encounter it.", 
            "piazza_id": null, 
            "instructor_group": 2, 
            "student_group": 1, 
            "institution_only": false, 
            "institution": 1, 
            "term": "Fall", 
            "is_deleted": 0, 
            "tas_group": 3, 
            "contact": null, 
            "calendar_end": "2013-08-12", 
            "mode": "draft"
        }
    }, 
    {
        "pk": 2, 
        "model": "c2g.course", 
        "fields": {
            "preview_only_mode": true, 
            "image": 1, 
            "time_created": "2012-11-16T13:37:17", 
            "share_to": [], 
            "readonly_tas_group": 4, 
            "year": 2012, 
            "last_updated": "2012-11-16T13:37:17", 
            "live_datetime": null, 
            "title": "Natural Language Processing", 
            "calendar_start": "2013-07-27", 
            "syllabus": "", 
            "list_publicly": 0, 
            "handle": "networking--Fall2012", 
            "description": "Natural language processing is the technology for dealing with our most ubiquitous product: human language, as it appears in emails, web pages, tweets, product descriptions, newspaper stories, social media, and scientific articles, in thousands of languages and varieties. In the past decade, successful natural language processing applications have become part of our everyday experience, from spelling and grammar correction in word processors to machine translation on the web, from email spam detection to automatic question answering, from detecting people's opinions about products or services to extracting appointments from your email. In this class, you'll learn the fundamental algorithms and mathematical models for human alanguage processing and how you can use them to solve practical problems in dealing with language data wherever you encounter it.", 
            "piazza_id": 1353130637, 
            "instructor_group": 2, 
            "student_group": 1, 
            "institution_only": false, 
            "institution": 1, 
            "term": "Fall", 
            "is_deleted": 0, 
            "tas_group": 3, 
            "contact": null, 
            "calendar_end": "2013-08-12", 
            "mode": "ready"
        }
    }, 
    {
        "pk": 3, 
        "model": "c2g.course", 
        "fields": {
            "preview_only_mode": true, 
            "image": 4, 
            "time_created": "2012-11-16T13:37:31", 
            "share_to": [], 
            "readonly_tas_group": 8, 
            "year": 2012, 
            "last_updated": "2012-11-16T13:37:31", 
            "live_datetime": null, 
            "title": "Introductory Cryptography", 
            "calendar_start": "2013-07-27", 
            "syllabus": "", 
            "list_publicly": 1, 
            "handle": "crypto--Fall2012", 
            "description": "Cryptography is an indispensable tool for protecting information in computer systems. This course explains the inner workings of cryptographic primitives and how to correctly use them. Students will learn how to reason about the security of cryptographic constructions and how to apply this knowledge to real-world applications. The course begins with a detailed discussion of how two parties who have a shared secret key can communicate securely when a powerful adversary eavesdrops and tampers with traffic. We will examine many deployed protocols and analyze mistakes in existing systems. The second half of the course discusses public-key techniques that let two or more parties generate a shared secret key. We will cover the relevant number theory and discuss public-key encryption, digital signatures, and authentication protocols. Towards the end of the course we will cover more advanced topics such as zero-knowledge, distributed protocols such as secure auctions, and a number of privacy mechanisms. Throughout the course students will be exposed to many exciting open problems in the field.The course will include written homeworks and programming labs. The course is self-contained, however it will be helpful to have a basic understanding of discrete probability theory.", 
            "piazza_id": null, 
            "instructor_group": 6, 
            "student_group": 5, 
            "institution_only": false, 
            "institution": 1, 
            "term": "Fall", 
            "is_deleted": 0, 
            "tas_group": 7, 
            "contact": null, 
            "calendar_end": "2013-08-12", 
            "mode": "draft"
        }
    }, 
    {
        "pk": 4, 
        "model": "c2g.course", 
        "fields": {
            "preview_only_mode": true, 
            "image": 3, 
            "time_created": "2012-11-16T13:37:31", 
            "share_to": [], 
            "readonly_tas_group": 8, 
            "year": 2012, 
            "last_updated": "2012-11-16T13:37:31", 
            "live_datetime": null, 
            "title": "Introductory Cryptography", 
            "calendar_start": "2013-07-27", 
            "syllabus": "", 
            "list_publicly": 0, 
            "handle": "crypto--Fall2012", 
            "description": "Cryptography is an indispensable tool for protecting information in computer systems. This course explains the inner workings of cryptographic primitives and how to correctly use them. Students will learn how to reason about the security of cryptographic constructions and how to apply this knowledge to real-world applications. The course begins with a detailed discussion of how two parties who have a shared secret key can communicate securely when a powerful adversary eavesdrops and tampers with traffic. We will examine many deployed protocols and analyze mistakes in existing systems. The second half of the course discusses public-key techniques that let two or more parties generate a shared secret key. We will cover the relevant number theory and discuss public-key encryption, digital signatures, and authentication protocols. Towards the end of the course we will cover more advanced topics such as zero-knowledge, distributed protocols such as secure auctions, and a number of privacy mechanisms. Throughout the course students will be exposed to many exciting open problems in the field.The course will include written homeworks and programming labs. The course is self-contained, however it will be helpful to have a basic understanding of discrete probability theory.", 
            "piazza_id": 1353130651, 
            "instructor_group": 6, 
            "student_group": 5, 
            "institution_only": false, 
            "institution": 1, 
            "term": "Fall", 
            "is_deleted": 0, 
            "tas_group": 7, 
            "contact": null, 
            "calendar_end": "2013-08-12", 
            "mode": "ready"
        }
    }, 
    {
        "pk": 1, 
        "model": "c2g.announcement", 
        "fields": {
            "index": 0, 
            "live_datetime": null, 
            "last_updated": "2012-11-16T13:37:18", 
            "description": "Welcome to the course! Check out the links to announcements, news events, assignments and grades.", 
            "title": "Welcome to Natural Language Processing!", 
            "image": 2, 
            "time_created": "2012-11-16T13:37:18", 
            "course": 1, 
            "mode": "draft", 
            "owner": 1, 
            "is_deleted": 0
        }
    }, 
    {
        "pk": 2, 
        "model": "c2g.announcement", 
        "fields": {
            "index": null, 
            "live_datetime": null, 
            "last_updated": "2012-11-16T13:37:18", 
            "description": "Welcome to the course! Check out the links to announcements, news events, assignments and grades.", 
            "title": "Welcome to Natural Language Processing!", 
            "image": 1, 
            "time_created": "2012-11-16T13:37:18", 
            "course": 2, 
            "mode": "ready", 
            "owner": 1, 
            "is_deleted": 0
        }
    }, 
    {
        "pk": 3, 
        "model": "c2g.announcement", 
        "fields": {
            "index": 1, 
            "live_datetime": null, 
            "last_updated": "2012-11-16T13:37:18", 
            "description": "The first assignment has been posted.  Visit the assignments link to see the list of assignments and instructions for each assignment.  Be sure to check the additional pages for additional help. If you have any question email us at nlp@stanford.edu.", 
            "title": "Assignment 1 Out", 
            "image": 4, 
            "time_created": "2012-11-16T13:37:18", 
            "course": 1, 
            "mode": "draft", 
            "owner": 1, 
            "is_deleted": 0
        }
    }, 
    {
        "pk": 4, 
        "model": "c2g.announcement", 
        "fields": {
            "index": null, 
            "live_datetime": null, 
            "last_updated": "2012-11-16T13:37:18", 
            "description": "The first assignment has been posted.  Visit the assignments link to see the list of assignments and instructions for each assignment.  Be sure to check the additional pages for additional help. If you have any question email us at nlp@stanford.edu.", 
            "title": "Assignment 1 Out", 
            "image": 3, 
            "time_created": "2012-11-16T13:37:18", 
            "course": 2, 
            "mode": "ready", 
            "owner": 1, 
            "is_deleted": 0
        }
    }, 
    {
        "pk": 5, 
        "model": "c2g.announcement", 
        "fields": {
            "index": 2, 
            "live_datetime": null, 
            "last_updated": "2012-11-16T13:37:18", 
            "description": "Because this Friday is Friday the 13th, we do not want to take any chances so class is cancelled. Post any questions on the discussion forum if you have any questions", 
            "title": "Friday Lecture for 7/13 cancelled", 
            "image": 6, 
            "time_created": "2012-11-16T13:37:18", 
            "course": 1, 
            "mode": "draft", 
            "owner": 1, 
            "is_deleted": 0
        }
    }, 
    {
        "pk": 6, 
        "model": "c2g.announcement", 
        "fields": {
            "index": null, 
            "live_datetime": null, 
            "last_updated": "2012-11-16T13:37:18", 
            "description": "Because this Friday is Friday the 13th, we do not want to take any chances so class is cancelled. Post any questions on the discussion forum if you have any questions", 
            "title": "Friday Lecture for 7/13 cancelled", 
            "image": 5, 
            "time_created": "2012-11-16T13:37:18", 
            "course": 2, 
            "mode": "ready", 
            "owner": 1, 
            "is_deleted": 0
        }
    }, 
    {
        "pk": 7, 
        "model": "c2g.announcement", 
        "fields": {
            "index": 3, 
            "live_datetime": null, 
            "last_updated": "2012-11-16T13:37:18", 
            "description": "We will be moving the lecture room to the medical school. Sorry for any inconviniences. For those of you without a bike, I am even more sorry. See you next lecture!", 
            "title": "Lecture Room Moved", 
            "image": 8, 
            "time_created": "2012-11-16T13:37:18", 
            "course": 1, 
            "mode": "draft", 
            "owner": 1, 
            "is_deleted": 0
        }
    }, 
    {
        "pk": 8, 
        "model": "c2g.announcement", 
        "fields": {
            "index": null, 
            "live_datetime": null, 
            "last_updated": "2012-11-16T13:37:18", 
            "description": "We will be moving the lecture room to the medical school. Sorry for any inconviniences. For those of you without a bike, I am even more sorry. See you next lecture!", 
            "title": "Lecture Room Moved", 
            "image": 7, 
            "time_created": "2012-11-16T13:37:18", 
            "course": 2, 
            "mode": "ready", 
            "owner": 1, 
            "is_deleted": 0
        }
    }, 
    {
        "pk": 9, 
        "model": "c2g.announcement", 
        "fields": {
            "index": 0, 
            "live_datetime": null, 
            "last_updated": "2012-11-16T13:37:31", 
            "description": "Crypto: Welcome to the Crypto course! Check out the links to announcements, news events, assignments and grades.", 
            "title": "Welcome to Crypto 223!", 
            "image": 10, 
            "time_created": "2012-11-16T13:37:31", 
            "course": 3, 
            "mode": "draft", 
            "owner": 1, 
            "is_deleted": 0
        }
    }, 
    {
        "pk": 10, 
        "model": "c2g.announcement", 
        "fields": {
            "index": null, 
            "live_datetime": null, 
            "last_updated": "2012-11-16T13:37:31", 
            "description": "Crypto: Welcome to the Crypto course! Check out the links to announcements, news events, assignments and grades.", 
            "title": "Welcome to Crypto 223!", 
            "image": 9, 
            "time_created": "2012-11-16T13:37:31", 
            "course": 4, 
            "mode": "ready", 
            "owner": 1, 
            "is_deleted": 0
        }
    }, 
    {
        "pk": 11, 
        "model": "c2g.announcement", 
        "fields": {
            "index": 1, 
            "live_datetime": null, 
            "last_updated": "2012-11-16T13:37:31", 
            "description": "Crypto: The first assignment has been posted.  Visit the assignments link to see the list of assignments and instructions for each assignment.  Be sure to check the additional pages for additional help. If you have any question email us at nlp@stanford.edu.", 
            "title": "Crypto: Assignment 1 Still Not Out", 
            "image": 12, 
            "time_created": "2012-11-16T13:37:31", 
            "course": 3, 
            "mode": "draft", 
            "owner": 1, 
            "is_deleted": 0
        }
    }, 
    {
        "pk": 12, 
        "model": "c2g.announcement", 
        "fields": {
            "index": null, 
            "live_datetime": null, 
            "last_updated": "2012-11-16T13:37:31", 
            "description": "Crypto: The first assignment has been posted.  Visit the assignments link to see the list of assignments and instructions for each assignment.  Be sure to check the additional pages for additional help. If you have any question email us at nlp@stanford.edu.", 
            "title": "Crypto: Assignment 1 Still Not Out", 
            "image": 11, 
            "time_created": "2012-11-16T13:37:31", 
            "course": 4, 
            "mode": "ready", 
            "owner": 1, 
            "is_deleted": 0
        }
    }, 
    {
        "pk": 13, 
        "model": "c2g.announcement", 
        "fields": {
            "index": 2, 
            "live_datetime": null, 
            "last_updated": "2012-11-16T13:37:32", 
            "description": "Crypto: Because this Friday is Friday the 13th, we do not want to take any chances so class is cancelled. Post any questions on the discussion forum if you have any questions", 
            "title": "Crypto: There is no lecture room for this course", 
            "image": 14, 
            "time_created": "2012-11-16T13:37:32", 
            "course": 3, 
            "mode": "draft", 
            "owner": 1, 
            "is_deleted": 0
        }
    }, 
    {
        "pk": 14, 
        "model": "c2g.announcement", 
        "fields": {
            "index": null, 
            "live_datetime": null, 
            "last_updated": "2012-11-16T13:37:32", 
            "description": "Crypto: Because this Friday is Friday the 13th, we do not want to take any chances so class is cancelled. Post any questions on the discussion forum if you have any questions", 
            "title": "Crypto: There is no lecture room for this course", 
            "image": 13, 
            "time_created": "2012-11-16T13:37:32", 
            "course": 4, 
            "mode": "ready", 
            "owner": 1, 
            "is_deleted": 0
        }
    }, 
    {
        "pk": 15, 
        "model": "c2g.announcement", 
        "fields": {
            "index": 3, 
            "live_datetime": null, 
            "last_updated": "2012-11-16T13:37:32", 
            "description": "Crypto: We will be moving the lecture room to the medical school. Sorry for any inconviniences. For those of you without a bike, I am even more sorry. See you next lecture!", 
            "title": "Crypto: Yet another assignment.", 
            "image": 16, 
            "time_created": "2012-11-16T13:37:32", 
            "course": 3, 
            "mode": "draft", 
            "owner": 1, 
            "is_deleted": 0
        }
    }, 
    {
        "pk": 16, 
        "model": "c2g.announcement", 
        "fields": {
            "index": null, 
            "live_datetime": null, 
            "last_updated": "2012-11-16T13:37:32", 
            "description": "Crypto: We will be moving the lecture room to the medical school. Sorry for any inconviniences. For those of you without a bike, I am even more sorry. See you next lecture!", 
            "title": "Crypto: Yet another assignment.", 
            "image": 15, 
            "time_created": "2012-11-16T13:37:32", 
            "course": 4, 
            "mode": "ready", 
            "owner": 1, 
            "is_deleted": 0
        }
    }, 
    {
        "pk": 1, 
        "model": "c2g.userprofile", 
        "fields": {
            "referrer_first": null, 
            "client_ip": null, 
            "user_agent": null, 
            "last_updated": "2012-11-16T13:37:02", 
            "email_me": true, 
            "piazza_name": "", 
            "gender": null, 
            "work": null, 
            "time_created": "2012-11-16T13:37:02", 
            "client_ip_first": null, 
            "accept_language_first": null, 
            "user": 1, 
            "piazza_email": "", 
            "referrer": null, 
            "site_data": "", 
            "accept_language": null, 
            "education": null, 
            "user_agent_first": null, 
            "institutions": [], 
            "birth_year": null
        }
    }, 
    {
        "pk": 2, 
        "model": "c2g.userprofile", 
        "fields": {
            "referrer_first": null, 
            "client_ip": null, 
            "user_agent": null, 
            "last_updated": "2012-11-16T13:37:02", 
            "email_me": true, 
            "piazza_name": "", 
            "gender": null, 
            "work": null, 
            "time_created": "2012-11-16T13:37:02", 
            "client_ip_first": null, 
            "accept_language_first": null, 
            "user": 2, 
            "piazza_email": "", 
            "referrer": null, 
            "site_data": "", 
            "accept_language": null, 
            "education": null, 
            "user_agent_first": null, 
            "institutions": [], 
            "birth_year": null
        }
    }, 
    {
        "pk": 3, 
        "model": "c2g.userprofile", 
        "fields": {
            "referrer_first": null, 
            "client_ip": null, 
            "user_agent": null, 
            "last_updated": "2012-11-16T13:37:03", 
            "email_me": true, 
            "piazza_name": "", 
            "gender": null, 
            "work": null, 
            "time_created": "2012-11-16T13:37:03", 
            "client_ip_first": null, 
            "accept_language_first": null, 
            "user": 3, 
            "piazza_email": "", 
            "referrer": null, 
            "site_data": "", 
            "accept_language": null, 
            "education": null, 
            "user_agent_first": null, 
            "institutions": [], 
            "birth_year": null
        }
    }, 
    {
        "pk": 4, 
        "model": "c2g.userprofile", 
        "fields": {
            "referrer_first": null, 
            "client_ip": null, 
            "user_agent": null, 
            "last_updated": "2012-11-16T13:37:03", 
            "email_me": true, 
            "piazza_name": "", 
            "gender": null, 
            "work": null, 
            "time_created": "2012-11-16T13:37:03", 
            "client_ip_first": null, 
            "accept_language_first": null, 
            "user": 4, 
            "piazza_email": "", 
            "referrer": null, 
            "site_data": "", 
            "accept_language": null, 
            "education": null, 
            "user_agent_first": null, 
            "institutions": [], 
            "birth_year": null
        }
    }, 
    {
        "pk": 5, 
        "model": "c2g.userprofile", 
        "fields": {
            "referrer_first": null, 
            "client_ip": null, 
            "user_agent": null, 
            "last_updated": "2012-11-16T13:37:03", 
            "email_me": true, 
            "piazza_name": "", 
            "gender": null, 
            "work": null, 
            "time_created": "2012-11-16T13:37:03", 
            "client_ip_first": null, 
            "accept_language_first": null, 
            "user": 5, 
            "piazza_email": "", 
            "referrer": null, 
            "site_data": "", 
            "accept_language": null, 
            "education": null, 
            "user_agent_first": null, 
            "institutions": [], 
            "birth_year": null
        }
    }, 
    {
        "pk": 6, 
        "model": "c2g.userprofile", 
        "fields": {
            "referrer_first": null, 
            "client_ip": null, 
            "user_agent": null, 
            "last_updated": "2012-11-16T13:37:03", 
            "email_me": true, 
            "piazza_name": "", 
            "gender": null, 
            "work": null, 
            "time_created": "2012-11-16T13:37:03", 
            "client_ip_first": null, 
            "accept_language_first": null, 
            "user": 6, 
            "piazza_email": "", 
            "referrer": null, 
            "site_data": "", 
            "accept_language": null, 
            "education": null, 
            "user_agent_first": null, 
            "institutions": [], 
            "birth_year": null
        }
    }, 
    {
        "pk": 7, 
        "model": "c2g.userprofile", 
        "fields": {
            "referrer_first": null, 
            "client_ip": null, 
            "user_agent": null, 
            "last_updated": "2012-11-16T13:37:04", 
            "email_me": true, 
            "piazza_name": "", 
            "gender": null, 
            "work": null, 
            "time_created": "2012-11-16T13:37:04", 
            "client_ip_first": null, 
            "accept_language_first": null, 
            "user": 7, 
            "piazza_email": "", 
            "referrer": null, 
            "site_data": "", 
            "accept_language": null, 
            "education": null, 
            "user_agent_first": null, 
            "institutions": [], 
            "birth_year": null
        }
    }, 
    {
        "pk": 8, 
        "model": "c2g.userprofile", 
        "fields": {
            "referrer_first": null, 
            "client_ip": null, 
            "user_agent": null, 
            "last_updated": "2012-11-16T13:37:04", 
            "email_me": true, 
            "piazza_name": "", 
            "gender": null, 
            "work": null, 
            "time_created": "2012-11-16T13:37:04", 
            "client_ip_first": null, 
            "accept_language_first": null, 
            "user": 8, 
            "piazza_email": "", 
            "referrer": null, 
            "site_data": "", 
            "accept_language": null, 
            "education": null, 
            "user_agent_first": null, 
            "institutions": [], 
            "birth_year": null
        }
    }, 
    {
        "pk": 9, 
        "model": "c2g.userprofile", 
        "fields": {
            "referrer_first": null, 
            "client_ip": null, 
            "user_agent": null, 
            "last_updated": "2012-11-16T13:37:04", 
            "email_me": true, 
            "piazza_name": "", 
            "gender": null, 
            "work": null, 
            "time_created": "2012-11-16T13:37:04", 
            "client_ip_first": null, 
            "accept_language_first": null, 
            "user": 9, 
            "piazza_email": "", 
            "referrer": null, 
            "site_data": "", 
            "accept_language": null, 
            "education": null, 
            "user_agent_first": null, 
            "institutions": [], 
            "birth_year": null
        }
    }, 
    {
        "pk": 10, 
        "model": "c2g.userprofile", 
        "fields": {
            "referrer_first": null, 
            "client_ip": null, 
            "user_agent": null, 
            "last_updated": "2012-11-16T13:37:04", 
            "email_me": true, 
            "piazza_name": "", 
            "gender": null, 
            "work": null, 
            "time_created": "2012-11-16T13:37:04", 
            "client_ip_first": null, 
            "accept_language_first": null, 
            "user": 10, 
            "piazza_email": "", 
            "referrer": null, 
            "site_data": "", 
            "accept_language": null, 
            "education": null, 
            "user_agent_first": null, 
            "institutions": [], 
            "birth_year": null
        }
    }, 
    {
        "pk": 11, 
        "model": "c2g.userprofile", 
        "fields": {
            "referrer_first": null, 
            "client_ip": null, 
            "user_agent": null, 
            "last_updated": "2012-11-16T13:37:05", 
            "email_me": true, 
            "piazza_name": "", 
            "gender": null, 
            "work": null, 
            "time_created": "2012-11-16T13:37:05", 
            "client_ip_first": null, 
            "accept_language_first": null, 
            "user": 11, 
            "piazza_email": "", 
            "referrer": null, 
            "site_data": "", 
            "accept_language": null, 
            "education": null, 
            "user_agent_first": null, 
            "institutions": [], 
            "birth_year": null
        }
    }, 
    {
        "pk": 12, 
        "model": "c2g.userprofile", 
        "fields": {
            "referrer_first": null, 
            "client_ip": null, 
            "user_agent": null, 
            "last_updated": "2012-11-16T13:37:05", 
            "email_me": true, 
            "piazza_name": "", 
            "gender": null, 
            "work": null, 
            "time_created": "2012-11-16T13:37:05", 
            "client_ip_first": null, 
            "accept_language_first": null, 
            "user": 12, 
            "piazza_email": "", 
            "referrer": null, 
            "site_data": "", 
            "accept_language": null, 
            "education": null, 
            "user_agent_first": null, 
            "institutions": [], 
            "birth_year": null
        }
    }, 
    {
        "pk": 13, 
        "model": "c2g.userprofile", 
        "fields": {
            "referrer_first": null, 
            "client_ip": null, 
            "user_agent": null, 
            "last_updated": "2012-11-16T13:37:05", 
            "email_me": true, 
            "piazza_name": "", 
            "gender": null, 
            "work": null, 
            "time_created": "2012-11-16T13:37:05", 
            "client_ip_first": null, 
            "accept_language_first": null, 
            "user": 13, 
            "piazza_email": "", 
            "referrer": null, 
            "site_data": "", 
            "accept_language": null, 
            "education": null, 
            "user_agent_first": null, 
            "institutions": [], 
            "birth_year": null
        }
    }, 
    {
        "pk": 14, 
        "model": "c2g.userprofile", 
        "fields": {
            "referrer_first": null, 
            "client_ip": null, 
            "user_agent": null, 
            "last_updated": "2012-11-16T13:37:05", 
            "email_me": true, 
            "piazza_name": "", 
            "gender": null, 
            "work": null, 
            "time_created": "2012-11-16T13:37:05", 
            "client_ip_first": null, 
            "accept_language_first": null, 
            "user": 14, 
            "piazza_email": "", 
            "referrer": null, 
            "site_data": "", 
            "accept_language": null, 
            "education": null, 
            "user_agent_first": null, 
            "institutions": [], 
            "birth_year": null
        }
    }, 
    {
        "pk": 15, 
        "model": "c2g.userprofile", 
        "fields": {
            "referrer_first": null, 
            "client_ip": null, 
            "user_agent": null, 
            "last_updated": "2012-11-16T13:37:06", 
            "email_me": true, 
            "piazza_name": "", 
            "gender": null, 
            "work": null, 
            "time_created": "2012-11-16T13:37:06", 
            "client_ip_first": null, 
            "accept_language_first": null, 
            "user": 15, 
            "piazza_email": "", 
            "referrer": null, 
            "site_data": "", 
            "accept_language": null, 
            "education": null, 
            "user_agent_first": null, 
            "institutions": [], 
            "birth_year": null
        }
    }, 
    {
        "pk": 16, 
        "model": "c2g.userprofile", 
        "fields": {
            "referrer_first": null, 
            "client_ip": null, 
            "user_agent": null, 
            "last_updated": "2012-11-16T13:37:06", 
            "email_me": true, 
            "piazza_name": "", 
            "gender": null, 
            "work": null, 
            "time_created": "2012-11-16T13:37:06", 
            "client_ip_first": null, 
            "accept_language_first": null, 
            "user": 16, 
            "piazza_email": "", 
            "referrer": null, 
            "site_data": "", 
            "accept_language": null, 
            "education": null, 
            "user_agent_first": null, 
            "institutions": [], 
            "birth_year": null
        }
    }, 
    {
        "pk": 17, 
        "model": "c2g.userprofile", 
        "fields": {
            "referrer_first": null, 
            "client_ip": null, 
            "user_agent": null, 
            "last_updated": "2012-11-16T13:37:06", 
            "email_me": true, 
            "piazza_name": "", 
            "gender": null, 
            "work": null, 
            "time_created": "2012-11-16T13:37:06", 
            "client_ip_first": null, 
            "accept_language_first": null, 
            "user": 17, 
            "piazza_email": "", 
            "referrer": null, 
            "site_data": "", 
            "accept_language": null, 
            "education": null, 
            "user_agent_first": null, 
            "institutions": [], 
            "birth_year": null
        }
    }, 
    {
        "pk": 18, 
        "model": "c2g.userprofile", 
        "fields": {
            "referrer_first": null, 
            "client_ip": null, 
            "user_agent": null, 
            "last_updated": "2012-11-16T13:37:07", 
            "email_me": true, 
            "piazza_name": "", 
            "gender": null, 
            "work": null, 
            "time_created": "2012-11-16T13:37:07", 
            "client_ip_first": null, 
            "accept_language_first": null, 
            "user": 18, 
            "piazza_email": "", 
            "referrer": null, 
            "site_data": "", 
            "accept_language": null, 
            "education": null, 
            "user_agent_first": null, 
            "institutions": [], 
            "birth_year": null
        }
    }, 
    {
        "pk": 19, 
        "model": "c2g.userprofile", 
        "fields": {
            "referrer_first": null, 
            "client_ip": null, 
            "user_agent": null, 
            "last_updated": "2012-11-16T13:37:07", 
            "email_me": true, 
            "piazza_name": "", 
            "gender": null, 
            "work": null, 
            "time_created": "2012-11-16T13:37:07", 
            "client_ip_first": null, 
            "accept_language_first": null, 
            "user": 19, 
            "piazza_email": "", 
            "referrer": null, 
            "site_data": "", 
            "accept_language": null, 
            "education": null, 
            "user_agent_first": null, 
            "institutions": [], 
            "birth_year": null
        }
    }, 
    {
        "pk": 20, 
        "model": "c2g.userprofile", 
        "fields": {
            "referrer_first": null, 
            "client_ip": null, 
            "user_agent": null, 
            "last_updated": "2012-11-16T13:37:07", 
            "email_me": true, 
            "piazza_name": "", 
            "gender": null, 
            "work": null, 
            "time_created": "2012-11-16T13:37:07", 
            "client_ip_first": null, 
            "accept_language_first": null, 
            "user": 20, 
            "piazza_email": "", 
            "referrer": null, 
            "site_data": "", 
            "accept_language": null, 
            "education": null, 
            "user_agent_first": null, 
            "institutions": [], 
            "birth_year": null
        }
    }, 
    {
        "pk": 21, 
        "model": "c2g.userprofile", 
        "fields": {
            "referrer_first": null, 
            "client_ip": null, 
            "user_agent": null, 
            "last_updated": "2012-11-16T13:37:07", 
            "email_me": true, 
            "piazza_name": "", 
            "gender": null, 
            "work": null, 
            "time_created": "2012-11-16T13:37:07", 
            "client_ip_first": null, 
            "accept_language_first": null, 
            "user": 21, 
            "piazza_email": "", 
            "referrer": null, 
            "site_data": "", 
            "accept_language": null, 
            "education": null, 
            "user_agent_first": null, 
            "institutions": [], 
            "birth_year": null
        }
    }, 
    {
        "pk": 22, 
        "model": "c2g.userprofile", 
        "fields": {
            "referrer_first": null, 
            "client_ip": null, 
            "user_agent": null, 
            "last_updated": "2012-11-16T13:37:07", 
            "email_me": true, 
            "piazza_name": "", 
            "gender": null, 
            "work": null, 
            "time_created": "2012-11-16T13:37:07", 
            "client_ip_first": null, 
            "accept_language_first": null, 
            "user": 22, 
            "piazza_email": "", 
            "referrer": null, 
            "site_data": "", 
            "accept_language": null, 
            "education": null, 
            "user_agent_first": null, 
            "institutions": [], 
            "birth_year": null
        }
    }, 
    {
        "pk": 23, 
        "model": "c2g.userprofile", 
        "fields": {
            "referrer_first": null, 
            "client_ip": null, 
            "user_agent": null, 
            "last_updated": "2012-11-16T13:37:08", 
            "email_me": true, 
            "piazza_name": "", 
            "gender": null, 
            "work": null, 
            "time_created": "2012-11-16T13:37:08", 
            "client_ip_first": null, 
            "accept_language_first": null, 
            "user": 23, 
            "piazza_email": "", 
            "referrer": null, 
            "site_data": "", 
            "accept_language": null, 
            "education": null, 
            "user_agent_first": null, 
            "institutions": [], 
            "birth_year": null
        }
    }, 
    {
        "pk": 24, 
        "model": "c2g.userprofile", 
        "fields": {
            "referrer_first": null, 
            "client_ip": null, 
            "user_agent": null, 
            "last_updated": "2012-11-16T13:37:08", 
            "email_me": true, 
            "piazza_name": "", 
            "gender": null, 
            "work": null, 
            "time_created": "2012-11-16T13:37:08", 
            "client_ip_first": null, 
            "accept_language_first": null, 
            "user": 24, 
            "piazza_email": "", 
            "referrer": null, 
            "site_data": "", 
            "accept_language": null, 
            "education": null, 
            "user_agent_first": null, 
            "institutions": [], 
            "birth_year": null
        }
    }, 
    {
        "pk": 25, 
        "model": "c2g.userprofile", 
        "fields": {
            "referrer_first": null, 
            "client_ip": null, 
            "user_agent": null, 
            "last_updated": "2012-11-16T13:37:08", 
            "email_me": true, 
            "piazza_name": "", 
            "gender": null, 
            "work": null, 
            "time_created": "2012-11-16T13:37:08", 
            "client_ip_first": null, 
            "accept_language_first": null, 
            "user": 25, 
            "piazza_email": "", 
            "referrer": null, 
            "site_data": "", 
            "accept_language": null, 
            "education": null, 
            "user_agent_first": null, 
            "institutions": [], 
            "birth_year": null
        }
    }, 
    {
        "pk": 26, 
        "model": "c2g.userprofile", 
        "fields": {
            "referrer_first": null, 
            "client_ip": null, 
            "user_agent": null, 
            "last_updated": "2012-11-16T13:37:08", 
            "email_me": true, 
            "piazza_name": "", 
            "gender": null, 
            "work": null, 
            "time_created": "2012-11-16T13:37:08", 
            "client_ip_first": null, 
            "accept_language_first": null, 
            "user": 26, 
            "piazza_email": "", 
            "referrer": null, 
            "site_data": "", 
            "accept_language": null, 
            "education": null, 
            "user_agent_first": null, 
            "institutions": [], 
            "birth_year": null
        }
    }, 
    {
        "pk": 27, 
        "model": "c2g.userprofile", 
        "fields": {
            "referrer_first": null, 
            "client_ip": null, 
            "user_agent": null, 
            "last_updated": "2012-11-16T13:37:08", 
            "email_me": true, 
            "piazza_name": "", 
            "gender": null, 
            "work": null, 
            "time_created": "2012-11-16T13:37:08", 
            "client_ip_first": null, 
            "accept_language_first": null, 
            "user": 27, 
            "piazza_email": "", 
            "referrer": null, 
            "site_data": "", 
            "accept_language": null, 
            "education": null, 
            "user_agent_first": null, 
            "institutions": [], 
            "birth_year": null
        }
    }, 
    {
        "pk": 28, 
        "model": "c2g.userprofile", 
        "fields": {
            "referrer_first": null, 
            "client_ip": null, 
            "user_agent": null, 
            "last_updated": "2012-11-16T13:37:09", 
            "email_me": true, 
            "piazza_name": "", 
            "gender": null, 
            "work": null, 
            "time_created": "2012-11-16T13:37:09", 
            "client_ip_first": null, 
            "accept_language_first": null, 
            "user": 28, 
            "piazza_email": "", 
            "referrer": null, 
            "site_data": "", 
            "accept_language": null, 
            "education": null, 
            "user_agent_first": null, 
            "institutions": [], 
            "birth_year": null
        }
    }, 
    {
        "pk": 29, 
        "model": "c2g.userprofile", 
        "fields": {
            "referrer_first": null, 
            "client_ip": null, 
            "user_agent": null, 
            "last_updated": "2012-11-16T13:37:09", 
            "email_me": true, 
            "piazza_name": "", 
            "gender": null, 
            "work": null, 
            "time_created": "2012-11-16T13:37:09", 
            "client_ip_first": null, 
            "accept_language_first": null, 
            "user": 29, 
            "piazza_email": "", 
            "referrer": null, 
            "site_data": "", 
            "accept_language": null, 
            "education": null, 
            "user_agent_first": null, 
            "institutions": [], 
            "birth_year": null
        }
    }, 
    {
        "pk": 30, 
        "model": "c2g.userprofile", 
        "fields": {
            "referrer_first": null, 
            "client_ip": null, 
            "user_agent": null, 
            "last_updated": "2012-11-16T13:37:09", 
            "email_me": true, 
            "piazza_name": "", 
            "gender": null, 
            "work": null, 
            "time_created": "2012-11-16T13:37:09", 
            "client_ip_first": null, 
            "accept_language_first": null, 
            "user": 30, 
            "piazza_email": "", 
            "referrer": null, 
            "site_data": "", 
            "accept_language": null, 
            "education": null, 
            "user_agent_first": null, 
            "institutions": [], 
            "birth_year": null
        }
    }, 
    {
        "pk": 31, 
        "model": "c2g.userprofile", 
        "fields": {
            "referrer_first": null, 
            "client_ip": null, 
            "user_agent": null, 
            "last_updated": "2012-11-16T13:37:09", 
            "email_me": true, 
            "piazza_name": "", 
            "gender": null, 
            "work": null, 
            "time_created": "2012-11-16T13:37:09", 
            "client_ip_first": null, 
            "accept_language_first": null, 
            "user": 31, 
            "piazza_email": "", 
            "referrer": null, 
            "site_data": "", 
            "accept_language": null, 
            "education": null, 
            "user_agent_first": null, 
            "institutions": [], 
            "birth_year": null
        }
    }, 
    {
        "pk": 32, 
        "model": "c2g.userprofile", 
        "fields": {
            "referrer_first": null, 
            "client_ip": null, 
            "user_agent": null, 
            "last_updated": "2012-11-16T13:37:10", 
            "email_me": true, 
            "piazza_name": "", 
            "gender": null, 
            "work": null, 
            "time_created": "2012-11-16T13:37:10", 
            "client_ip_first": null, 
            "accept_language_first": null, 
            "user": 32, 
            "piazza_email": "", 
            "referrer": null, 
            "site_data": "", 
            "accept_language": null, 
            "education": null, 
            "user_agent_first": null, 
            "institutions": [], 
            "birth_year": null
        }
    }, 
    {
        "pk": 33, 
        "model": "c2g.userprofile", 
        "fields": {
            "referrer_first": null, 
            "client_ip": null, 
            "user_agent": null, 
            "last_updated": "2012-11-16T13:37:10", 
            "email_me": true, 
            "piazza_name": "", 
            "gender": null, 
            "work": null, 
            "time_created": "2012-11-16T13:37:10", 
            "client_ip_first": null, 
            "accept_language_first": null, 
            "user": 33, 
            "piazza_email": "", 
            "referrer": null, 
            "site_data": "", 
            "accept_language": null, 
            "education": null, 
            "user_agent_first": null, 
            "institutions": [], 
            "birth_year": null
        }
    }, 
    {
        "pk": 34, 
        "model": "c2g.userprofile", 
        "fields": {
            "referrer_first": null, 
            "client_ip": null, 
            "user_agent": null, 
            "last_updated": "2012-11-16T13:37:10", 
            "email_me": true, 
            "piazza_name": "", 
            "gender": null, 
            "work": null, 
            "time_created": "2012-11-16T13:37:10", 
            "client_ip_first": null, 
            "accept_language_first": null, 
            "user": 34, 
            "piazza_email": "", 
            "referrer": null, 
            "site_data": "", 
            "accept_language": null, 
            "education": null, 
            "user_agent_first": null, 
            "institutions": [], 
            "birth_year": null
        }
    }, 
    {
        "pk": 35, 
        "model": "c2g.userprofile", 
        "fields": {
            "referrer_first": null, 
            "client_ip": null, 
            "user_agent": null, 
            "last_updated": "2012-11-16T13:37:10", 
            "email_me": true, 
            "piazza_name": "", 
            "gender": null, 
            "work": null, 
            "time_created": "2012-11-16T13:37:10", 
            "client_ip_first": null, 
            "accept_language_first": null, 
            "user": 35, 
            "piazza_email": "", 
            "referrer": null, 
            "site_data": "", 
            "accept_language": null, 
            "education": null, 
            "user_agent_first": null, 
            "institutions": [], 
            "birth_year": null
        }
    }, 
    {
        "pk": 36, 
        "model": "c2g.userprofile", 
        "fields": {
            "referrer_first": null, 
            "client_ip": null, 
            "user_agent": null, 
            "last_updated": "2012-11-16T13:37:10", 
            "email_me": true, 
            "piazza_name": "", 
            "gender": null, 
            "work": null, 
            "time_created": "2012-11-16T13:37:10", 
            "client_ip_first": null, 
            "accept_language_first": null, 
            "user": 36, 
            "piazza_email": "", 
            "referrer": null, 
            "site_data": "", 
            "accept_language": null, 
            "education": null, 
            "user_agent_first": null, 
            "institutions": [], 
            "birth_year": null
        }
    }, 
    {
        "pk": 37, 
        "model": "c2g.userprofile", 
        "fields": {
            "referrer_first": null, 
            "client_ip": null, 
            "user_agent": null, 
            "last_updated": "2012-11-16T13:37:11", 
            "email_me": true, 
            "piazza_name": "", 
            "gender": null, 
            "work": null, 
            "time_created": "2012-11-16T13:37:11", 
            "client_ip_first": null, 
            "accept_language_first": null, 
            "user": 37, 
            "piazza_email": "", 
            "referrer": null, 
            "site_data": "", 
            "accept_language": null, 
            "education": null, 
            "user_agent_first": null, 
            "institutions": [], 
            "birth_year": null
        }
    }, 
    {
        "pk": 38, 
        "model": "c2g.userprofile", 
        "fields": {
            "referrer_first": null, 
            "client_ip": null, 
            "user_agent": null, 
            "last_updated": "2012-11-16T13:37:11", 
            "email_me": true, 
            "piazza_name": "", 
            "gender": null, 
            "work": null, 
            "time_created": "2012-11-16T13:37:11", 
            "client_ip_first": null, 
            "accept_language_first": null, 
            "user": 38, 
            "piazza_email": "", 
            "referrer": null, 
            "site_data": "", 
            "accept_language": null, 
            "education": null, 
            "user_agent_first": null, 
            "institutions": [], 
            "birth_year": null
        }
    }, 
    {
        "pk": 39, 
        "model": "c2g.userprofile", 
        "fields": {
            "referrer_first": null, 
            "client_ip": null, 
            "user_agent": null, 
            "last_updated": "2012-11-16T13:37:12", 
            "email_me": true, 
            "piazza_name": "", 
            "gender": null, 
            "work": null, 
            "time_created": "2012-11-16T13:37:12", 
            "client_ip_first": null, 
            "accept_language_first": null, 
            "user": 39, 
            "piazza_email": "", 
            "referrer": null, 
            "site_data": "", 
            "accept_language": null, 
            "education": null, 
            "user_agent_first": null, 
            "institutions": [], 
            "birth_year": null
        }
    }, 
    {
        "pk": 40, 
        "model": "c2g.userprofile", 
        "fields": {
            "referrer_first": null, 
            "client_ip": null, 
            "user_agent": null, 
            "last_updated": "2012-11-16T13:37:12", 
            "email_me": true, 
            "piazza_name": "", 
            "gender": null, 
            "work": null, 
            "time_created": "2012-11-16T13:37:12", 
            "client_ip_first": null, 
            "accept_language_first": null, 
            "user": 40, 
            "piazza_email": "", 
            "referrer": null, 
            "site_data": "", 
            "accept_language": null, 
            "education": null, 
            "user_agent_first": null, 
            "institutions": [], 
            "birth_year": null
        }
    }, 
    {
        "pk": 41, 
        "model": "c2g.userprofile", 
        "fields": {
            "referrer_first": null, 
            "client_ip": null, 
            "user_agent": null, 
            "last_updated": "2012-11-16T13:37:12", 
            "email_me": true, 
            "piazza_name": "", 
            "gender": null, 
            "work": null, 
            "time_created": "2012-11-16T13:37:12", 
            "client_ip_first": null, 
            "accept_language_first": null, 
            "user": 41, 
            "piazza_email": "", 
            "referrer": null, 
            "site_data": "", 
            "accept_language": null, 
            "education": null, 
            "user_agent_first": null, 
            "institutions": [], 
            "birth_year": null
        }
    }, 
    {
        "pk": 42, 
        "model": "c2g.userprofile", 
        "fields": {
            "referrer_first": null, 
            "client_ip": null, 
            "user_agent": null, 
            "last_updated": "2012-11-16T13:37:13", 
            "email_me": true, 
            "piazza_name": "", 
            "gender": null, 
            "work": null, 
            "time_created": "2012-11-16T13:37:13", 
            "client_ip_first": null, 
            "accept_language_first": null, 
            "user": 42, 
            "piazza_email": "", 
            "referrer": null, 
            "site_data": "", 
            "accept_language": null, 
            "education": null, 
            "user_agent_first": null, 
            "institutions": [], 
            "birth_year": null
        }
    }, 
    {
        "pk": 43, 
        "model": "c2g.userprofile", 
        "fields": {
            "referrer_first": null, 
            "client_ip": null, 
            "user_agent": null, 
            "last_updated": "2012-11-16T13:37:13", 
            "email_me": true, 
            "piazza_name": "", 
            "gender": null, 
            "work": null, 
            "time_created": "2012-11-16T13:37:13", 
            "client_ip_first": null, 
            "accept_language_first": null, 
            "user": 43, 
            "piazza_email": "", 
            "referrer": null, 
            "site_data": "", 
            "accept_language": null, 
            "education": null, 
            "user_agent_first": null, 
            "institutions": [], 
            "birth_year": null
        }
    }, 
    {
        "pk": 44, 
        "model": "c2g.userprofile", 
        "fields": {
            "referrer_first": null, 
            "client_ip": null, 
            "user_agent": null, 
            "last_updated": "2012-11-16T13:37:13", 
            "email_me": true, 
            "piazza_name": "", 
            "gender": null, 
            "work": null, 
            "time_created": "2012-11-16T13:37:13", 
            "client_ip_first": null, 
            "accept_language_first": null, 
            "user": 44, 
            "piazza_email": "", 
            "referrer": null, 
            "site_data": "", 
            "accept_language": null, 
            "education": null, 
            "user_agent_first": null, 
            "institutions": [], 
            "birth_year": null
        }
    }, 
    {
        "pk": 45, 
        "model": "c2g.userprofile", 
        "fields": {
            "referrer_first": null, 
            "client_ip": null, 
            "user_agent": null, 
            "last_updated": "2012-11-16T13:37:13", 
            "email_me": true, 
            "piazza_name": "", 
            "gender": null, 
            "work": null, 
            "time_created": "2012-11-16T13:37:13", 
            "client_ip_first": null, 
            "accept_language_first": null, 
            "user": 45, 
            "piazza_email": "", 
            "referrer": null, 
            "site_data": "", 
            "accept_language": null, 
            "education": null, 
            "user_agent_first": null, 
            "institutions": [], 
            "birth_year": null
        }
    }, 
    {
        "pk": 46, 
        "model": "c2g.userprofile", 
        "fields": {
            "referrer_first": null, 
            "client_ip": null, 
            "user_agent": null, 
            "last_updated": "2012-11-16T13:37:14", 
            "email_me": true, 
            "piazza_name": "", 
            "gender": null, 
            "work": null, 
            "time_created": "2012-11-16T13:37:14", 
            "client_ip_first": null, 
            "accept_language_first": null, 
            "user": 46, 
            "piazza_email": "", 
            "referrer": null, 
            "site_data": "", 
            "accept_language": null, 
            "education": null, 
            "user_agent_first": null, 
            "institutions": [], 
            "birth_year": null
        }
    }, 
    {
        "pk": 47, 
        "model": "c2g.userprofile", 
        "fields": {
            "referrer_first": null, 
            "client_ip": null, 
            "user_agent": null, 
            "last_updated": "2012-11-16T13:37:14", 
            "email_me": true, 
            "piazza_name": "", 
            "gender": null, 
            "work": null, 
            "time_created": "2012-11-16T13:37:14", 
            "client_ip_first": null, 
            "accept_language_first": null, 
            "user": 47, 
            "piazza_email": "", 
            "referrer": null, 
            "site_data": "", 
            "accept_language": null, 
            "education": null, 
            "user_agent_first": null, 
            "institutions": [], 
            "birth_year": null
        }
    }, 
    {
        "pk": 48, 
        "model": "c2g.userprofile", 
        "fields": {
            "referrer_first": null, 
            "client_ip": null, 
            "user_agent": null, 
            "last_updated": "2012-11-16T13:37:14", 
            "email_me": true, 
            "piazza_name": "", 
            "gender": null, 
            "work": null, 
            "time_created": "2012-11-16T13:37:14", 
            "client_ip_first": null, 
            "accept_language_first": null, 
            "user": 48, 
            "piazza_email": "", 
            "referrer": null, 
            "site_data": "", 
            "accept_language": null, 
            "education": null, 
            "user_agent_first": null, 
            "institutions": [], 
            "birth_year": null
        }
    }, 
    {
        "pk": 49, 
        "model": "c2g.userprofile", 
        "fields": {
            "referrer_first": null, 
            "client_ip": null, 
            "user_agent": null, 
            "last_updated": "2012-11-16T13:37:14", 
            "email_me": true, 
            "piazza_name": "", 
            "gender": null, 
            "work": null, 
            "time_created": "2012-11-16T13:37:14", 
            "client_ip_first": null, 
            "accept_language_first": null, 
            "user": 49, 
            "piazza_email": "", 
            "referrer": null, 
            "site_data": "", 
            "accept_language": null, 
            "education": null, 
            "user_agent_first": null, 
            "institutions": [], 
            "birth_year": null
        }
    }, 
    {
        "pk": 50, 
        "model": "c2g.userprofile", 
        "fields": {
            "referrer_first": null, 
            "client_ip": null, 
            "user_agent": null, 
            "last_updated": "2012-11-16T13:37:14", 
            "email_me": true, 
            "piazza_name": "", 
            "gender": null, 
            "work": null, 
            "time_created": "2012-11-16T13:37:14", 
            "client_ip_first": null, 
            "accept_language_first": null, 
            "user": 50, 
            "piazza_email": "", 
            "referrer": null, 
            "site_data": "", 
            "accept_language": null, 
            "education": null, 
            "user_agent_first": null, 
            "institutions": [], 
            "birth_year": null
        }
    }, 
    {
        "pk": 51, 
        "model": "c2g.userprofile", 
        "fields": {
            "referrer_first": null, 
            "client_ip": null, 
            "user_agent": null, 
            "last_updated": "2012-11-16T13:37:14", 
            "email_me": true, 
            "piazza_name": "", 
            "gender": null, 
            "work": null, 
            "time_created": "2012-11-16T13:37:14", 
            "client_ip_first": null, 
            "accept_language_first": null, 
            "user": 51, 
            "piazza_email": "", 
            "referrer": null, 
            "site_data": "", 
            "accept_language": null, 
            "education": null, 
            "user_agent_first": null, 
            "institutions": [], 
            "birth_year": null
        }
    }, 
    {
        "pk": 52, 
        "model": "c2g.userprofile", 
        "fields": {
            "referrer_first": null, 
            "client_ip": null, 
            "user_agent": null, 
            "last_updated": "2012-11-16T13:37:15", 
            "email_me": true, 
            "piazza_name": "", 
            "gender": null, 
            "work": null, 
            "time_created": "2012-11-16T13:37:15", 
            "client_ip_first": null, 
            "accept_language_first": null, 
            "user": 52, 
            "piazza_email": "", 
            "referrer": null, 
            "site_data": "", 
            "accept_language": null, 
            "education": null, 
            "user_agent_first": null, 
            "institutions": [], 
            "birth_year": null
        }
    }, 
    {
        "pk": 53, 
        "model": "c2g.userprofile", 
        "fields": {
            "referrer_first": null, 
            "client_ip": null, 
            "user_agent": null, 
            "last_updated": "2012-11-16T13:37:29", 
            "email_me": true, 
            "piazza_name": "", 
            "gender": null, 
            "work": null, 
            "time_created": "2012-11-16T13:37:29", 
            "client_ip_first": null, 
            "accept_language_first": null, 
            "user": 53, 
            "piazza_email": "", 
            "referrer": null, 
            "site_data": "", 
            "accept_language": null, 
            "education": null, 
            "user_agent_first": null, 
            "institutions": [], 
            "birth_year": null
        }
    }, 
    {
        "pk": 54, 
        "model": "c2g.userprofile", 
        "fields": {
            "referrer_first": null, 
            "client_ip": null, 
            "user_agent": null, 
            "last_updated": "2012-11-16T13:37:30", 
            "email_me": true, 
            "piazza_name": "", 
            "gender": null, 
            "work": null, 
            "time_created": "2012-11-16T13:37:30", 
            "client_ip_first": null, 
            "accept_language_first": null, 
            "user": 54, 
            "piazza_email": "", 
            "referrer": null, 
            "site_data": "", 
            "accept_language": null, 
            "education": null, 
            "user_agent_first": null, 
            "institutions": [], 
            "birth_year": null
        }
    }, 
    {
        "pk": 55, 
        "model": "c2g.userprofile", 
        "fields": {
            "referrer_first": null, 
            "client_ip": null, 
            "user_agent": null, 
            "last_updated": "2012-11-16T13:37:30", 
            "email_me": true, 
            "piazza_name": "", 
            "gender": null, 
            "work": null, 
            "time_created": "2012-11-16T13:37:30", 
            "client_ip_first": null, 
            "accept_language_first": null, 
            "user": 55, 
            "piazza_email": "", 
            "referrer": null, 
            "site_data": "", 
            "accept_language": null, 
            "education": null, 
            "user_agent_first": null, 
            "institutions": [], 
            "birth_year": null
        }
    }, 
    {
        "pk": 56, 
        "model": "c2g.userprofile", 
        "fields": {
            "referrer_first": null, 
            "client_ip": null, 
            "user_agent": null, 
            "last_updated": "2012-11-16T13:37:30", 
            "email_me": true, 
            "piazza_name": "", 
            "gender": null, 
            "work": null, 
            "time_created": "2012-11-16T13:37:30", 
            "client_ip_first": null, 
            "accept_language_first": null, 
            "user": 56, 
            "piazza_email": "", 
            "referrer": null, 
            "site_data": "", 
            "accept_language": null, 
            "education": null, 
            "user_agent_first": null, 
            "institutions": [], 
            "birth_year": null
        }
    }, 
    {
        "pk": 57, 
        "model": "c2g.userprofile", 
        "fields": {
            "referrer_first": null, 
            "client_ip": null, 
            "user_agent": null, 
            "last_updated": "2012-11-16T13:37:30", 
            "email_me": true, 
            "piazza_name": "", 
            "gender": null, 
            "work": null, 
            "time_created": "2012-11-16T13:37:30", 
            "client_ip_first": null, 
            "accept_language_first": null, 
            "user": 57, 
            "piazza_email": "", 
            "referrer": null, 
            "site_data": "", 
            "accept_language": null, 
            "education": null, 
            "user_agent_first": null, 
            "institutions": [], 
            "birth_year": null
        }
    }, 
    {
        "pk": 58, 
        "model": "c2g.userprofile", 
        "fields": {
            "referrer_first": null, 
            "client_ip": null, 
            "user_agent": null, 
            "last_updated": "2012-11-16T13:37:30", 
            "email_me": true, 
            "piazza_name": "", 
            "gender": null, 
            "work": null, 
            "time_created": "2012-11-16T13:37:30", 
            "client_ip_first": null, 
            "accept_language_first": null, 
            "user": 58, 
            "piazza_email": "", 
            "referrer": null, 
            "site_data": "", 
            "accept_language": null, 
            "education": null, 
            "user_agent_first": null, 
            "institutions": [], 
            "birth_year": null
        }
    }, 
    {
        "pk": 1, 
        "model": "c2g.videoactivity", 
        "fields": {
            "course": 1, 
            "max_end_seconds": 0, 
            "video": 2, 
            "student": 13, 
            "start_seconds": 276
        }
    }, 
    {
        "pk": 2, 
        "model": "c2g.videoactivity", 
        "fields": {
            "course": 1, 
            "max_end_seconds": 0, 
            "video": 2, 
            "student": 14, 
            "start_seconds": 70
        }
    }, 
    {
        "pk": 3, 
        "model": "c2g.videoactivity", 
        "fields": {
            "course": 1, 
            "max_end_seconds": 0, 
            "video": 2, 
            "student": 15, 
            "start_seconds": 193
        }
    }, 
    {
        "pk": 4, 
        "model": "c2g.videoactivity", 
        "fields": {
            "course": 1, 
            "max_end_seconds": 0, 
            "video": 2, 
            "student": 16, 
            "start_seconds": 550
        }
    }, 
    {
        "pk": 5, 
        "model": "c2g.videoactivity", 
        "fields": {
            "course": 1, 
            "max_end_seconds": 0, 
            "video": 2, 
            "student": 17, 
            "start_seconds": 167
        }
    }, 
    {
        "pk": 6, 
        "model": "c2g.videoactivity", 
        "fields": {
            "course": 1, 
            "max_end_seconds": 0, 
            "video": 2, 
            "student": 18, 
            "start_seconds": 299
        }
    }, 
    {
        "pk": 7, 
        "model": "c2g.videoactivity", 
        "fields": {
            "course": 1, 
            "max_end_seconds": 0, 
            "video": 2, 
            "student": 19, 
            "start_seconds": 62
        }
    }, 
    {
        "pk": 8, 
        "model": "c2g.videoactivity", 
        "fields": {
            "course": 1, 
            "max_end_seconds": 0, 
            "video": 2, 
            "student": 20, 
            "start_seconds": 185
        }
    }, 
    {
        "pk": 9, 
        "model": "c2g.videoactivity", 
        "fields": {
            "course": 1, 
            "max_end_seconds": 0, 
            "video": 2, 
            "student": 21, 
            "start_seconds": 359
        }
    }, 
    {
        "pk": 10, 
        "model": "c2g.videoactivity", 
        "fields": {
            "course": 1, 
            "max_end_seconds": 0, 
            "video": 2, 
            "student": 22, 
            "start_seconds": 714
        }
    }, 
    {
        "pk": 11, 
        "model": "c2g.videoactivity", 
        "fields": {
            "course": 1, 
            "max_end_seconds": 0, 
            "video": 2, 
            "student": 23, 
            "start_seconds": 405
        }
    }, 
    {
        "pk": 12, 
        "model": "c2g.videoactivity", 
        "fields": {
            "course": 1, 
            "max_end_seconds": 0, 
            "video": 2, 
            "student": 24, 
            "start_seconds": 231
        }
    }, 
    {
        "pk": 13, 
        "model": "c2g.videoactivity", 
        "fields": {
            "course": 1, 
            "max_end_seconds": 0, 
            "video": 2, 
            "student": 25, 
            "start_seconds": 405
        }
    }, 
    {
        "pk": 14, 
        "model": "c2g.videoactivity", 
        "fields": {
            "course": 1, 
            "max_end_seconds": 0, 
            "video": 2, 
            "student": 26, 
            "start_seconds": 163
        }
    }, 
    {
        "pk": 15, 
        "model": "c2g.videoactivity", 
        "fields": {
            "course": 1, 
            "max_end_seconds": 0, 
            "video": 2, 
            "student": 27, 
            "start_seconds": 568
        }
    }, 
    {
        "pk": 16, 
        "model": "c2g.videoactivity", 
        "fields": {
            "course": 1, 
            "max_end_seconds": 0, 
            "video": 2, 
            "student": 28, 
            "start_seconds": 370
        }
    }, 
    {
        "pk": 17, 
        "model": "c2g.videoactivity", 
        "fields": {
            "course": 1, 
            "max_end_seconds": 0, 
            "video": 2, 
            "student": 29, 
            "start_seconds": 79
        }
    }, 
    {
        "pk": 18, 
        "model": "c2g.videoactivity", 
        "fields": {
            "course": 1, 
            "max_end_seconds": 0, 
            "video": 2, 
            "student": 30, 
            "start_seconds": 537
        }
    }, 
    {
        "pk": 19, 
        "model": "c2g.videoactivity", 
        "fields": {
            "course": 1, 
            "max_end_seconds": 0, 
            "video": 2, 
            "student": 31, 
            "start_seconds": 336
        }
    }, 
    {
        "pk": 20, 
        "model": "c2g.videoactivity", 
        "fields": {
            "course": 1, 
            "max_end_seconds": 0, 
            "video": 2, 
            "student": 32, 
            "start_seconds": 263
        }
    }, 
    {
        "pk": 21, 
        "model": "c2g.videoactivity", 
        "fields": {
            "course": 1, 
            "max_end_seconds": 0, 
            "video": 2, 
            "student": 33, 
            "start_seconds": 699
        }
    }, 
    {
        "pk": 22, 
        "model": "c2g.videoactivity", 
        "fields": {
            "course": 1, 
            "max_end_seconds": 0, 
            "video": 2, 
            "student": 34, 
            "start_seconds": 520
        }
    }, 
    {
        "pk": 23, 
        "model": "c2g.videoactivity", 
        "fields": {
            "course": 1, 
            "max_end_seconds": 0, 
            "video": 2, 
            "student": 35, 
            "start_seconds": 389
        }
    }, 
    {
        "pk": 24, 
        "model": "c2g.videoactivity", 
        "fields": {
            "course": 1, 
            "max_end_seconds": 0, 
            "video": 2, 
            "student": 36, 
            "start_seconds": 157
        }
    }, 
    {
        "pk": 25, 
        "model": "c2g.videoactivity", 
        "fields": {
            "course": 1, 
            "max_end_seconds": 0, 
            "video": 2, 
            "student": 37, 
            "start_seconds": 438
        }
    }, 
    {
        "pk": 26, 
        "model": "c2g.videoactivity", 
        "fields": {
            "course": 1, 
            "max_end_seconds": 0, 
            "video": 2, 
            "student": 38, 
            "start_seconds": 695
        }
    }, 
    {
        "pk": 27, 
        "model": "c2g.videoactivity", 
        "fields": {
            "course": 1, 
            "max_end_seconds": 0, 
            "video": 2, 
            "student": 39, 
            "start_seconds": 406
        }
    }, 
    {
        "pk": 28, 
        "model": "c2g.videoactivity", 
        "fields": {
            "course": 1, 
            "max_end_seconds": 0, 
            "video": 2, 
            "student": 40, 
            "start_seconds": 317
        }
    }, 
    {
        "pk": 29, 
        "model": "c2g.videoactivity", 
        "fields": {
            "course": 1, 
            "max_end_seconds": 0, 
            "video": 2, 
            "student": 41, 
            "start_seconds": 719
        }
    }, 
    {
        "pk": 30, 
        "model": "c2g.videoactivity", 
        "fields": {
            "course": 1, 
            "max_end_seconds": 0, 
            "video": 2, 
            "student": 42, 
            "start_seconds": 133
        }
    }, 
    {
        "pk": 31, 
        "model": "c2g.videoactivity", 
        "fields": {
            "course": 1, 
            "max_end_seconds": 0, 
            "video": 2, 
            "student": 43, 
            "start_seconds": 203
        }
    }, 
    {
        "pk": 32, 
        "model": "c2g.videoactivity", 
        "fields": {
            "course": 1, 
            "max_end_seconds": 0, 
            "video": 2, 
            "student": 44, 
            "start_seconds": 675
        }
    }, 
    {
        "pk": 33, 
        "model": "c2g.videoactivity", 
        "fields": {
            "course": 1, 
            "max_end_seconds": 0, 
            "video": 2, 
            "student": 45, 
            "start_seconds": 144
        }
    }, 
    {
        "pk": 34, 
        "model": "c2g.videoactivity", 
        "fields": {
            "course": 1, 
            "max_end_seconds": 0, 
            "video": 2, 
            "student": 46, 
            "start_seconds": 15
        }
    }, 
    {
        "pk": 35, 
        "model": "c2g.videoactivity", 
        "fields": {
            "course": 1, 
            "max_end_seconds": 0, 
            "video": 2, 
            "student": 47, 
            "start_seconds": 759
        }
    }, 
    {
        "pk": 36, 
        "model": "c2g.videoactivity", 
        "fields": {
            "course": 1, 
            "max_end_seconds": 0, 
            "video": 2, 
            "student": 48, 
            "start_seconds": 146
        }
    }, 
    {
        "pk": 37, 
        "model": "c2g.videoactivity", 
        "fields": {
            "course": 1, 
            "max_end_seconds": 0, 
            "video": 2, 
            "student": 49, 
            "start_seconds": 248
        }
    }, 
    {
        "pk": 38, 
        "model": "c2g.videoactivity", 
        "fields": {
            "course": 1, 
            "max_end_seconds": 0, 
            "video": 2, 
            "student": 50, 
            "start_seconds": 206
        }
    }, 
    {
        "pk": 39, 
        "model": "c2g.videoactivity", 
        "fields": {
            "course": 1, 
            "max_end_seconds": 0, 
            "video": 2, 
            "student": 51, 
            "start_seconds": 210
        }
    }, 
    {
        "pk": 40, 
        "model": "c2g.videoactivity", 
        "fields": {
            "course": 1, 
            "max_end_seconds": 0, 
            "video": 4, 
            "student": 13, 
            "start_seconds": 420
        }
    }, 
    {
        "pk": 41, 
        "model": "c2g.videoactivity", 
        "fields": {
            "course": 1, 
            "max_end_seconds": 0, 
            "video": 4, 
            "student": 14, 
            "start_seconds": 15
        }
    }, 
    {
        "pk": 42, 
        "model": "c2g.videoactivity", 
        "fields": {
            "course": 1, 
            "max_end_seconds": 0, 
            "video": 4, 
            "student": 15, 
            "start_seconds": 543
        }
    }, 
    {
        "pk": 43, 
        "model": "c2g.videoactivity", 
        "fields": {
            "course": 1, 
            "max_end_seconds": 0, 
            "video": 4, 
            "student": 16, 
            "start_seconds": 507
        }
    }, 
    {
        "pk": 44, 
        "model": "c2g.videoactivity", 
        "fields": {
            "course": 1, 
            "max_end_seconds": 0, 
            "video": 4, 
            "student": 17, 
            "start_seconds": 495
        }
    }, 
    {
        "pk": 45, 
        "model": "c2g.videoactivity", 
        "fields": {
            "course": 1, 
            "max_end_seconds": 0, 
            "video": 4, 
            "student": 18, 
            "start_seconds": 189
        }
    }, 
    {
        "pk": 46, 
        "model": "c2g.videoactivity", 
        "fields": {
            "course": 1, 
            "max_end_seconds": 0, 
            "video": 4, 
            "student": 19, 
            "start_seconds": 482
        }
    }, 
    {
        "pk": 47, 
        "model": "c2g.videoactivity", 
        "fields": {
            "course": 1, 
            "max_end_seconds": 0, 
            "video": 4, 
            "student": 20, 
            "start_seconds": 326
        }
    }, 
    {
        "pk": 48, 
        "model": "c2g.videoactivity", 
        "fields": {
            "course": 1, 
            "max_end_seconds": 0, 
            "video": 4, 
            "student": 21, 
            "start_seconds": 386
        }
    }, 
    {
        "pk": 49, 
        "model": "c2g.videoactivity", 
        "fields": {
            "course": 1, 
            "max_end_seconds": 0, 
            "video": 4, 
            "student": 22, 
            "start_seconds": 615
        }
    }, 
    {
        "pk": 50, 
        "model": "c2g.videoactivity", 
        "fields": {
            "course": 1, 
            "max_end_seconds": 0, 
            "video": 4, 
            "student": 23, 
            "start_seconds": 408
        }
    }, 
    {
        "pk": 51, 
        "model": "c2g.videoactivity", 
        "fields": {
            "course": 1, 
            "max_end_seconds": 0, 
            "video": 4, 
            "student": 24, 
            "start_seconds": 491
        }
    }, 
    {
        "pk": 52, 
        "model": "c2g.videoactivity", 
        "fields": {
            "course": 1, 
            "max_end_seconds": 0, 
            "video": 4, 
            "student": 25, 
            "start_seconds": 579
        }
    }, 
    {
        "pk": 53, 
        "model": "c2g.videoactivity", 
        "fields": {
            "course": 1, 
            "max_end_seconds": 0, 
            "video": 4, 
            "student": 26, 
            "start_seconds": 605
        }
    }, 
    {
        "pk": 54, 
        "model": "c2g.videoactivity", 
        "fields": {
            "course": 1, 
            "max_end_seconds": 0, 
            "video": 4, 
            "student": 27, 
            "start_seconds": 123
        }
    }, 
    {
        "pk": 55, 
        "model": "c2g.videoactivity", 
        "fields": {
            "course": 1, 
            "max_end_seconds": 0, 
            "video": 4, 
            "student": 28, 
            "start_seconds": 175
        }
    }, 
    {
        "pk": 56, 
        "model": "c2g.videoactivity", 
        "fields": {
            "course": 1, 
            "max_end_seconds": 0, 
            "video": 4, 
            "student": 29, 
            "start_seconds": 353
        }
    }, 
    {
        "pk": 57, 
        "model": "c2g.videoactivity", 
        "fields": {
            "course": 1, 
            "max_end_seconds": 0, 
            "video": 4, 
            "student": 30, 
            "start_seconds": 563
        }
    }, 
    {
        "pk": 58, 
        "model": "c2g.videoactivity", 
        "fields": {
            "course": 1, 
            "max_end_seconds": 0, 
            "video": 4, 
            "student": 31, 
            "start_seconds": 135
        }
    }, 
    {
        "pk": 59, 
        "model": "c2g.videoactivity", 
        "fields": {
            "course": 1, 
            "max_end_seconds": 0, 
            "video": 4, 
            "student": 32, 
            "start_seconds": 128
        }
    }, 
    {
        "pk": 60, 
        "model": "c2g.videoactivity", 
        "fields": {
            "course": 1, 
            "max_end_seconds": 0, 
            "video": 4, 
            "student": 33, 
            "start_seconds": 113
        }
    }, 
    {
        "pk": 61, 
        "model": "c2g.videoactivity", 
        "fields": {
            "course": 1, 
            "max_end_seconds": 0, 
            "video": 4, 
            "student": 34, 
            "start_seconds": 367
        }
    }, 
    {
        "pk": 62, 
        "model": "c2g.videoactivity", 
        "fields": {
            "course": 1, 
            "max_end_seconds": 0, 
            "video": 4, 
            "student": 35, 
            "start_seconds": 422
        }
    }, 
    {
        "pk": 63, 
        "model": "c2g.videoactivity", 
        "fields": {
            "course": 1, 
            "max_end_seconds": 0, 
            "video": 4, 
            "student": 36, 
            "start_seconds": 121
        }
    }, 
    {
        "pk": 64, 
        "model": "c2g.videoactivity", 
        "fields": {
            "course": 1, 
            "max_end_seconds": 0, 
            "video": 4, 
            "student": 37, 
            "start_seconds": 525
        }
    }, 
    {
        "pk": 65, 
        "model": "c2g.videoactivity", 
        "fields": {
            "course": 1, 
            "max_end_seconds": 0, 
            "video": 4, 
            "student": 38, 
            "start_seconds": 580
        }
    }, 
    {
        "pk": 66, 
        "model": "c2g.videoactivity", 
        "fields": {
            "course": 1, 
            "max_end_seconds": 0, 
            "video": 4, 
            "student": 39, 
            "start_seconds": 16
        }
    }, 
    {
        "pk": 67, 
        "model": "c2g.videoactivity", 
        "fields": {
            "course": 1, 
            "max_end_seconds": 0, 
            "video": 4, 
            "student": 40, 
            "start_seconds": 391
        }
    }, 
    {
        "pk": 68, 
        "model": "c2g.videoactivity", 
        "fields": {
            "course": 1, 
            "max_end_seconds": 0, 
            "video": 4, 
            "student": 41, 
            "start_seconds": 160
        }
    }, 
    {
        "pk": 69, 
        "model": "c2g.videoactivity", 
        "fields": {
            "course": 1, 
            "max_end_seconds": 0, 
            "video": 4, 
            "student": 42, 
            "start_seconds": 189
        }
    }, 
    {
        "pk": 70, 
        "model": "c2g.videoactivity", 
        "fields": {
            "course": 1, 
            "max_end_seconds": 0, 
            "video": 4, 
            "student": 43, 
            "start_seconds": 327
        }
    }, 
    {
        "pk": 71, 
        "model": "c2g.videoactivity", 
        "fields": {
            "course": 1, 
            "max_end_seconds": 0, 
            "video": 4, 
            "student": 44, 
            "start_seconds": 34
        }
    }, 
    {
        "pk": 72, 
        "model": "c2g.videoactivity", 
        "fields": {
            "course": 1, 
            "max_end_seconds": 0, 
            "video": 4, 
            "student": 45, 
            "start_seconds": 108
        }
    }, 
    {
        "pk": 73, 
        "model": "c2g.videoactivity", 
        "fields": {
            "course": 1, 
            "max_end_seconds": 0, 
            "video": 4, 
            "student": 46, 
            "start_seconds": 449
        }
    }, 
    {
        "pk": 74, 
        "model": "c2g.videoactivity", 
        "fields": {
            "course": 1, 
            "max_end_seconds": 0, 
            "video": 4, 
            "student": 47, 
            "start_seconds": 355
        }
    }, 
    {
        "pk": 75, 
        "model": "c2g.videoactivity", 
        "fields": {
            "course": 1, 
            "max_end_seconds": 0, 
            "video": 4, 
            "student": 48, 
            "start_seconds": 219
        }
    }, 
    {
        "pk": 76, 
        "model": "c2g.videoactivity", 
        "fields": {
            "course": 1, 
            "max_end_seconds": 0, 
            "video": 4, 
            "student": 49, 
            "start_seconds": 299
        }
    }, 
    {
        "pk": 77, 
        "model": "c2g.videoactivity", 
        "fields": {
            "course": 1, 
            "max_end_seconds": 0, 
            "video": 4, 
            "student": 50, 
            "start_seconds": 516
        }
    }, 
    {
        "pk": 78, 
        "model": "c2g.videoactivity", 
        "fields": {
            "course": 1, 
            "max_end_seconds": 0, 
            "video": 4, 
            "student": 51, 
            "start_seconds": 294
        }
    }, 
    {
        "pk": 79, 
        "model": "c2g.videoactivity", 
        "fields": {
            "course": 1, 
            "max_end_seconds": 0, 
            "video": 6, 
            "student": 13, 
            "start_seconds": 142
        }
    }, 
    {
        "pk": 80, 
        "model": "c2g.videoactivity", 
        "fields": {
            "course": 1, 
            "max_end_seconds": 0, 
            "video": 6, 
            "student": 14, 
            "start_seconds": 303
        }
    }, 
    {
        "pk": 81, 
        "model": "c2g.videoactivity", 
        "fields": {
            "course": 1, 
            "max_end_seconds": 0, 
            "video": 6, 
            "student": 15, 
            "start_seconds": 28
        }
    }, 
    {
        "pk": 82, 
        "model": "c2g.videoactivity", 
        "fields": {
            "course": 1, 
            "max_end_seconds": 0, 
            "video": 6, 
            "student": 16, 
            "start_seconds": 127
        }
    }, 
    {
        "pk": 83, 
        "model": "c2g.videoactivity", 
        "fields": {
            "course": 1, 
            "max_end_seconds": 0, 
            "video": 6, 
            "student": 17, 
            "start_seconds": 261
        }
    }, 
    {
        "pk": 84, 
        "model": "c2g.videoactivity", 
        "fields": {
            "course": 1, 
            "max_end_seconds": 0, 
            "video": 6, 
            "student": 18, 
            "start_seconds": 237
        }
    }, 
    {
        "pk": 85, 
        "model": "c2g.videoactivity", 
        "fields": {
            "course": 1, 
            "max_end_seconds": 0, 
            "video": 6, 
            "student": 19, 
            "start_seconds": 261
        }
    }, 
    {
        "pk": 86, 
        "model": "c2g.videoactivity", 
        "fields": {
            "course": 1, 
            "max_end_seconds": 0, 
            "video": 6, 
            "student": 20, 
            "start_seconds": 195
        }
    }, 
    {
        "pk": 87, 
        "model": "c2g.videoactivity", 
        "fields": {
            "course": 1, 
            "max_end_seconds": 0, 
            "video": 6, 
            "student": 21, 
            "start_seconds": 184
        }
    }, 
    {
        "pk": 88, 
        "model": "c2g.videoactivity", 
        "fields": {
            "course": 1, 
            "max_end_seconds": 0, 
            "video": 6, 
            "student": 22, 
            "start_seconds": 24
        }
    }, 
    {
        "pk": 89, 
        "model": "c2g.videoactivity", 
        "fields": {
            "course": 1, 
            "max_end_seconds": 0, 
            "video": 6, 
            "student": 23, 
            "start_seconds": 164
        }
    }, 
    {
        "pk": 90, 
        "model": "c2g.videoactivity", 
        "fields": {
            "course": 1, 
            "max_end_seconds": 0, 
            "video": 6, 
            "student": 24, 
            "start_seconds": 278
        }
    }, 
    {
        "pk": 91, 
        "model": "c2g.videoactivity", 
        "fields": {
            "course": 1, 
            "max_end_seconds": 0, 
            "video": 6, 
            "student": 25, 
            "start_seconds": 266
        }
    }, 
    {
        "pk": 92, 
        "model": "c2g.videoactivity", 
        "fields": {
            "course": 1, 
            "max_end_seconds": 0, 
            "video": 6, 
            "student": 26, 
            "start_seconds": 210
        }
    }, 
    {
        "pk": 93, 
        "model": "c2g.videoactivity", 
        "fields": {
            "course": 1, 
            "max_end_seconds": 0, 
            "video": 6, 
            "student": 27, 
            "start_seconds": 48
        }
    }, 
    {
        "pk": 94, 
        "model": "c2g.videoactivity", 
        "fields": {
            "course": 1, 
            "max_end_seconds": 0, 
            "video": 6, 
            "student": 28, 
            "start_seconds": 88
        }
    }, 
    {
        "pk": 95, 
        "model": "c2g.videoactivity", 
        "fields": {
            "course": 1, 
            "max_end_seconds": 0, 
            "video": 6, 
            "student": 29, 
            "start_seconds": 200
        }
    }, 
    {
        "pk": 96, 
        "model": "c2g.videoactivity", 
        "fields": {
            "course": 1, 
            "max_end_seconds": 0, 
            "video": 6, 
            "student": 30, 
            "start_seconds": 127
        }
    }, 
    {
        "pk": 97, 
        "model": "c2g.videoactivity", 
        "fields": {
            "course": 1, 
            "max_end_seconds": 0, 
            "video": 6, 
            "student": 31, 
            "start_seconds": 14
        }
    }, 
    {
        "pk": 98, 
        "model": "c2g.videoactivity", 
        "fields": {
            "course": 1, 
            "max_end_seconds": 0, 
            "video": 6, 
            "student": 32, 
            "start_seconds": 244
        }
    }, 
    {
        "pk": 99, 
        "model": "c2g.videoactivity", 
        "fields": {
            "course": 1, 
            "max_end_seconds": 0, 
            "video": 6, 
            "student": 33, 
            "start_seconds": 19
        }
    }, 
    {
        "pk": 100, 
        "model": "c2g.videoactivity", 
        "fields": {
            "course": 1, 
            "max_end_seconds": 0, 
            "video": 6, 
            "student": 34, 
            "start_seconds": 289
        }
    }, 
    {
        "pk": 101, 
        "model": "c2g.videoactivity", 
        "fields": {
            "course": 1, 
            "max_end_seconds": 0, 
            "video": 6, 
            "student": 35, 
            "start_seconds": 296
        }
    }, 
    {
        "pk": 102, 
        "model": "c2g.videoactivity", 
        "fields": {
            "course": 1, 
            "max_end_seconds": 0, 
            "video": 6, 
            "student": 36, 
            "start_seconds": 107
        }
    }, 
    {
        "pk": 103, 
        "model": "c2g.videoactivity", 
        "fields": {
            "course": 1, 
            "max_end_seconds": 0, 
            "video": 6, 
            "student": 37, 
            "start_seconds": 9
        }
    }, 
    {
        "pk": 104, 
        "model": "c2g.videoactivity", 
        "fields": {
            "course": 1, 
            "max_end_seconds": 0, 
            "video": 6, 
            "student": 38, 
            "start_seconds": 93
        }
    }, 
    {
        "pk": 105, 
        "model": "c2g.videoactivity", 
        "fields": {
            "course": 1, 
            "max_end_seconds": 0, 
            "video": 6, 
            "student": 39, 
            "start_seconds": 249
        }
    }, 
    {
        "pk": 106, 
        "model": "c2g.videoactivity", 
        "fields": {
            "course": 1, 
            "max_end_seconds": 0, 
            "video": 6, 
            "student": 40, 
            "start_seconds": 62
        }
    }, 
    {
        "pk": 107, 
        "model": "c2g.videoactivity", 
        "fields": {
            "course": 1, 
            "max_end_seconds": 0, 
            "video": 6, 
            "student": 41, 
            "start_seconds": 34
        }
    }, 
    {
        "pk": 108, 
        "model": "c2g.videoactivity", 
        "fields": {
            "course": 1, 
            "max_end_seconds": 0, 
            "video": 6, 
            "student": 42, 
            "start_seconds": 337
        }
    }, 
    {
        "pk": 109, 
        "model": "c2g.videoactivity", 
        "fields": {
            "course": 1, 
            "max_end_seconds": 0, 
            "video": 6, 
            "student": 43, 
            "start_seconds": 41
        }
    }, 
    {
        "pk": 110, 
        "model": "c2g.videoactivity", 
        "fields": {
            "course": 1, 
            "max_end_seconds": 0, 
            "video": 6, 
            "student": 44, 
            "start_seconds": 355
        }
    }, 
    {
        "pk": 111, 
        "model": "c2g.videoactivity", 
        "fields": {
            "course": 1, 
            "max_end_seconds": 0, 
            "video": 6, 
            "student": 45, 
            "start_seconds": 179
        }
    }, 
    {
        "pk": 112, 
        "model": "c2g.videoactivity", 
        "fields": {
            "course": 1, 
            "max_end_seconds": 0, 
            "video": 6, 
            "student": 46, 
            "start_seconds": 306
        }
    }, 
    {
        "pk": 113, 
        "model": "c2g.videoactivity", 
        "fields": {
            "course": 1, 
            "max_end_seconds": 0, 
            "video": 6, 
            "student": 47, 
            "start_seconds": 103
        }
    }, 
    {
        "pk": 114, 
        "model": "c2g.videoactivity", 
        "fields": {
            "course": 1, 
            "max_end_seconds": 0, 
            "video": 6, 
            "student": 48, 
            "start_seconds": 119
        }
    }, 
    {
        "pk": 115, 
        "model": "c2g.videoactivity", 
        "fields": {
            "course": 1, 
            "max_end_seconds": 0, 
            "video": 6, 
            "student": 49, 
            "start_seconds": 213
        }
    }, 
    {
        "pk": 116, 
        "model": "c2g.videoactivity", 
        "fields": {
            "course": 1, 
            "max_end_seconds": 0, 
            "video": 6, 
            "student": 50, 
            "start_seconds": 254
        }
    }, 
    {
        "pk": 117, 
        "model": "c2g.videoactivity", 
        "fields": {
            "course": 1, 
            "max_end_seconds": 0, 
            "video": 6, 
            "student": 51, 
            "start_seconds": 184
        }
    }, 
    {
        "pk": 118, 
        "model": "c2g.videoactivity", 
        "fields": {
            "course": 1, 
            "max_end_seconds": 0, 
            "video": 8, 
            "student": 13, 
            "start_seconds": 674
        }
    }, 
    {
        "pk": 119, 
        "model": "c2g.videoactivity", 
        "fields": {
            "course": 1, 
            "max_end_seconds": 0, 
            "video": 8, 
            "student": 14, 
            "start_seconds": 357
        }
    }, 
    {
        "pk": 120, 
        "model": "c2g.videoactivity", 
        "fields": {
            "course": 1, 
            "max_end_seconds": 0, 
            "video": 8, 
            "student": 15, 
            "start_seconds": 43
        }
    }, 
    {
        "pk": 121, 
        "model": "c2g.videoactivity", 
        "fields": {
            "course": 1, 
            "max_end_seconds": 0, 
            "video": 8, 
            "student": 16, 
            "start_seconds": 186
        }
    }, 
    {
        "pk": 122, 
        "model": "c2g.videoactivity", 
        "fields": {
            "course": 1, 
            "max_end_seconds": 0, 
            "video": 8, 
            "student": 17, 
            "start_seconds": 820
        }
    }, 
    {
        "pk": 123, 
        "model": "c2g.videoactivity", 
        "fields": {
            "course": 1, 
            "max_end_seconds": 0, 
            "video": 8, 
            "student": 18, 
            "start_seconds": 619
        }
    }, 
    {
        "pk": 124, 
        "model": "c2g.videoactivity", 
        "fields": {
            "course": 1, 
            "max_end_seconds": 0, 
            "video": 8, 
            "student": 19, 
            "start_seconds": 651
        }
    }, 
    {
        "pk": 125, 
        "model": "c2g.videoactivity", 
        "fields": {
            "course": 1, 
            "max_end_seconds": 0, 
            "video": 8, 
            "student": 20, 
            "start_seconds": 476
        }
    }, 
    {
        "pk": 126, 
        "model": "c2g.videoactivity", 
        "fields": {
            "course": 1, 
            "max_end_seconds": 0, 
            "video": 8, 
            "student": 21, 
            "start_seconds": 106
        }
    }, 
    {
        "pk": 127, 
        "model": "c2g.videoactivity", 
        "fields": {
            "course": 1, 
            "max_end_seconds": 0, 
            "video": 8, 
            "student": 22, 
            "start_seconds": 574
        }
    }, 
    {
        "pk": 128, 
        "model": "c2g.videoactivity", 
        "fields": {
            "course": 1, 
            "max_end_seconds": 0, 
            "video": 8, 
            "student": 23, 
            "start_seconds": 95
        }
    }, 
    {
        "pk": 129, 
        "model": "c2g.videoactivity", 
        "fields": {
            "course": 1, 
            "max_end_seconds": 0, 
            "video": 8, 
            "student": 24, 
            "start_seconds": 819
        }
    }, 
    {
        "pk": 130, 
        "model": "c2g.videoactivity", 
        "fields": {
            "course": 1, 
            "max_end_seconds": 0, 
            "video": 8, 
            "student": 25, 
            "start_seconds": 33
        }
    }, 
    {
        "pk": 131, 
        "model": "c2g.videoactivity", 
        "fields": {
            "course": 1, 
            "max_end_seconds": 0, 
            "video": 8, 
            "student": 26, 
            "start_seconds": 545
        }
    }, 
    {
        "pk": 132, 
        "model": "c2g.videoactivity", 
        "fields": {
            "course": 1, 
            "max_end_seconds": 0, 
            "video": 8, 
            "student": 27, 
            "start_seconds": 630
        }
    }, 
    {
        "pk": 133, 
        "model": "c2g.videoactivity", 
        "fields": {
            "course": 1, 
            "max_end_seconds": 0, 
            "video": 8, 
            "student": 28, 
            "start_seconds": 172
        }
    }, 
    {
        "pk": 134, 
        "model": "c2g.videoactivity", 
        "fields": {
            "course": 1, 
            "max_end_seconds": 0, 
            "video": 8, 
            "student": 29, 
            "start_seconds": 584
        }
    }, 
    {
        "pk": 135, 
        "model": "c2g.videoactivity", 
        "fields": {
            "course": 1, 
            "max_end_seconds": 0, 
            "video": 8, 
            "student": 30, 
            "start_seconds": 170
        }
    }, 
    {
        "pk": 136, 
        "model": "c2g.videoactivity", 
        "fields": {
            "course": 1, 
            "max_end_seconds": 0, 
            "video": 8, 
            "student": 31, 
            "start_seconds": 604
        }
    }, 
    {
        "pk": 137, 
        "model": "c2g.videoactivity", 
        "fields": {
            "course": 1, 
            "max_end_seconds": 0, 
            "video": 8, 
            "student": 32, 
            "start_seconds": 534
        }
    }, 
    {
        "pk": 138, 
        "model": "c2g.videoactivity", 
        "fields": {
            "course": 1, 
            "max_end_seconds": 0, 
            "video": 8, 
            "student": 33, 
            "start_seconds": 609
        }
    }, 
    {
        "pk": 139, 
        "model": "c2g.videoactivity", 
        "fields": {
            "course": 1, 
            "max_end_seconds": 0, 
            "video": 8, 
            "student": 34, 
            "start_seconds": 653
        }
    }, 
    {
        "pk": 140, 
        "model": "c2g.videoactivity", 
        "fields": {
            "course": 1, 
            "max_end_seconds": 0, 
            "video": 8, 
            "student": 35, 
            "start_seconds": 174
        }
    }, 
    {
        "pk": 141, 
        "model": "c2g.videoactivity", 
        "fields": {
            "course": 1, 
            "max_end_seconds": 0, 
            "video": 8, 
            "student": 36, 
            "start_seconds": 861
        }
    }, 
    {
        "pk": 142, 
        "model": "c2g.videoactivity", 
        "fields": {
            "course": 1, 
            "max_end_seconds": 0, 
            "video": 8, 
            "student": 37, 
            "start_seconds": 842
        }
    }, 
    {
        "pk": 143, 
        "model": "c2g.videoactivity", 
        "fields": {
            "course": 1, 
            "max_end_seconds": 0, 
            "video": 8, 
            "student": 38, 
            "start_seconds": 177
        }
    }, 
    {
        "pk": 144, 
        "model": "c2g.videoactivity", 
        "fields": {
            "course": 1, 
            "max_end_seconds": 0, 
            "video": 8, 
            "student": 39, 
            "start_seconds": 1
        }
    }, 
    {
        "pk": 145, 
        "model": "c2g.videoactivity", 
        "fields": {
            "course": 1, 
            "max_end_seconds": 0, 
            "video": 8, 
            "student": 40, 
            "start_seconds": 814
        }
    }, 
    {
        "pk": 146, 
        "model": "c2g.videoactivity", 
        "fields": {
            "course": 1, 
            "max_end_seconds": 0, 
            "video": 8, 
            "student": 41, 
            "start_seconds": 472
        }
    }, 
    {
        "pk": 147, 
        "model": "c2g.videoactivity", 
        "fields": {
            "course": 1, 
            "max_end_seconds": 0, 
            "video": 8, 
            "student": 42, 
            "start_seconds": 865
        }
    }, 
    {
        "pk": 148, 
        "model": "c2g.videoactivity", 
        "fields": {
            "course": 1, 
            "max_end_seconds": 0, 
            "video": 8, 
            "student": 43, 
            "start_seconds": 566
        }
    }, 
    {
        "pk": 149, 
        "model": "c2g.videoactivity", 
        "fields": {
            "course": 1, 
            "max_end_seconds": 0, 
            "video": 8, 
            "student": 44, 
            "start_seconds": 528
        }
    }, 
    {
        "pk": 150, 
        "model": "c2g.videoactivity", 
        "fields": {
            "course": 1, 
            "max_end_seconds": 0, 
            "video": 8, 
            "student": 45, 
            "start_seconds": 138
        }
    }, 
    {
        "pk": 151, 
        "model": "c2g.videoactivity", 
        "fields": {
            "course": 1, 
            "max_end_seconds": 0, 
            "video": 8, 
            "student": 46, 
            "start_seconds": 344
        }
    }, 
    {
        "pk": 152, 
        "model": "c2g.videoactivity", 
        "fields": {
            "course": 1, 
            "max_end_seconds": 0, 
            "video": 8, 
            "student": 47, 
            "start_seconds": 610
        }
    }, 
    {
        "pk": 153, 
        "model": "c2g.videoactivity", 
        "fields": {
            "course": 1, 
            "max_end_seconds": 0, 
            "video": 8, 
            "student": 48, 
            "start_seconds": 300
        }
    }, 
    {
        "pk": 154, 
        "model": "c2g.videoactivity", 
        "fields": {
            "course": 1, 
            "max_end_seconds": 0, 
            "video": 8, 
            "student": 49, 
            "start_seconds": 844
        }
    }, 
    {
        "pk": 155, 
        "model": "c2g.videoactivity", 
        "fields": {
            "course": 1, 
            "max_end_seconds": 0, 
            "video": 8, 
            "student": 50, 
            "start_seconds": 623
        }
    }, 
    {
        "pk": 156, 
        "model": "c2g.videoactivity", 
        "fields": {
            "course": 1, 
            "max_end_seconds": 0, 
            "video": 8, 
            "student": 51, 
            "start_seconds": 320
        }
    }, 
    {
        "pk": 157, 
        "model": "c2g.videoactivity", 
        "fields": {
            "course": 1, 
            "max_end_seconds": 0, 
            "video": 10, 
            "student": 13, 
            "start_seconds": 208
        }
    }, 
    {
        "pk": 158, 
        "model": "c2g.videoactivity", 
        "fields": {
            "course": 1, 
            "max_end_seconds": 0, 
            "video": 10, 
            "student": 14, 
            "start_seconds": 408
        }
    }, 
    {
        "pk": 159, 
        "model": "c2g.videoactivity", 
        "fields": {
            "course": 1, 
            "max_end_seconds": 0, 
            "video": 10, 
            "student": 15, 
            "start_seconds": 68
        }
    }, 
    {
        "pk": 160, 
        "model": "c2g.videoactivity", 
        "fields": {
            "course": 1, 
            "max_end_seconds": 0, 
            "video": 10, 
            "student": 16, 
            "start_seconds": 322
        }
    }, 
    {
        "pk": 161, 
        "model": "c2g.videoactivity", 
        "fields": {
            "course": 1, 
            "max_end_seconds": 0, 
            "video": 10, 
            "student": 17, 
            "start_seconds": 199
        }
    }, 
    {
        "pk": 162, 
        "model": "c2g.videoactivity", 
        "fields": {
            "course": 1, 
            "max_end_seconds": 0, 
            "video": 10, 
            "student": 18, 
            "start_seconds": 90
        }
    }, 
    {
        "pk": 163, 
        "model": "c2g.videoactivity", 
        "fields": {
            "course": 1, 
            "max_end_seconds": 0, 
            "video": 10, 
            "student": 19, 
            "start_seconds": 316
        }
    }, 
    {
        "pk": 164, 
        "model": "c2g.videoactivity", 
        "fields": {
            "course": 1, 
            "max_end_seconds": 0, 
            "video": 10, 
            "student": 20, 
            "start_seconds": 8
        }
    }, 
    {
        "pk": 165, 
        "model": "c2g.videoactivity", 
        "fields": {
            "course": 1, 
            "max_end_seconds": 0, 
            "video": 10, 
            "student": 21, 
            "start_seconds": 112
        }
    }, 
    {
        "pk": 166, 
        "model": "c2g.videoactivity", 
        "fields": {
            "course": 1, 
            "max_end_seconds": 0, 
            "video": 10, 
            "student": 22, 
            "start_seconds": 32
        }
    }, 
    {
        "pk": 167, 
        "model": "c2g.videoactivity", 
        "fields": {
            "course": 1, 
            "max_end_seconds": 0, 
            "video": 10, 
            "student": 23, 
            "start_seconds": 96
        }
    }, 
    {
        "pk": 168, 
        "model": "c2g.videoactivity", 
        "fields": {
            "course": 1, 
            "max_end_seconds": 0, 
            "video": 10, 
            "student": 24, 
            "start_seconds": 61
        }
    }, 
    {
        "pk": 169, 
        "model": "c2g.videoactivity", 
        "fields": {
            "course": 1, 
            "max_end_seconds": 0, 
            "video": 10, 
            "student": 25, 
            "start_seconds": 325
        }
    }, 
    {
        "pk": 170, 
        "model": "c2g.videoactivity", 
        "fields": {
            "course": 1, 
            "max_end_seconds": 0, 
            "video": 10, 
            "student": 26, 
            "start_seconds": 93
        }
    }, 
    {
        "pk": 171, 
        "model": "c2g.videoactivity", 
        "fields": {
            "course": 1, 
            "max_end_seconds": 0, 
            "video": 10, 
            "student": 27, 
            "start_seconds": 45
        }
    }, 
    {
        "pk": 172, 
        "model": "c2g.videoactivity", 
        "fields": {
            "course": 1, 
            "max_end_seconds": 0, 
            "video": 10, 
            "student": 28, 
            "start_seconds": 382
        }
    }, 
    {
        "pk": 173, 
        "model": "c2g.videoactivity", 
        "fields": {
            "course": 1, 
            "max_end_seconds": 0, 
            "video": 10, 
            "student": 29, 
            "start_seconds": 254
        }
    }, 
    {
        "pk": 174, 
        "model": "c2g.videoactivity", 
        "fields": {
            "course": 1, 
            "max_end_seconds": 0, 
            "video": 10, 
            "student": 30, 
            "start_seconds": 117
        }
    }, 
    {
        "pk": 175, 
        "model": "c2g.videoactivity", 
        "fields": {
            "course": 1, 
            "max_end_seconds": 0, 
            "video": 10, 
            "student": 31, 
            "start_seconds": 167
        }
    }, 
    {
        "pk": 176, 
        "model": "c2g.videoactivity", 
        "fields": {
            "course": 1, 
            "max_end_seconds": 0, 
            "video": 10, 
            "student": 32, 
            "start_seconds": 223
        }
    }, 
    {
        "pk": 177, 
        "model": "c2g.videoactivity", 
        "fields": {
            "course": 1, 
            "max_end_seconds": 0, 
            "video": 10, 
            "student": 33, 
            "start_seconds": 339
        }
    }, 
    {
        "pk": 178, 
        "model": "c2g.videoactivity", 
        "fields": {
            "course": 1, 
            "max_end_seconds": 0, 
            "video": 10, 
            "student": 34, 
            "start_seconds": 158
        }
    }, 
    {
        "pk": 179, 
        "model": "c2g.videoactivity", 
        "fields": {
            "course": 1, 
            "max_end_seconds": 0, 
            "video": 10, 
            "student": 35, 
            "start_seconds": 104
        }
    }, 
    {
        "pk": 180, 
        "model": "c2g.videoactivity", 
        "fields": {
            "course": 1, 
            "max_end_seconds": 0, 
            "video": 10, 
            "student": 36, 
            "start_seconds": 251
        }
    }, 
    {
        "pk": 181, 
        "model": "c2g.videoactivity", 
        "fields": {
            "course": 1, 
            "max_end_seconds": 0, 
            "video": 10, 
            "student": 37, 
            "start_seconds": 159
        }
    }, 
    {
        "pk": 182, 
        "model": "c2g.videoactivity", 
        "fields": {
            "course": 1, 
            "max_end_seconds": 0, 
            "video": 10, 
            "student": 38, 
            "start_seconds": 111
        }
    }, 
    {
        "pk": 183, 
        "model": "c2g.videoactivity", 
        "fields": {
            "course": 1, 
            "max_end_seconds": 0, 
            "video": 10, 
            "student": 39, 
            "start_seconds": 28
        }
    }, 
    {
        "pk": 184, 
        "model": "c2g.videoactivity", 
        "fields": {
            "course": 1, 
            "max_end_seconds": 0, 
            "video": 10, 
            "student": 40, 
            "start_seconds": 140
        }
    }, 
    {
        "pk": 185, 
        "model": "c2g.videoactivity", 
        "fields": {
            "course": 1, 
            "max_end_seconds": 0, 
            "video": 10, 
            "student": 41, 
            "start_seconds": 199
        }
    }, 
    {
        "pk": 186, 
        "model": "c2g.videoactivity", 
        "fields": {
            "course": 1, 
            "max_end_seconds": 0, 
            "video": 10, 
            "student": 42, 
            "start_seconds": 15
        }
    }, 
    {
        "pk": 187, 
        "model": "c2g.videoactivity", 
        "fields": {
            "course": 1, 
            "max_end_seconds": 0, 
            "video": 10, 
            "student": 43, 
            "start_seconds": 359
        }
    }, 
    {
        "pk": 188, 
        "model": "c2g.videoactivity", 
        "fields": {
            "course": 1, 
            "max_end_seconds": 0, 
            "video": 10, 
            "student": 44, 
            "start_seconds": 337
        }
    }, 
    {
        "pk": 189, 
        "model": "c2g.videoactivity", 
        "fields": {
            "course": 1, 
            "max_end_seconds": 0, 
            "video": 10, 
            "student": 45, 
            "start_seconds": 235
        }
    }, 
    {
        "pk": 190, 
        "model": "c2g.videoactivity", 
        "fields": {
            "course": 1, 
            "max_end_seconds": 0, 
            "video": 10, 
            "student": 46, 
            "start_seconds": 134
        }
    }, 
    {
        "pk": 191, 
        "model": "c2g.videoactivity", 
        "fields": {
            "course": 1, 
            "max_end_seconds": 0, 
            "video": 10, 
            "student": 47, 
            "start_seconds": 170
        }
    }, 
    {
        "pk": 192, 
        "model": "c2g.videoactivity", 
        "fields": {
            "course": 1, 
            "max_end_seconds": 0, 
            "video": 10, 
            "student": 48, 
            "start_seconds": 355
        }
    }, 
    {
        "pk": 193, 
        "model": "c2g.videoactivity", 
        "fields": {
            "course": 1, 
            "max_end_seconds": 0, 
            "video": 10, 
            "student": 49, 
            "start_seconds": 88
        }
    }, 
    {
        "pk": 194, 
        "model": "c2g.videoactivity", 
        "fields": {
            "course": 1, 
            "max_end_seconds": 0, 
            "video": 10, 
            "student": 50, 
            "start_seconds": 262
        }
    }, 
    {
        "pk": 195, 
        "model": "c2g.videoactivity", 
        "fields": {
            "course": 1, 
            "max_end_seconds": 0, 
            "video": 10, 
            "student": 51, 
            "start_seconds": 163
        }
    }, 
    {
        "pk": 196, 
        "model": "c2g.videoactivity", 
        "fields": {
            "course": 1, 
            "max_end_seconds": 0, 
            "video": 12, 
            "student": 13, 
            "start_seconds": 117
        }
    }, 
    {
        "pk": 197, 
        "model": "c2g.videoactivity", 
        "fields": {
            "course": 1, 
            "max_end_seconds": 0, 
            "video": 12, 
            "student": 14, 
            "start_seconds": 15
        }
    }, 
    {
        "pk": 198, 
        "model": "c2g.videoactivity", 
        "fields": {
            "course": 1, 
            "max_end_seconds": 0, 
            "video": 12, 
            "student": 15, 
            "start_seconds": 187
        }
    }, 
    {
        "pk": 199, 
        "model": "c2g.videoactivity", 
        "fields": {
            "course": 1, 
            "max_end_seconds": 0, 
            "video": 12, 
            "student": 16, 
            "start_seconds": 99
        }
    }, 
    {
        "pk": 200, 
        "model": "c2g.videoactivity", 
        "fields": {
            "course": 1, 
            "max_end_seconds": 0, 
            "video": 12, 
            "student": 17, 
            "start_seconds": 313
        }
    }, 
    {
        "pk": 201, 
        "model": "c2g.videoactivity", 
        "fields": {
            "course": 1, 
            "max_end_seconds": 0, 
            "video": 12, 
            "student": 18, 
            "start_seconds": 133
        }
    }, 
    {
        "pk": 202, 
        "model": "c2g.videoactivity", 
        "fields": {
            "course": 1, 
            "max_end_seconds": 0, 
            "video": 12, 
            "student": 19, 
            "start_seconds": 287
        }
    }, 
    {
        "pk": 203, 
        "model": "c2g.videoactivity", 
        "fields": {
            "course": 1, 
            "max_end_seconds": 0, 
            "video": 12, 
            "student": 20, 
            "start_seconds": 62
        }
    }, 
    {
        "pk": 204, 
        "model": "c2g.videoactivity", 
        "fields": {
            "course": 1, 
            "max_end_seconds": 0, 
            "video": 12, 
            "student": 21, 
            "start_seconds": 49
        }
    }, 
    {
        "pk": 205, 
        "model": "c2g.videoactivity", 
        "fields": {
            "course": 1, 
            "max_end_seconds": 0, 
            "video": 12, 
            "student": 22, 
            "start_seconds": 251
        }
    }, 
    {
        "pk": 206, 
        "model": "c2g.videoactivity", 
        "fields": {
            "course": 1, 
            "max_end_seconds": 0, 
            "video": 12, 
            "student": 23, 
            "start_seconds": 46
        }
    }, 
    {
        "pk": 207, 
        "model": "c2g.videoactivity", 
        "fields": {
            "course": 1, 
            "max_end_seconds": 0, 
            "video": 12, 
            "student": 24, 
            "start_seconds": 281
        }
    }, 
    {
        "pk": 208, 
        "model": "c2g.videoactivity", 
        "fields": {
            "course": 1, 
            "max_end_seconds": 0, 
            "video": 12, 
            "student": 25, 
            "start_seconds": 183
        }
    }, 
    {
        "pk": 209, 
        "model": "c2g.videoactivity", 
        "fields": {
            "course": 1, 
            "max_end_seconds": 0, 
            "video": 12, 
            "student": 26, 
            "start_seconds": 31
        }
    }, 
    {
        "pk": 210, 
        "model": "c2g.videoactivity", 
        "fields": {
            "course": 1, 
            "max_end_seconds": 0, 
            "video": 12, 
            "student": 27, 
            "start_seconds": 45
        }
    }, 
    {
        "pk": 211, 
        "model": "c2g.videoactivity", 
        "fields": {
            "course": 1, 
            "max_end_seconds": 0, 
            "video": 12, 
            "student": 28, 
            "start_seconds": 148
        }
    }, 
    {
        "pk": 212, 
        "model": "c2g.videoactivity", 
        "fields": {
            "course": 1, 
            "max_end_seconds": 0, 
            "video": 12, 
            "student": 29, 
            "start_seconds": 70
        }
    }, 
    {
        "pk": 213, 
        "model": "c2g.videoactivity", 
        "fields": {
            "course": 1, 
            "max_end_seconds": 0, 
            "video": 12, 
            "student": 30, 
            "start_seconds": 158
        }
    }, 
    {
        "pk": 214, 
        "model": "c2g.videoactivity", 
        "fields": {
            "course": 1, 
            "max_end_seconds": 0, 
            "video": 12, 
            "student": 31, 
            "start_seconds": 3
        }
    }, 
    {
        "pk": 215, 
        "model": "c2g.videoactivity", 
        "fields": {
            "course": 1, 
            "max_end_seconds": 0, 
            "video": 12, 
            "student": 32, 
            "start_seconds": 70
        }
    }, 
    {
        "pk": 216, 
        "model": "c2g.videoactivity", 
        "fields": {
            "course": 1, 
            "max_end_seconds": 0, 
            "video": 12, 
            "student": 33, 
            "start_seconds": 283
        }
    }, 
    {
        "pk": 217, 
        "model": "c2g.videoactivity", 
        "fields": {
            "course": 1, 
            "max_end_seconds": 0, 
            "video": 12, 
            "student": 34, 
            "start_seconds": 12
        }
    }, 
    {
        "pk": 218, 
        "model": "c2g.videoactivity", 
        "fields": {
            "course": 1, 
            "max_end_seconds": 0, 
            "video": 12, 
            "student": 35, 
            "start_seconds": 2
        }
    }, 
    {
        "pk": 219, 
        "model": "c2g.videoactivity", 
        "fields": {
            "course": 1, 
            "max_end_seconds": 0, 
            "video": 12, 
            "student": 36, 
            "start_seconds": 55
        }
    }, 
    {
        "pk": 220, 
        "model": "c2g.videoactivity", 
        "fields": {
            "course": 1, 
            "max_end_seconds": 0, 
            "video": 12, 
            "student": 37, 
            "start_seconds": 228
        }
    }, 
    {
        "pk": 221, 
        "model": "c2g.videoactivity", 
        "fields": {
            "course": 1, 
            "max_end_seconds": 0, 
            "video": 12, 
            "student": 38, 
            "start_seconds": 248
        }
    }, 
    {
        "pk": 222, 
        "model": "c2g.videoactivity", 
        "fields": {
            "course": 1, 
            "max_end_seconds": 0, 
            "video": 12, 
            "student": 39, 
            "start_seconds": 206
        }
    }, 
    {
        "pk": 223, 
        "model": "c2g.videoactivity", 
        "fields": {
            "course": 1, 
            "max_end_seconds": 0, 
            "video": 12, 
            "student": 40, 
            "start_seconds": 133
        }
    }, 
    {
        "pk": 224, 
        "model": "c2g.videoactivity", 
        "fields": {
            "course": 1, 
            "max_end_seconds": 0, 
            "video": 12, 
            "student": 41, 
            "start_seconds": 250
        }
    }, 
    {
        "pk": 225, 
        "model": "c2g.videoactivity", 
        "fields": {
            "course": 1, 
            "max_end_seconds": 0, 
            "video": 12, 
            "student": 42, 
            "start_seconds": 318
        }
    }, 
    {
        "pk": 226, 
        "model": "c2g.videoactivity", 
        "fields": {
            "course": 1, 
            "max_end_seconds": 0, 
            "video": 12, 
            "student": 43, 
            "start_seconds": 17
        }
    }, 
    {
        "pk": 227, 
        "model": "c2g.videoactivity", 
        "fields": {
            "course": 1, 
            "max_end_seconds": 0, 
            "video": 12, 
            "student": 44, 
            "start_seconds": 151
        }
    }, 
    {
        "pk": 228, 
        "model": "c2g.videoactivity", 
        "fields": {
            "course": 1, 
            "max_end_seconds": 0, 
            "video": 12, 
            "student": 45, 
            "start_seconds": 21
        }
    }, 
    {
        "pk": 229, 
        "model": "c2g.videoactivity", 
        "fields": {
            "course": 1, 
            "max_end_seconds": 0, 
            "video": 12, 
            "student": 46, 
            "start_seconds": 242
        }
    }, 
    {
        "pk": 230, 
        "model": "c2g.videoactivity", 
        "fields": {
            "course": 1, 
            "max_end_seconds": 0, 
            "video": 12, 
            "student": 47, 
            "start_seconds": 27
        }
    }, 
    {
        "pk": 231, 
        "model": "c2g.videoactivity", 
        "fields": {
            "course": 1, 
            "max_end_seconds": 0, 
            "video": 12, 
            "student": 48, 
            "start_seconds": 317
        }
    }, 
    {
        "pk": 232, 
        "model": "c2g.videoactivity", 
        "fields": {
            "course": 1, 
            "max_end_seconds": 0, 
            "video": 12, 
            "student": 49, 
            "start_seconds": 249
        }
    }, 
    {
        "pk": 233, 
        "model": "c2g.videoactivity", 
        "fields": {
            "course": 1, 
            "max_end_seconds": 0, 
            "video": 12, 
            "student": 50, 
            "start_seconds": 275
        }
    }, 
    {
        "pk": 234, 
        "model": "c2g.videoactivity", 
        "fields": {
            "course": 1, 
            "max_end_seconds": 0, 
            "video": 12, 
            "student": 51, 
            "start_seconds": 202
        }
    }, 
    {
        "pk": 235, 
        "model": "c2g.videoactivity", 
        "fields": {
            "course": 1, 
            "max_end_seconds": 0, 
            "video": 14, 
            "student": 13, 
            "start_seconds": 378
        }
    }, 
    {
        "pk": 236, 
        "model": "c2g.videoactivity", 
        "fields": {
            "course": 1, 
            "max_end_seconds": 0, 
            "video": 14, 
            "student": 14, 
            "start_seconds": 317
        }
    }, 
    {
        "pk": 237, 
        "model": "c2g.videoactivity", 
        "fields": {
            "course": 1, 
            "max_end_seconds": 0, 
            "video": 14, 
            "student": 15, 
            "start_seconds": 255
        }
    }, 
    {
        "pk": 238, 
        "model": "c2g.videoactivity", 
        "fields": {
            "course": 1, 
            "max_end_seconds": 0, 
            "video": 14, 
            "student": 16, 
            "start_seconds": 367
        }
    }, 
    {
        "pk": 239, 
        "model": "c2g.videoactivity", 
        "fields": {
            "course": 1, 
            "max_end_seconds": 0, 
            "video": 14, 
            "student": 17, 
            "start_seconds": 301
        }
    }, 
    {
        "pk": 240, 
        "model": "c2g.videoactivity", 
        "fields": {
            "course": 1, 
            "max_end_seconds": 0, 
            "video": 14, 
            "student": 18, 
            "start_seconds": 214
        }
    }, 
    {
        "pk": 241, 
        "model": "c2g.videoactivity", 
        "fields": {
            "course": 1, 
            "max_end_seconds": 0, 
            "video": 14, 
            "student": 19, 
            "start_seconds": 471
        }
    }, 
    {
        "pk": 242, 
        "model": "c2g.videoactivity", 
        "fields": {
            "course": 1, 
            "max_end_seconds": 0, 
            "video": 14, 
            "student": 20, 
            "start_seconds": 516
        }
    }, 
    {
        "pk": 243, 
        "model": "c2g.videoactivity", 
        "fields": {
            "course": 1, 
            "max_end_seconds": 0, 
            "video": 14, 
            "student": 21, 
            "start_seconds": 189
        }
    }, 
    {
        "pk": 244, 
        "model": "c2g.videoactivity", 
        "fields": {
            "course": 1, 
            "max_end_seconds": 0, 
            "video": 14, 
            "student": 22, 
            "start_seconds": 323
        }
    }, 
    {
        "pk": 245, 
        "model": "c2g.videoactivity", 
        "fields": {
            "course": 1, 
            "max_end_seconds": 0, 
            "video": 14, 
            "student": 23, 
            "start_seconds": 480
        }
    }, 
    {
        "pk": 246, 
        "model": "c2g.videoactivity", 
        "fields": {
            "course": 1, 
            "max_end_seconds": 0, 
            "video": 14, 
            "student": 24, 
            "start_seconds": 334
        }
    }, 
    {
        "pk": 247, 
        "model": "c2g.videoactivity", 
        "fields": {
            "course": 1, 
            "max_end_seconds": 0, 
            "video": 14, 
            "student": 25, 
            "start_seconds": 138
        }
    }, 
    {
        "pk": 248, 
        "model": "c2g.videoactivity", 
        "fields": {
            "course": 1, 
            "max_end_seconds": 0, 
            "video": 14, 
            "student": 26, 
            "start_seconds": 521
        }
    }, 
    {
        "pk": 249, 
        "model": "c2g.videoactivity", 
        "fields": {
            "course": 1, 
            "max_end_seconds": 0, 
            "video": 14, 
            "student": 27, 
            "start_seconds": 409
        }
    }, 
    {
        "pk": 250, 
        "model": "c2g.videoactivity", 
        "fields": {
            "course": 1, 
            "max_end_seconds": 0, 
            "video": 14, 
            "student": 28, 
            "start_seconds": 105
        }
    }, 
    {
        "pk": 251, 
        "model": "c2g.videoactivity", 
        "fields": {
            "course": 1, 
            "max_end_seconds": 0, 
            "video": 14, 
            "student": 29, 
            "start_seconds": 515
        }
    }, 
    {
        "pk": 252, 
        "model": "c2g.videoactivity", 
        "fields": {
            "course": 1, 
            "max_end_seconds": 0, 
            "video": 14, 
            "student": 30, 
            "start_seconds": 243
        }
    }, 
    {
        "pk": 253, 
        "model": "c2g.videoactivity", 
        "fields": {
            "course": 1, 
            "max_end_seconds": 0, 
            "video": 14, 
            "student": 31, 
            "start_seconds": 333
        }
    }, 
    {
        "pk": 254, 
        "model": "c2g.videoactivity", 
        "fields": {
            "course": 1, 
            "max_end_seconds": 0, 
            "video": 14, 
            "student": 32, 
            "start_seconds": 366
        }
    }, 
    {
        "pk": 255, 
        "model": "c2g.videoactivity", 
        "fields": {
            "course": 1, 
            "max_end_seconds": 0, 
            "video": 14, 
            "student": 33, 
            "start_seconds": 459
        }
    }, 
    {
        "pk": 256, 
        "model": "c2g.videoactivity", 
        "fields": {
            "course": 1, 
            "max_end_seconds": 0, 
            "video": 14, 
            "student": 34, 
            "start_seconds": 25
        }
    }, 
    {
        "pk": 257, 
        "model": "c2g.videoactivity", 
        "fields": {
            "course": 1, 
            "max_end_seconds": 0, 
            "video": 14, 
            "student": 35, 
            "start_seconds": 233
        }
    }, 
    {
        "pk": 258, 
        "model": "c2g.videoactivity", 
        "fields": {
            "course": 1, 
            "max_end_seconds": 0, 
            "video": 14, 
            "student": 36, 
            "start_seconds": 19
        }
    }, 
    {
        "pk": 259, 
        "model": "c2g.videoactivity", 
        "fields": {
            "course": 1, 
            "max_end_seconds": 0, 
            "video": 14, 
            "student": 37, 
            "start_seconds": 281
        }
    }, 
    {
        "pk": 260, 
        "model": "c2g.videoactivity", 
        "fields": {
            "course": 1, 
            "max_end_seconds": 0, 
            "video": 14, 
            "student": 38, 
            "start_seconds": 284
        }
    }, 
    {
        "pk": 261, 
        "model": "c2g.videoactivity", 
        "fields": {
            "course": 1, 
            "max_end_seconds": 0, 
            "video": 14, 
            "student": 39, 
            "start_seconds": 414
        }
    }, 
    {
        "pk": 262, 
        "model": "c2g.videoactivity", 
        "fields": {
            "course": 1, 
            "max_end_seconds": 0, 
            "video": 14, 
            "student": 40, 
            "start_seconds": 150
        }
    }, 
    {
        "pk": 263, 
        "model": "c2g.videoactivity", 
        "fields": {
            "course": 1, 
            "max_end_seconds": 0, 
            "video": 14, 
            "student": 41, 
            "start_seconds": 59
        }
    }, 
    {
        "pk": 264, 
        "model": "c2g.videoactivity", 
        "fields": {
            "course": 1, 
            "max_end_seconds": 0, 
            "video": 14, 
            "student": 42, 
            "start_seconds": 127
        }
    }, 
    {
        "pk": 265, 
        "model": "c2g.videoactivity", 
        "fields": {
            "course": 1, 
            "max_end_seconds": 0, 
            "video": 14, 
            "student": 43, 
            "start_seconds": 217
        }
    }, 
    {
        "pk": 266, 
        "model": "c2g.videoactivity", 
        "fields": {
            "course": 1, 
            "max_end_seconds": 0, 
            "video": 14, 
            "student": 44, 
            "start_seconds": 152
        }
    }, 
    {
        "pk": 267, 
        "model": "c2g.videoactivity", 
        "fields": {
            "course": 1, 
            "max_end_seconds": 0, 
            "video": 14, 
            "student": 45, 
            "start_seconds": 350
        }
    }, 
    {
        "pk": 268, 
        "model": "c2g.videoactivity", 
        "fields": {
            "course": 1, 
            "max_end_seconds": 0, 
            "video": 14, 
            "student": 46, 
            "start_seconds": 263
        }
    }, 
    {
        "pk": 269, 
        "model": "c2g.videoactivity", 
        "fields": {
            "course": 1, 
            "max_end_seconds": 0, 
            "video": 14, 
            "student": 47, 
            "start_seconds": 507
        }
    }, 
    {
        "pk": 270, 
        "model": "c2g.videoactivity", 
        "fields": {
            "course": 1, 
            "max_end_seconds": 0, 
            "video": 14, 
            "student": 48, 
            "start_seconds": 414
        }
    }, 
    {
        "pk": 271, 
        "model": "c2g.videoactivity", 
        "fields": {
            "course": 1, 
            "max_end_seconds": 0, 
            "video": 14, 
            "student": 49, 
            "start_seconds": 100
        }
    }, 
    {
        "pk": 272, 
        "model": "c2g.videoactivity", 
        "fields": {
            "course": 1, 
            "max_end_seconds": 0, 
            "video": 14, 
            "student": 50, 
            "start_seconds": 277
        }
    }, 
    {
        "pk": 273, 
        "model": "c2g.videoactivity", 
        "fields": {
            "course": 1, 
            "max_end_seconds": 0, 
            "video": 14, 
            "student": 51, 
            "start_seconds": 481
        }
    }, 
    {
        "pk": 274, 
        "model": "c2g.videoactivity", 
        "fields": {
            "course": 3, 
            "max_end_seconds": 0, 
            "video": 16, 
            "student": 13, 
            "start_seconds": 349
        }
    }, 
    {
        "pk": 275, 
        "model": "c2g.videoactivity", 
        "fields": {
            "course": 3, 
            "max_end_seconds": 0, 
            "video": 16, 
            "student": 14, 
            "start_seconds": 568
        }
    }, 
    {
        "pk": 276, 
        "model": "c2g.videoactivity", 
        "fields": {
            "course": 3, 
            "max_end_seconds": 0, 
            "video": 16, 
            "student": 15, 
            "start_seconds": 228
        }
    }, 
    {
        "pk": 277, 
        "model": "c2g.videoactivity", 
        "fields": {
            "course": 3, 
            "max_end_seconds": 0, 
            "video": 16, 
            "student": 16, 
            "start_seconds": 31
        }
    }, 
    {
        "pk": 278, 
        "model": "c2g.videoactivity", 
        "fields": {
            "course": 3, 
            "max_end_seconds": 0, 
            "video": 16, 
            "student": 17, 
            "start_seconds": 665
        }
    }, 
    {
        "pk": 279, 
        "model": "c2g.videoactivity", 
        "fields": {
            "course": 3, 
            "max_end_seconds": 0, 
            "video": 16, 
            "student": 18, 
            "start_seconds": 328
        }
    }, 
    {
        "pk": 280, 
        "model": "c2g.videoactivity", 
        "fields": {
            "course": 3, 
            "max_end_seconds": 0, 
            "video": 16, 
            "student": 19, 
            "start_seconds": 353
        }
    }, 
    {
        "pk": 281, 
        "model": "c2g.videoactivity", 
        "fields": {
            "course": 3, 
            "max_end_seconds": 0, 
            "video": 16, 
            "student": 20, 
            "start_seconds": 317
        }
    }, 
    {
        "pk": 282, 
        "model": "c2g.videoactivity", 
        "fields": {
            "course": 3, 
            "max_end_seconds": 0, 
            "video": 16, 
            "student": 21, 
            "start_seconds": 682
        }
    }, 
    {
        "pk": 283, 
        "model": "c2g.videoactivity", 
        "fields": {
            "course": 3, 
            "max_end_seconds": 0, 
            "video": 16, 
            "student": 22, 
            "start_seconds": 145
        }
    }, 
    {
        "pk": 284, 
        "model": "c2g.videoactivity", 
        "fields": {
            "course": 3, 
            "max_end_seconds": 0, 
            "video": 16, 
            "student": 23, 
            "start_seconds": 652
        }
    }, 
    {
        "pk": 285, 
        "model": "c2g.videoactivity", 
        "fields": {
            "course": 3, 
            "max_end_seconds": 0, 
            "video": 16, 
            "student": 24, 
            "start_seconds": 623
        }
    }, 
    {
        "pk": 286, 
        "model": "c2g.videoactivity", 
        "fields": {
            "course": 3, 
            "max_end_seconds": 0, 
            "video": 16, 
            "student": 25, 
            "start_seconds": 159
        }
    }, 
    {
        "pk": 287, 
        "model": "c2g.videoactivity", 
        "fields": {
            "course": 3, 
            "max_end_seconds": 0, 
            "video": 16, 
            "student": 26, 
            "start_seconds": 155
        }
    }, 
    {
        "pk": 288, 
        "model": "c2g.videoactivity", 
        "fields": {
            "course": 3, 
            "max_end_seconds": 0, 
            "video": 16, 
            "student": 27, 
            "start_seconds": 480
        }
    }, 
    {
        "pk": 289, 
        "model": "c2g.videoactivity", 
        "fields": {
            "course": 3, 
            "max_end_seconds": 0, 
            "video": 16, 
            "student": 28, 
            "start_seconds": 466
        }
    }, 
    {
        "pk": 290, 
        "model": "c2g.videoactivity", 
        "fields": {
            "course": 3, 
            "max_end_seconds": 0, 
            "video": 16, 
            "student": 29, 
            "start_seconds": 723
        }
    }, 
    {
        "pk": 291, 
        "model": "c2g.videoactivity", 
        "fields": {
            "course": 3, 
            "max_end_seconds": 0, 
            "video": 16, 
            "student": 30, 
            "start_seconds": 368
        }
    }, 
    {
        "pk": 292, 
        "model": "c2g.videoactivity", 
        "fields": {
            "course": 3, 
            "max_end_seconds": 0, 
            "video": 16, 
            "student": 31, 
            "start_seconds": 347
        }
    }, 
    {
        "pk": 293, 
        "model": "c2g.videoactivity", 
        "fields": {
            "course": 3, 
            "max_end_seconds": 0, 
            "video": 16, 
            "student": 32, 
            "start_seconds": 711
        }
    }, 
    {
        "pk": 294, 
        "model": "c2g.videoactivity", 
        "fields": {
            "course": 3, 
            "max_end_seconds": 0, 
            "video": 16, 
            "student": 33, 
            "start_seconds": 39
        }
    }, 
    {
        "pk": 295, 
        "model": "c2g.videoactivity", 
        "fields": {
            "course": 3, 
            "max_end_seconds": 0, 
            "video": 16, 
            "student": 34, 
            "start_seconds": 674
        }
    }, 
    {
        "pk": 296, 
        "model": "c2g.videoactivity", 
        "fields": {
            "course": 3, 
            "max_end_seconds": 0, 
            "video": 16, 
            "student": 35, 
            "start_seconds": 131
        }
    }, 
    {
        "pk": 297, 
        "model": "c2g.videoactivity", 
        "fields": {
            "course": 3, 
            "max_end_seconds": 0, 
            "video": 16, 
            "student": 36, 
            "start_seconds": 310
        }
    }, 
    {
        "pk": 298, 
        "model": "c2g.videoactivity", 
        "fields": {
            "course": 3, 
            "max_end_seconds": 0, 
            "video": 16, 
            "student": 37, 
            "start_seconds": 47
        }
    }, 
    {
        "pk": 299, 
        "model": "c2g.videoactivity", 
        "fields": {
            "course": 3, 
            "max_end_seconds": 0, 
            "video": 16, 
            "student": 38, 
            "start_seconds": 274
        }
    }, 
    {
        "pk": 300, 
        "model": "c2g.videoactivity", 
        "fields": {
            "course": 3, 
            "max_end_seconds": 0, 
            "video": 16, 
            "student": 39, 
            "start_seconds": 157
        }
    }, 
    {
        "pk": 301, 
        "model": "c2g.videoactivity", 
        "fields": {
            "course": 3, 
            "max_end_seconds": 0, 
            "video": 16, 
            "student": 40, 
            "start_seconds": 4
        }
    }, 
    {
        "pk": 302, 
        "model": "c2g.videoactivity", 
        "fields": {
            "course": 3, 
            "max_end_seconds": 0, 
            "video": 16, 
            "student": 41, 
            "start_seconds": 106
        }
    }, 
    {
        "pk": 303, 
        "model": "c2g.videoactivity", 
        "fields": {
            "course": 3, 
            "max_end_seconds": 0, 
            "video": 16, 
            "student": 42, 
            "start_seconds": 213
        }
    }, 
    {
        "pk": 304, 
        "model": "c2g.videoactivity", 
        "fields": {
            "course": 3, 
            "max_end_seconds": 0, 
            "video": 16, 
            "student": 43, 
            "start_seconds": 225
        }
    }, 
    {
        "pk": 305, 
        "model": "c2g.videoactivity", 
        "fields": {
            "course": 3, 
            "max_end_seconds": 0, 
            "video": 16, 
            "student": 44, 
            "start_seconds": 400
        }
    }, 
    {
        "pk": 306, 
        "model": "c2g.videoactivity", 
        "fields": {
            "course": 3, 
            "max_end_seconds": 0, 
            "video": 16, 
            "student": 45, 
            "start_seconds": 593
        }
    }, 
    {
        "pk": 307, 
        "model": "c2g.videoactivity", 
        "fields": {
            "course": 3, 
            "max_end_seconds": 0, 
            "video": 16, 
            "student": 46, 
            "start_seconds": 476
        }
    }, 
    {
        "pk": 308, 
        "model": "c2g.videoactivity", 
        "fields": {
            "course": 3, 
            "max_end_seconds": 0, 
            "video": 16, 
            "student": 47, 
            "start_seconds": 394
        }
    }, 
    {
        "pk": 309, 
        "model": "c2g.videoactivity", 
        "fields": {
            "course": 3, 
            "max_end_seconds": 0, 
            "video": 16, 
            "student": 48, 
            "start_seconds": 475
        }
    }, 
    {
        "pk": 310, 
        "model": "c2g.videoactivity", 
        "fields": {
            "course": 3, 
            "max_end_seconds": 0, 
            "video": 16, 
            "student": 49, 
            "start_seconds": 398
        }
    }, 
    {
        "pk": 311, 
        "model": "c2g.videoactivity", 
        "fields": {
            "course": 3, 
            "max_end_seconds": 0, 
            "video": 16, 
            "student": 50, 
            "start_seconds": 430
        }
    }, 
    {
        "pk": 312, 
        "model": "c2g.videoactivity", 
        "fields": {
            "course": 3, 
            "max_end_seconds": 0, 
            "video": 16, 
            "student": 51, 
            "start_seconds": 109
        }
    }, 
    {
        "pk": 313, 
        "model": "c2g.videoactivity", 
        "fields": {
            "course": 3, 
            "max_end_seconds": 0, 
            "video": 18, 
            "student": 13, 
            "start_seconds": 377
        }
    }, 
    {
        "pk": 314, 
        "model": "c2g.videoactivity", 
        "fields": {
            "course": 3, 
            "max_end_seconds": 0, 
            "video": 18, 
            "student": 14, 
            "start_seconds": 122
        }
    }, 
    {
        "pk": 315, 
        "model": "c2g.videoactivity", 
        "fields": {
            "course": 3, 
            "max_end_seconds": 0, 
            "video": 18, 
            "student": 15, 
            "start_seconds": 216
        }
    }, 
    {
        "pk": 316, 
        "model": "c2g.videoactivity", 
        "fields": {
            "course": 3, 
            "max_end_seconds": 0, 
            "video": 18, 
            "student": 16, 
            "start_seconds": 584
        }
    }, 
    {
        "pk": 317, 
        "model": "c2g.videoactivity", 
        "fields": {
            "course": 3, 
            "max_end_seconds": 0, 
            "video": 18, 
            "student": 17, 
            "start_seconds": 649
        }
    }, 
    {
        "pk": 318, 
        "model": "c2g.videoactivity", 
        "fields": {
            "course": 3, 
            "max_end_seconds": 0, 
            "video": 18, 
            "student": 18, 
            "start_seconds": 183
        }
    }, 
    {
        "pk": 319, 
        "model": "c2g.videoactivity", 
        "fields": {
            "course": 3, 
            "max_end_seconds": 0, 
            "video": 18, 
            "student": 19, 
            "start_seconds": 283
        }
    }, 
    {
        "pk": 320, 
        "model": "c2g.videoactivity", 
        "fields": {
            "course": 3, 
            "max_end_seconds": 0, 
            "video": 18, 
            "student": 20, 
            "start_seconds": 283
        }
    }, 
    {
        "pk": 321, 
        "model": "c2g.videoactivity", 
        "fields": {
            "course": 3, 
            "max_end_seconds": 0, 
            "video": 18, 
            "student": 21, 
            "start_seconds": 223
        }
    }, 
    {
        "pk": 322, 
        "model": "c2g.videoactivity", 
        "fields": {
            "course": 3, 
            "max_end_seconds": 0, 
            "video": 18, 
            "student": 22, 
            "start_seconds": 121
        }
    }, 
    {
        "pk": 323, 
        "model": "c2g.videoactivity", 
        "fields": {
            "course": 3, 
            "max_end_seconds": 0, 
            "video": 18, 
            "student": 23, 
            "start_seconds": 357
        }
    }, 
    {
        "pk": 324, 
        "model": "c2g.videoactivity", 
        "fields": {
            "course": 3, 
            "max_end_seconds": 0, 
            "video": 18, 
            "student": 24, 
            "start_seconds": 36
        }
    }, 
    {
        "pk": 325, 
        "model": "c2g.videoactivity", 
        "fields": {
            "course": 3, 
            "max_end_seconds": 0, 
            "video": 18, 
            "student": 25, 
            "start_seconds": 175
        }
    }, 
    {
        "pk": 326, 
        "model": "c2g.videoactivity", 
        "fields": {
            "course": 3, 
            "max_end_seconds": 0, 
            "video": 18, 
            "student": 26, 
            "start_seconds": 507
        }
    }, 
    {
        "pk": 327, 
        "model": "c2g.videoactivity", 
        "fields": {
            "course": 3, 
            "max_end_seconds": 0, 
            "video": 18, 
            "student": 27, 
            "start_seconds": 332
        }
    }, 
    {
        "pk": 328, 
        "model": "c2g.videoactivity", 
        "fields": {
            "course": 3, 
            "max_end_seconds": 0, 
            "video": 18, 
            "student": 28, 
            "start_seconds": 610
        }
    }, 
    {
        "pk": 329, 
        "model": "c2g.videoactivity", 
        "fields": {
            "course": 3, 
            "max_end_seconds": 0, 
            "video": 18, 
            "student": 29, 
            "start_seconds": 661
        }
    }, 
    {
        "pk": 330, 
        "model": "c2g.videoactivity", 
        "fields": {
            "course": 3, 
            "max_end_seconds": 0, 
            "video": 18, 
            "student": 30, 
            "start_seconds": 76
        }
    }, 
    {
        "pk": 331, 
        "model": "c2g.videoactivity", 
        "fields": {
            "course": 3, 
            "max_end_seconds": 0, 
            "video": 18, 
            "student": 31, 
            "start_seconds": 108
        }
    }, 
    {
        "pk": 332, 
        "model": "c2g.videoactivity", 
        "fields": {
            "course": 3, 
            "max_end_seconds": 0, 
            "video": 18, 
            "student": 32, 
            "start_seconds": 446
        }
    }, 
    {
        "pk": 333, 
        "model": "c2g.videoactivity", 
        "fields": {
            "course": 3, 
            "max_end_seconds": 0, 
            "video": 18, 
            "student": 33, 
            "start_seconds": 483
        }
    }, 
    {
        "pk": 334, 
        "model": "c2g.videoactivity", 
        "fields": {
            "course": 3, 
            "max_end_seconds": 0, 
            "video": 18, 
            "student": 34, 
            "start_seconds": 74
        }
    }, 
    {
        "pk": 335, 
        "model": "c2g.videoactivity", 
        "fields": {
            "course": 3, 
            "max_end_seconds": 0, 
            "video": 18, 
            "student": 35, 
            "start_seconds": 384
        }
    }, 
    {
        "pk": 336, 
        "model": "c2g.videoactivity", 
        "fields": {
            "course": 3, 
            "max_end_seconds": 0, 
            "video": 18, 
            "student": 36, 
            "start_seconds": 248
        }
    }, 
    {
        "pk": 337, 
        "model": "c2g.videoactivity", 
        "fields": {
            "course": 3, 
            "max_end_seconds": 0, 
            "video": 18, 
            "student": 37, 
            "start_seconds": 129
        }
    }, 
    {
        "pk": 338, 
        "model": "c2g.videoactivity", 
        "fields": {
            "course": 3, 
            "max_end_seconds": 0, 
            "video": 18, 
            "student": 38, 
            "start_seconds": 319
        }
    }, 
    {
        "pk": 339, 
        "model": "c2g.videoactivity", 
        "fields": {
            "course": 3, 
            "max_end_seconds": 0, 
            "video": 18, 
            "student": 39, 
            "start_seconds": 550
        }
    }, 
    {
        "pk": 340, 
        "model": "c2g.videoactivity", 
        "fields": {
            "course": 3, 
            "max_end_seconds": 0, 
            "video": 18, 
            "student": 40, 
            "start_seconds": 239
        }
    }, 
    {
        "pk": 341, 
        "model": "c2g.videoactivity", 
        "fields": {
            "course": 3, 
            "max_end_seconds": 0, 
            "video": 18, 
            "student": 41, 
            "start_seconds": 9
        }
    }, 
    {
        "pk": 342, 
        "model": "c2g.videoactivity", 
        "fields": {
            "course": 3, 
            "max_end_seconds": 0, 
            "video": 18, 
            "student": 42, 
            "start_seconds": 314
        }
    }, 
    {
        "pk": 343, 
        "model": "c2g.videoactivity", 
        "fields": {
            "course": 3, 
            "max_end_seconds": 0, 
            "video": 18, 
            "student": 43, 
            "start_seconds": 394
        }
    }, 
    {
        "pk": 344, 
        "model": "c2g.videoactivity", 
        "fields": {
            "course": 3, 
            "max_end_seconds": 0, 
            "video": 18, 
            "student": 44, 
            "start_seconds": 652
        }
    }, 
    {
        "pk": 345, 
        "model": "c2g.videoactivity", 
        "fields": {
            "course": 3, 
            "max_end_seconds": 0, 
            "video": 18, 
            "student": 45, 
            "start_seconds": 485
        }
    }, 
    {
        "pk": 346, 
        "model": "c2g.videoactivity", 
        "fields": {
            "course": 3, 
            "max_end_seconds": 0, 
            "video": 18, 
            "student": 46, 
            "start_seconds": 27
        }
    }, 
    {
        "pk": 347, 
        "model": "c2g.videoactivity", 
        "fields": {
            "course": 3, 
            "max_end_seconds": 0, 
            "video": 18, 
            "student": 47, 
            "start_seconds": 359
        }
    }, 
    {
        "pk": 348, 
        "model": "c2g.videoactivity", 
        "fields": {
            "course": 3, 
            "max_end_seconds": 0, 
            "video": 18, 
            "student": 48, 
            "start_seconds": 159
        }
    }, 
    {
        "pk": 349, 
        "model": "c2g.videoactivity", 
        "fields": {
            "course": 3, 
            "max_end_seconds": 0, 
            "video": 18, 
            "student": 49, 
            "start_seconds": 62
        }
    }, 
    {
        "pk": 350, 
        "model": "c2g.videoactivity", 
        "fields": {
            "course": 3, 
            "max_end_seconds": 0, 
            "video": 18, 
            "student": 50, 
            "start_seconds": 150
        }
    }, 
    {
        "pk": 351, 
        "model": "c2g.videoactivity", 
        "fields": {
            "course": 3, 
            "max_end_seconds": 0, 
            "video": 18, 
            "student": 51, 
            "start_seconds": 517
        }
    }, 
    {
        "pk": 352, 
        "model": "c2g.videoactivity", 
        "fields": {
            "course": 3, 
            "max_end_seconds": 0, 
            "video": 20, 
            "student": 13, 
            "start_seconds": 344
        }
    }, 
    {
        "pk": 353, 
        "model": "c2g.videoactivity", 
        "fields": {
            "course": 3, 
            "max_end_seconds": 0, 
            "video": 20, 
            "student": 14, 
            "start_seconds": 268
        }
    }, 
    {
        "pk": 354, 
        "model": "c2g.videoactivity", 
        "fields": {
            "course": 3, 
            "max_end_seconds": 0, 
            "video": 20, 
            "student": 15, 
            "start_seconds": 200
        }
    }, 
    {
        "pk": 355, 
        "model": "c2g.videoactivity", 
        "fields": {
            "course": 3, 
            "max_end_seconds": 0, 
            "video": 20, 
            "student": 16, 
            "start_seconds": 331
        }
    }, 
    {
        "pk": 356, 
        "model": "c2g.videoactivity", 
        "fields": {
            "course": 3, 
            "max_end_seconds": 0, 
            "video": 20, 
            "student": 17, 
            "start_seconds": 106
        }
    }, 
    {
        "pk": 357, 
        "model": "c2g.videoactivity", 
        "fields": {
            "course": 3, 
            "max_end_seconds": 0, 
            "video": 20, 
            "student": 18, 
            "start_seconds": 204
        }
    }, 
    {
        "pk": 358, 
        "model": "c2g.videoactivity", 
        "fields": {
            "course": 3, 
            "max_end_seconds": 0, 
            "video": 20, 
            "student": 19, 
            "start_seconds": 103
        }
    }, 
    {
        "pk": 359, 
        "model": "c2g.videoactivity", 
        "fields": {
            "course": 3, 
            "max_end_seconds": 0, 
            "video": 20, 
            "student": 20, 
            "start_seconds": 323
        }
    }, 
    {
        "pk": 360, 
        "model": "c2g.videoactivity", 
        "fields": {
            "course": 3, 
            "max_end_seconds": 0, 
            "video": 20, 
            "student": 21, 
            "start_seconds": 241
        }
    }, 
    {
        "pk": 361, 
        "model": "c2g.videoactivity", 
        "fields": {
            "course": 3, 
            "max_end_seconds": 0, 
            "video": 20, 
            "student": 22, 
            "start_seconds": 249
        }
    }, 
    {
        "pk": 362, 
        "model": "c2g.videoactivity", 
        "fields": {
            "course": 3, 
            "max_end_seconds": 0, 
            "video": 20, 
            "student": 23, 
            "start_seconds": 279
        }
    }, 
    {
        "pk": 363, 
        "model": "c2g.videoactivity", 
        "fields": {
            "course": 3, 
            "max_end_seconds": 0, 
            "video": 20, 
            "student": 24, 
            "start_seconds": 108
        }
    }, 
    {
        "pk": 364, 
        "model": "c2g.videoactivity", 
        "fields": {
            "course": 3, 
            "max_end_seconds": 0, 
            "video": 20, 
            "student": 25, 
            "start_seconds": 5
        }
    }, 
    {
        "pk": 365, 
        "model": "c2g.videoactivity", 
        "fields": {
            "course": 3, 
            "max_end_seconds": 0, 
            "video": 20, 
            "student": 26, 
            "start_seconds": 245
        }
    }, 
    {
        "pk": 366, 
        "model": "c2g.videoactivity", 
        "fields": {
            "course": 3, 
            "max_end_seconds": 0, 
            "video": 20, 
            "student": 27, 
            "start_seconds": 154
        }
    }, 
    {
        "pk": 367, 
        "model": "c2g.videoactivity", 
        "fields": {
            "course": 3, 
            "max_end_seconds": 0, 
            "video": 20, 
            "student": 28, 
            "start_seconds": 92
        }
    }, 
    {
        "pk": 368, 
        "model": "c2g.videoactivity", 
        "fields": {
            "course": 3, 
            "max_end_seconds": 0, 
            "video": 20, 
            "student": 29, 
            "start_seconds": 212
        }
    }, 
    {
        "pk": 369, 
        "model": "c2g.videoactivity", 
        "fields": {
            "course": 3, 
            "max_end_seconds": 0, 
            "video": 20, 
            "student": 30, 
            "start_seconds": 164
        }
    }, 
    {
        "pk": 370, 
        "model": "c2g.videoactivity", 
        "fields": {
            "course": 3, 
            "max_end_seconds": 0, 
            "video": 20, 
            "student": 31, 
            "start_seconds": 95
        }
    }, 
    {
        "pk": 371, 
        "model": "c2g.videoactivity", 
        "fields": {
            "course": 3, 
            "max_end_seconds": 0, 
            "video": 20, 
            "student": 32, 
            "start_seconds": 283
        }
    }, 
    {
        "pk": 372, 
        "model": "c2g.videoactivity", 
        "fields": {
            "course": 3, 
            "max_end_seconds": 0, 
            "video": 20, 
            "student": 33, 
            "start_seconds": 318
        }
    }, 
    {
        "pk": 373, 
        "model": "c2g.videoactivity", 
        "fields": {
            "course": 3, 
            "max_end_seconds": 0, 
            "video": 20, 
            "student": 34, 
            "start_seconds": 328
        }
    }, 
    {
        "pk": 374, 
        "model": "c2g.videoactivity", 
        "fields": {
            "course": 3, 
            "max_end_seconds": 0, 
            "video": 20, 
            "student": 35, 
            "start_seconds": 258
        }
    }, 
    {
        "pk": 375, 
        "model": "c2g.videoactivity", 
        "fields": {
            "course": 3, 
            "max_end_seconds": 0, 
            "video": 20, 
            "student": 36, 
            "start_seconds": 139
        }
    }, 
    {
        "pk": 376, 
        "model": "c2g.videoactivity", 
        "fields": {
            "course": 3, 
            "max_end_seconds": 0, 
            "video": 20, 
            "student": 37, 
            "start_seconds": 209
        }
    }, 
    {
        "pk": 377, 
        "model": "c2g.videoactivity", 
        "fields": {
            "course": 3, 
            "max_end_seconds": 0, 
            "video": 20, 
            "student": 38, 
            "start_seconds": 317
        }
    }, 
    {
        "pk": 378, 
        "model": "c2g.videoactivity", 
        "fields": {
            "course": 3, 
            "max_end_seconds": 0, 
            "video": 20, 
            "student": 39, 
            "start_seconds": 237
        }
    }, 
    {
        "pk": 379, 
        "model": "c2g.videoactivity", 
        "fields": {
            "course": 3, 
            "max_end_seconds": 0, 
            "video": 20, 
            "student": 40, 
            "start_seconds": 361
        }
    }, 
    {
        "pk": 380, 
        "model": "c2g.videoactivity", 
        "fields": {
            "course": 3, 
            "max_end_seconds": 0, 
            "video": 20, 
            "student": 41, 
            "start_seconds": 205
        }
    }, 
    {
        "pk": 381, 
        "model": "c2g.videoactivity", 
        "fields": {
            "course": 3, 
            "max_end_seconds": 0, 
            "video": 20, 
            "student": 42, 
            "start_seconds": 283
        }
    }, 
    {
        "pk": 382, 
        "model": "c2g.videoactivity", 
        "fields": {
            "course": 3, 
            "max_end_seconds": 0, 
            "video": 20, 
            "student": 43, 
            "start_seconds": 300
        }
    }, 
    {
        "pk": 383, 
        "model": "c2g.videoactivity", 
        "fields": {
            "course": 3, 
            "max_end_seconds": 0, 
            "video": 20, 
            "student": 44, 
            "start_seconds": 128
        }
    }, 
    {
        "pk": 384, 
        "model": "c2g.videoactivity", 
        "fields": {
            "course": 3, 
            "max_end_seconds": 0, 
            "video": 20, 
            "student": 45, 
            "start_seconds": 135
        }
    }, 
    {
        "pk": 385, 
        "model": "c2g.videoactivity", 
        "fields": {
            "course": 3, 
            "max_end_seconds": 0, 
            "video": 20, 
            "student": 46, 
            "start_seconds": 291
        }
    }, 
    {
        "pk": 386, 
        "model": "c2g.videoactivity", 
        "fields": {
            "course": 3, 
            "max_end_seconds": 0, 
            "video": 20, 
            "student": 47, 
            "start_seconds": 173
        }
    }, 
    {
        "pk": 387, 
        "model": "c2g.videoactivity", 
        "fields": {
            "course": 3, 
            "max_end_seconds": 0, 
            "video": 20, 
            "student": 48, 
            "start_seconds": 24
        }
    }, 
    {
        "pk": 388, 
        "model": "c2g.videoactivity", 
        "fields": {
            "course": 3, 
            "max_end_seconds": 0, 
            "video": 20, 
            "student": 49, 
            "start_seconds": 67
        }
    }, 
    {
        "pk": 389, 
        "model": "c2g.videoactivity", 
        "fields": {
            "course": 3, 
            "max_end_seconds": 0, 
            "video": 20, 
            "student": 50, 
            "start_seconds": 165
        }
    }, 
    {
        "pk": 390, 
        "model": "c2g.videoactivity", 
        "fields": {
            "course": 3, 
            "max_end_seconds": 0, 
            "video": 20, 
            "student": 51, 
            "start_seconds": 273
        }
    }, 
    {
        "pk": 391, 
        "model": "c2g.videoactivity", 
        "fields": {
            "course": 3, 
            "max_end_seconds": 0, 
            "video": 22, 
            "student": 13, 
            "start_seconds": 430
        }
    }, 
    {
        "pk": 392, 
        "model": "c2g.videoactivity", 
        "fields": {
            "course": 3, 
            "max_end_seconds": 0, 
            "video": 22, 
            "student": 14, 
            "start_seconds": 86
        }
    }, 
    {
        "pk": 393, 
        "model": "c2g.videoactivity", 
        "fields": {
            "course": 3, 
            "max_end_seconds": 0, 
            "video": 22, 
            "student": 15, 
            "start_seconds": 600
        }
    }, 
    {
        "pk": 394, 
        "model": "c2g.videoactivity", 
        "fields": {
            "course": 3, 
            "max_end_seconds": 0, 
            "video": 22, 
            "student": 16, 
            "start_seconds": 799
        }
    }, 
    {
        "pk": 395, 
        "model": "c2g.videoactivity", 
        "fields": {
            "course": 3, 
            "max_end_seconds": 0, 
            "video": 22, 
            "student": 17, 
            "start_seconds": 659
        }
    }, 
    {
        "pk": 396, 
        "model": "c2g.videoactivity", 
        "fields": {
            "course": 3, 
            "max_end_seconds": 0, 
            "video": 22, 
            "student": 18, 
            "start_seconds": 861
        }
    }, 
    {
        "pk": 397, 
        "model": "c2g.videoactivity", 
        "fields": {
            "course": 3, 
            "max_end_seconds": 0, 
            "video": 22, 
            "student": 19, 
            "start_seconds": 460
        }
    }, 
    {
        "pk": 398, 
        "model": "c2g.videoactivity", 
        "fields": {
            "course": 3, 
            "max_end_seconds": 0, 
            "video": 22, 
            "student": 20, 
            "start_seconds": 139
        }
    }, 
    {
        "pk": 399, 
        "model": "c2g.videoactivity", 
        "fields": {
            "course": 3, 
            "max_end_seconds": 0, 
            "video": 22, 
            "student": 21, 
            "start_seconds": 732
        }
    }, 
    {
        "pk": 400, 
        "model": "c2g.videoactivity", 
        "fields": {
            "course": 3, 
            "max_end_seconds": 0, 
            "video": 22, 
            "student": 22, 
            "start_seconds": 457
        }
    }, 
    {
        "pk": 401, 
        "model": "c2g.videoactivity", 
        "fields": {
            "course": 3, 
            "max_end_seconds": 0, 
            "video": 22, 
            "student": 23, 
            "start_seconds": 498
        }
    }, 
    {
        "pk": 402, 
        "model": "c2g.videoactivity", 
        "fields": {
            "course": 3, 
            "max_end_seconds": 0, 
            "video": 22, 
            "student": 24, 
            "start_seconds": 480
        }
    }, 
    {
        "pk": 403, 
        "model": "c2g.videoactivity", 
        "fields": {
            "course": 3, 
            "max_end_seconds": 0, 
            "video": 22, 
            "student": 25, 
            "start_seconds": 695
        }
    }, 
    {
        "pk": 404, 
        "model": "c2g.videoactivity", 
        "fields": {
            "course": 3, 
            "max_end_seconds": 0, 
            "video": 22, 
            "student": 26, 
            "start_seconds": 327
        }
    }, 
    {
        "pk": 405, 
        "model": "c2g.videoactivity", 
        "fields": {
            "course": 3, 
            "max_end_seconds": 0, 
            "video": 22, 
            "student": 27, 
            "start_seconds": 828
        }
    }, 
    {
        "pk": 406, 
        "model": "c2g.videoactivity", 
        "fields": {
            "course": 3, 
            "max_end_seconds": 0, 
            "video": 22, 
            "student": 28, 
            "start_seconds": 76
        }
    }, 
    {
        "pk": 407, 
        "model": "c2g.videoactivity", 
        "fields": {
            "course": 3, 
            "max_end_seconds": 0, 
            "video": 22, 
            "student": 29, 
            "start_seconds": 748
        }
    }, 
    {
        "pk": 408, 
        "model": "c2g.videoactivity", 
        "fields": {
            "course": 3, 
            "max_end_seconds": 0, 
            "video": 22, 
            "student": 30, 
            "start_seconds": 511
        }
    }, 
    {
        "pk": 409, 
        "model": "c2g.videoactivity", 
        "fields": {
            "course": 3, 
            "max_end_seconds": 0, 
            "video": 22, 
            "student": 31, 
            "start_seconds": 855
        }
    }, 
    {
        "pk": 410, 
        "model": "c2g.videoactivity", 
        "fields": {
            "course": 3, 
            "max_end_seconds": 0, 
            "video": 22, 
            "student": 32, 
            "start_seconds": 515
        }
    }, 
    {
        "pk": 411, 
        "model": "c2g.videoactivity", 
        "fields": {
            "course": 3, 
            "max_end_seconds": 0, 
            "video": 22, 
            "student": 33, 
            "start_seconds": 426
        }
    }, 
    {
        "pk": 412, 
        "model": "c2g.videoactivity", 
        "fields": {
            "course": 3, 
            "max_end_seconds": 0, 
            "video": 22, 
            "student": 34, 
            "start_seconds": 376
        }
    }, 
    {
        "pk": 413, 
        "model": "c2g.videoactivity", 
        "fields": {
            "course": 3, 
            "max_end_seconds": 0, 
            "video": 22, 
            "student": 35, 
            "start_seconds": 764
        }
    }, 
    {
        "pk": 414, 
        "model": "c2g.videoactivity", 
        "fields": {
            "course": 3, 
            "max_end_seconds": 0, 
            "video": 22, 
            "student": 36, 
            "start_seconds": 85
        }
    }, 
    {
        "pk": 415, 
        "model": "c2g.videoactivity", 
        "fields": {
            "course": 3, 
            "max_end_seconds": 0, 
            "video": 22, 
            "student": 37, 
            "start_seconds": 128
        }
    }, 
    {
        "pk": 416, 
        "model": "c2g.videoactivity", 
        "fields": {
            "course": 3, 
            "max_end_seconds": 0, 
            "video": 22, 
            "student": 38, 
            "start_seconds": 789
        }
    }, 
    {
        "pk": 417, 
        "model": "c2g.videoactivity", 
        "fields": {
            "course": 3, 
            "max_end_seconds": 0, 
            "video": 22, 
            "student": 39, 
            "start_seconds": 829
        }
    }, 
    {
        "pk": 418, 
        "model": "c2g.videoactivity", 
        "fields": {
            "course": 3, 
            "max_end_seconds": 0, 
            "video": 22, 
            "student": 40, 
            "start_seconds": 391
        }
    }, 
    {
        "pk": 419, 
        "model": "c2g.videoactivity", 
        "fields": {
            "course": 3, 
            "max_end_seconds": 0, 
            "video": 22, 
            "student": 41, 
            "start_seconds": 310
        }
    }, 
    {
        "pk": 420, 
        "model": "c2g.videoactivity", 
        "fields": {
            "course": 3, 
            "max_end_seconds": 0, 
            "video": 22, 
            "student": 42, 
            "start_seconds": 817
        }
    }, 
    {
        "pk": 421, 
        "model": "c2g.videoactivity", 
        "fields": {
            "course": 3, 
            "max_end_seconds": 0, 
            "video": 22, 
            "student": 43, 
            "start_seconds": 810
        }
    }, 
    {
        "pk": 422, 
        "model": "c2g.videoactivity", 
        "fields": {
            "course": 3, 
            "max_end_seconds": 0, 
            "video": 22, 
            "student": 44, 
            "start_seconds": 436
        }
    }, 
    {
        "pk": 423, 
        "model": "c2g.videoactivity", 
        "fields": {
            "course": 3, 
            "max_end_seconds": 0, 
            "video": 22, 
            "student": 45, 
            "start_seconds": 218
        }
    }, 
    {
        "pk": 424, 
        "model": "c2g.videoactivity", 
        "fields": {
            "course": 3, 
            "max_end_seconds": 0, 
            "video": 22, 
            "student": 46, 
            "start_seconds": 305
        }
    }, 
    {
        "pk": 425, 
        "model": "c2g.videoactivity", 
        "fields": {
            "course": 3, 
            "max_end_seconds": 0, 
            "video": 22, 
            "student": 47, 
            "start_seconds": 504
        }
    }, 
    {
        "pk": 426, 
        "model": "c2g.videoactivity", 
        "fields": {
            "course": 3, 
            "max_end_seconds": 0, 
            "video": 22, 
            "student": 48, 
            "start_seconds": 309
        }
    }, 
    {
        "pk": 427, 
        "model": "c2g.videoactivity", 
        "fields": {
            "course": 3, 
            "max_end_seconds": 0, 
            "video": 22, 
            "student": 49, 
            "start_seconds": 287
        }
    }, 
    {
        "pk": 428, 
        "model": "c2g.videoactivity", 
        "fields": {
            "course": 3, 
            "max_end_seconds": 0, 
            "video": 22, 
            "student": 50, 
            "start_seconds": 552
        }
    }, 
    {
        "pk": 429, 
        "model": "c2g.videoactivity", 
        "fields": {
            "course": 3, 
            "max_end_seconds": 0, 
            "video": 22, 
            "student": 51, 
            "start_seconds": 661
        }
    }, 
    {
        "pk": 430, 
        "model": "c2g.videoactivity", 
        "fields": {
            "course": 3, 
            "max_end_seconds": 0, 
            "video": 24, 
            "student": 13, 
            "start_seconds": 117
        }
    }, 
    {
        "pk": 431, 
        "model": "c2g.videoactivity", 
        "fields": {
            "course": 3, 
            "max_end_seconds": 0, 
            "video": 24, 
            "student": 14, 
            "start_seconds": 189
        }
    }, 
    {
        "pk": 432, 
        "model": "c2g.videoactivity", 
        "fields": {
            "course": 3, 
            "max_end_seconds": 0, 
            "video": 24, 
            "student": 15, 
            "start_seconds": 313
        }
    }, 
    {
        "pk": 433, 
        "model": "c2g.videoactivity", 
        "fields": {
            "course": 3, 
            "max_end_seconds": 0, 
            "video": 24, 
            "student": 16, 
            "start_seconds": 86
        }
    }, 
    {
        "pk": 434, 
        "model": "c2g.videoactivity", 
        "fields": {
            "course": 3, 
            "max_end_seconds": 0, 
            "video": 24, 
            "student": 17, 
            "start_seconds": 249
        }
    }, 
    {
        "pk": 435, 
        "model": "c2g.videoactivity", 
        "fields": {
            "course": 3, 
            "max_end_seconds": 0, 
            "video": 24, 
            "student": 18, 
            "start_seconds": 201
        }
    }, 
    {
        "pk": 436, 
        "model": "c2g.videoactivity", 
        "fields": {
            "course": 3, 
            "max_end_seconds": 0, 
            "video": 24, 
            "student": 19, 
            "start_seconds": 410
        }
    }, 
    {
        "pk": 437, 
        "model": "c2g.videoactivity", 
        "fields": {
            "course": 3, 
            "max_end_seconds": 0, 
            "video": 24, 
            "student": 20, 
            "start_seconds": 361
        }
    }, 
    {
        "pk": 438, 
        "model": "c2g.videoactivity", 
        "fields": {
            "course": 3, 
            "max_end_seconds": 0, 
            "video": 24, 
            "student": 21, 
            "start_seconds": 404
        }
    }, 
    {
        "pk": 439, 
        "model": "c2g.videoactivity", 
        "fields": {
            "course": 3, 
            "max_end_seconds": 0, 
            "video": 24, 
            "student": 22, 
            "start_seconds": 27
        }
    }, 
    {
        "pk": 440, 
        "model": "c2g.videoactivity", 
        "fields": {
            "course": 3, 
            "max_end_seconds": 0, 
            "video": 24, 
            "student": 23, 
            "start_seconds": 343
        }
    }, 
    {
        "pk": 441, 
        "model": "c2g.videoactivity", 
        "fields": {
            "course": 3, 
            "max_end_seconds": 0, 
            "video": 24, 
            "student": 24, 
            "start_seconds": 114
        }
    }, 
    {
        "pk": 442, 
        "model": "c2g.videoactivity", 
        "fields": {
            "course": 3, 
            "max_end_seconds": 0, 
            "video": 24, 
            "student": 25, 
            "start_seconds": 310
        }
    }, 
    {
        "pk": 443, 
        "model": "c2g.videoactivity", 
        "fields": {
            "course": 3, 
            "max_end_seconds": 0, 
            "video": 24, 
            "student": 26, 
            "start_seconds": 73
        }
    }, 
    {
        "pk": 444, 
        "model": "c2g.videoactivity", 
        "fields": {
            "course": 3, 
            "max_end_seconds": 0, 
            "video": 24, 
            "student": 27, 
            "start_seconds": 129
        }
    }, 
    {
        "pk": 445, 
        "model": "c2g.videoactivity", 
        "fields": {
            "course": 3, 
            "max_end_seconds": 0, 
            "video": 24, 
            "student": 28, 
            "start_seconds": 341
        }
    }, 
    {
        "pk": 446, 
        "model": "c2g.videoactivity", 
        "fields": {
            "course": 3, 
            "max_end_seconds": 0, 
            "video": 24, 
            "student": 29, 
            "start_seconds": 111
        }
    }, 
    {
        "pk": 447, 
        "model": "c2g.videoactivity", 
        "fields": {
            "course": 3, 
            "max_end_seconds": 0, 
            "video": 24, 
            "student": 30, 
            "start_seconds": 86
        }
    }, 
    {
        "pk": 448, 
        "model": "c2g.videoactivity", 
        "fields": {
            "course": 3, 
            "max_end_seconds": 0, 
            "video": 24, 
            "student": 31, 
            "start_seconds": 85
        }
    }, 
    {
        "pk": 449, 
        "model": "c2g.videoactivity", 
        "fields": {
            "course": 3, 
            "max_end_seconds": 0, 
            "video": 24, 
            "student": 32, 
            "start_seconds": 16
        }
    }, 
    {
        "pk": 450, 
        "model": "c2g.videoactivity", 
        "fields": {
            "course": 3, 
            "max_end_seconds": 0, 
            "video": 24, 
            "student": 33, 
            "start_seconds": 75
        }
    }, 
    {
        "pk": 451, 
        "model": "c2g.videoactivity", 
        "fields": {
            "course": 3, 
            "max_end_seconds": 0, 
            "video": 24, 
            "student": 34, 
            "start_seconds": 213
        }
    }, 
    {
        "pk": 452, 
        "model": "c2g.videoactivity", 
        "fields": {
            "course": 3, 
            "max_end_seconds": 0, 
            "video": 24, 
            "student": 35, 
            "start_seconds": 398
        }
    }, 
    {
        "pk": 453, 
        "model": "c2g.videoactivity", 
        "fields": {
            "course": 3, 
            "max_end_seconds": 0, 
            "video": 24, 
            "student": 36, 
            "start_seconds": 294
        }
    }, 
    {
        "pk": 454, 
        "model": "c2g.videoactivity", 
        "fields": {
            "course": 3, 
            "max_end_seconds": 0, 
            "video": 24, 
            "student": 37, 
            "start_seconds": 11
        }
    }, 
    {
        "pk": 455, 
        "model": "c2g.videoactivity", 
        "fields": {
            "course": 3, 
            "max_end_seconds": 0, 
            "video": 24, 
            "student": 38, 
            "start_seconds": 22
        }
    }, 
    {
        "pk": 456, 
        "model": "c2g.videoactivity", 
        "fields": {
            "course": 3, 
            "max_end_seconds": 0, 
            "video": 24, 
            "student": 39, 
            "start_seconds": 391
        }
    }, 
    {
        "pk": 457, 
        "model": "c2g.videoactivity", 
        "fields": {
            "course": 3, 
            "max_end_seconds": 0, 
            "video": 24, 
            "student": 40, 
            "start_seconds": 45
        }
    }, 
    {
        "pk": 458, 
        "model": "c2g.videoactivity", 
        "fields": {
            "course": 3, 
            "max_end_seconds": 0, 
            "video": 24, 
            "student": 41, 
            "start_seconds": 158
        }
    }, 
    {
        "pk": 459, 
        "model": "c2g.videoactivity", 
        "fields": {
            "course": 3, 
            "max_end_seconds": 0, 
            "video": 24, 
            "student": 42, 
            "start_seconds": 407
        }
    }, 
    {
        "pk": 460, 
        "model": "c2g.videoactivity", 
        "fields": {
            "course": 3, 
            "max_end_seconds": 0, 
            "video": 24, 
            "student": 43, 
            "start_seconds": 208
        }
    }, 
    {
        "pk": 461, 
        "model": "c2g.videoactivity", 
        "fields": {
            "course": 3, 
            "max_end_seconds": 0, 
            "video": 24, 
            "student": 44, 
            "start_seconds": 140
        }
    }, 
    {
        "pk": 462, 
        "model": "c2g.videoactivity", 
        "fields": {
            "course": 3, 
            "max_end_seconds": 0, 
            "video": 24, 
            "student": 45, 
            "start_seconds": 395
        }
    }, 
    {
        "pk": 463, 
        "model": "c2g.videoactivity", 
        "fields": {
            "course": 3, 
            "max_end_seconds": 0, 
            "video": 24, 
            "student": 46, 
            "start_seconds": 365
        }
    }, 
    {
        "pk": 464, 
        "model": "c2g.videoactivity", 
        "fields": {
            "course": 3, 
            "max_end_seconds": 0, 
            "video": 24, 
            "student": 47, 
            "start_seconds": 209
        }
    }, 
    {
        "pk": 465, 
        "model": "c2g.videoactivity", 
        "fields": {
            "course": 3, 
            "max_end_seconds": 0, 
            "video": 24, 
            "student": 48, 
            "start_seconds": 18
        }
    }, 
    {
        "pk": 466, 
        "model": "c2g.videoactivity", 
        "fields": {
            "course": 3, 
            "max_end_seconds": 0, 
            "video": 24, 
            "student": 49, 
            "start_seconds": 281
        }
    }, 
    {
        "pk": 467, 
        "model": "c2g.videoactivity", 
        "fields": {
            "course": 3, 
            "max_end_seconds": 0, 
            "video": 24, 
            "student": 50, 
            "start_seconds": 294
        }
    }, 
    {
        "pk": 468, 
        "model": "c2g.videoactivity", 
        "fields": {
            "course": 3, 
            "max_end_seconds": 0, 
            "video": 24, 
            "student": 51, 
            "start_seconds": 417
        }
    }, 
    {
        "pk": 469, 
        "model": "c2g.videoactivity", 
        "fields": {
            "course": 3, 
            "max_end_seconds": 0, 
            "video": 26, 
            "student": 13, 
            "start_seconds": 323
        }
    }, 
    {
        "pk": 470, 
        "model": "c2g.videoactivity", 
        "fields": {
            "course": 3, 
            "max_end_seconds": 0, 
            "video": 26, 
            "student": 14, 
            "start_seconds": 229
        }
    }, 
    {
        "pk": 471, 
        "model": "c2g.videoactivity", 
        "fields": {
            "course": 3, 
            "max_end_seconds": 0, 
            "video": 26, 
            "student": 15, 
            "start_seconds": 306
        }
    }, 
    {
        "pk": 472, 
        "model": "c2g.videoactivity", 
        "fields": {
            "course": 3, 
            "max_end_seconds": 0, 
            "video": 26, 
            "student": 16, 
            "start_seconds": 78
        }
    }, 
    {
        "pk": 473, 
        "model": "c2g.videoactivity", 
        "fields": {
            "course": 3, 
            "max_end_seconds": 0, 
            "video": 26, 
            "student": 17, 
            "start_seconds": 277
        }
    }, 
    {
        "pk": 474, 
        "model": "c2g.videoactivity", 
        "fields": {
            "course": 3, 
            "max_end_seconds": 0, 
            "video": 26, 
            "student": 18, 
            "start_seconds": 251
        }
    }, 
    {
        "pk": 475, 
        "model": "c2g.videoactivity", 
        "fields": {
            "course": 3, 
            "max_end_seconds": 0, 
            "video": 26, 
            "student": 19, 
            "start_seconds": 329
        }
    }, 
    {
        "pk": 476, 
        "model": "c2g.videoactivity", 
        "fields": {
            "course": 3, 
            "max_end_seconds": 0, 
            "video": 26, 
            "student": 20, 
            "start_seconds": 102
        }
    }, 
    {
        "pk": 477, 
        "model": "c2g.videoactivity", 
        "fields": {
            "course": 3, 
            "max_end_seconds": 0, 
            "video": 26, 
            "student": 21, 
            "start_seconds": 237
        }
    }, 
    {
        "pk": 478, 
        "model": "c2g.videoactivity", 
        "fields": {
            "course": 3, 
            "max_end_seconds": 0, 
            "video": 26, 
            "student": 22, 
            "start_seconds": 335
        }
    }, 
    {
        "pk": 479, 
        "model": "c2g.videoactivity", 
        "fields": {
            "course": 3, 
            "max_end_seconds": 0, 
            "video": 26, 
            "student": 23, 
            "start_seconds": 225
        }
    }, 
    {
        "pk": 480, 
        "model": "c2g.videoactivity", 
        "fields": {
            "course": 3, 
            "max_end_seconds": 0, 
            "video": 26, 
            "student": 24, 
            "start_seconds": 98
        }
    }, 
    {
        "pk": 481, 
        "model": "c2g.videoactivity", 
        "fields": {
            "course": 3, 
            "max_end_seconds": 0, 
            "video": 26, 
            "student": 25, 
            "start_seconds": 15
        }
    }, 
    {
        "pk": 482, 
        "model": "c2g.videoactivity", 
        "fields": {
            "course": 3, 
            "max_end_seconds": 0, 
            "video": 26, 
            "student": 26, 
            "start_seconds": 85
        }
    }, 
    {
        "pk": 483, 
        "model": "c2g.videoactivity", 
        "fields": {
            "course": 3, 
            "max_end_seconds": 0, 
            "video": 26, 
            "student": 27, 
            "start_seconds": 217
        }
    }, 
    {
        "pk": 484, 
        "model": "c2g.videoactivity", 
        "fields": {
            "course": 3, 
            "max_end_seconds": 0, 
            "video": 26, 
            "student": 28, 
            "start_seconds": 81
        }
    }, 
    {
        "pk": 485, 
        "model": "c2g.videoactivity", 
        "fields": {
            "course": 3, 
            "max_end_seconds": 0, 
            "video": 26, 
            "student": 29, 
            "start_seconds": 12
        }
    }, 
    {
        "pk": 486, 
        "model": "c2g.videoactivity", 
        "fields": {
            "course": 3, 
            "max_end_seconds": 0, 
            "video": 26, 
            "student": 30, 
            "start_seconds": 316
        }
    }, 
    {
        "pk": 487, 
        "model": "c2g.videoactivity", 
        "fields": {
            "course": 3, 
            "max_end_seconds": 0, 
            "video": 26, 
            "student": 31, 
            "start_seconds": 146
        }
    }, 
    {
        "pk": 488, 
        "model": "c2g.videoactivity", 
        "fields": {
            "course": 3, 
            "max_end_seconds": 0, 
            "video": 26, 
            "student": 32, 
            "start_seconds": 314
        }
    }, 
    {
        "pk": 489, 
        "model": "c2g.videoactivity", 
        "fields": {
            "course": 3, 
            "max_end_seconds": 0, 
            "video": 26, 
            "student": 33, 
            "start_seconds": 321
        }
    }, 
    {
        "pk": 490, 
        "model": "c2g.videoactivity", 
        "fields": {
            "course": 3, 
            "max_end_seconds": 0, 
            "video": 26, 
            "student": 34, 
            "start_seconds": 261
        }
    }, 
    {
        "pk": 491, 
        "model": "c2g.videoactivity", 
        "fields": {
            "course": 3, 
            "max_end_seconds": 0, 
            "video": 26, 
            "student": 35, 
            "start_seconds": 244
        }
    }, 
    {
        "pk": 492, 
        "model": "c2g.videoactivity", 
        "fields": {
            "course": 3, 
            "max_end_seconds": 0, 
            "video": 26, 
            "student": 36, 
            "start_seconds": 149
        }
    }, 
    {
        "pk": 493, 
        "model": "c2g.videoactivity", 
        "fields": {
            "course": 3, 
            "max_end_seconds": 0, 
            "video": 26, 
            "student": 37, 
            "start_seconds": 222
        }
    }, 
    {
        "pk": 494, 
        "model": "c2g.videoactivity", 
        "fields": {
            "course": 3, 
            "max_end_seconds": 0, 
            "video": 26, 
            "student": 38, 
            "start_seconds": 330
        }
    }, 
    {
        "pk": 495, 
        "model": "c2g.videoactivity", 
        "fields": {
            "course": 3, 
            "max_end_seconds": 0, 
            "video": 26, 
            "student": 39, 
            "start_seconds": 85
        }
    }, 
    {
        "pk": 496, 
        "model": "c2g.videoactivity", 
        "fields": {
            "course": 3, 
            "max_end_seconds": 0, 
            "video": 26, 
            "student": 40, 
            "start_seconds": 329
        }
    }, 
    {
        "pk": 497, 
        "model": "c2g.videoactivity", 
        "fields": {
            "course": 3, 
            "max_end_seconds": 0, 
            "video": 26, 
            "student": 41, 
            "start_seconds": 165
        }
    }, 
    {
        "pk": 498, 
        "model": "c2g.videoactivity", 
        "fields": {
            "course": 3, 
            "max_end_seconds": 0, 
            "video": 26, 
            "student": 42, 
            "start_seconds": 139
        }
    }, 
    {
        "pk": 499, 
        "model": "c2g.videoactivity", 
        "fields": {
            "course": 3, 
            "max_end_seconds": 0, 
            "video": 26, 
            "student": 43, 
            "start_seconds": 251
        }
    }, 
    {
        "pk": 500, 
        "model": "c2g.videoactivity", 
        "fields": {
            "course": 3, 
            "max_end_seconds": 0, 
            "video": 26, 
            "student": 44, 
            "start_seconds": 175
        }
    }, 
    {
        "pk": 501, 
        "model": "c2g.videoactivity", 
        "fields": {
            "course": 3, 
            "max_end_seconds": 0, 
            "video": 26, 
            "student": 45, 
            "start_seconds": 292
        }
    }, 
    {
        "pk": 502, 
        "model": "c2g.videoactivity", 
        "fields": {
            "course": 3, 
            "max_end_seconds": 0, 
            "video": 26, 
            "student": 46, 
            "start_seconds": 59
        }
    }, 
    {
        "pk": 503, 
        "model": "c2g.videoactivity", 
        "fields": {
            "course": 3, 
            "max_end_seconds": 0, 
            "video": 26, 
            "student": 47, 
            "start_seconds": 295
        }
    }, 
    {
        "pk": 504, 
        "model": "c2g.videoactivity", 
        "fields": {
            "course": 3, 
            "max_end_seconds": 0, 
            "video": 26, 
            "student": 48, 
            "start_seconds": 17
        }
    }, 
    {
        "pk": 505, 
        "model": "c2g.videoactivity", 
        "fields": {
            "course": 3, 
            "max_end_seconds": 0, 
            "video": 26, 
            "student": 49, 
            "start_seconds": 91
        }
    }, 
    {
        "pk": 506, 
        "model": "c2g.videoactivity", 
        "fields": {
            "course": 3, 
            "max_end_seconds": 0, 
            "video": 26, 
            "student": 50, 
            "start_seconds": 202
        }
    }, 
    {
        "pk": 507, 
        "model": "c2g.videoactivity", 
        "fields": {
            "course": 3, 
            "max_end_seconds": 0, 
            "video": 26, 
            "student": 51, 
            "start_seconds": 150
        }
    }, 
    {
        "pk": 508, 
        "model": "c2g.videoactivity", 
        "fields": {
            "course": 3, 
            "max_end_seconds": 0, 
            "video": 28, 
            "student": 13, 
            "start_seconds": 190
        }
    }, 
    {
        "pk": 509, 
        "model": "c2g.videoactivity", 
        "fields": {
            "course": 3, 
            "max_end_seconds": 0, 
            "video": 28, 
            "student": 14, 
            "start_seconds": 39
        }
    }, 
    {
        "pk": 510, 
        "model": "c2g.videoactivity", 
        "fields": {
            "course": 3, 
            "max_end_seconds": 0, 
            "video": 28, 
            "student": 15, 
            "start_seconds": 398
        }
    }, 
    {
        "pk": 511, 
        "model": "c2g.videoactivity", 
        "fields": {
            "course": 3, 
            "max_end_seconds": 0, 
            "video": 28, 
            "student": 16, 
            "start_seconds": 264
        }
    }, 
    {
        "pk": 512, 
        "model": "c2g.videoactivity", 
        "fields": {
            "course": 3, 
            "max_end_seconds": 0, 
            "video": 28, 
            "student": 17, 
            "start_seconds": 133
        }
    }, 
    {
        "pk": 513, 
        "model": "c2g.videoactivity", 
        "fields": {
            "course": 3, 
            "max_end_seconds": 0, 
            "video": 28, 
            "student": 18, 
            "start_seconds": 93
        }
    }, 
    {
        "pk": 514, 
        "model": "c2g.videoactivity", 
        "fields": {
            "course": 3, 
            "max_end_seconds": 0, 
            "video": 28, 
            "student": 19, 
            "start_seconds": 91
        }
    }, 
    {
        "pk": 515, 
        "model": "c2g.videoactivity", 
        "fields": {
            "course": 3, 
            "max_end_seconds": 0, 
            "video": 28, 
            "student": 20, 
            "start_seconds": 291
        }
    }, 
    {
        "pk": 516, 
        "model": "c2g.videoactivity", 
        "fields": {
            "course": 3, 
            "max_end_seconds": 0, 
            "video": 28, 
            "student": 21, 
            "start_seconds": 434
        }
    }, 
    {
        "pk": 517, 
        "model": "c2g.videoactivity", 
        "fields": {
            "course": 3, 
            "max_end_seconds": 0, 
            "video": 28, 
            "student": 22, 
            "start_seconds": 486
        }
    }, 
    {
        "pk": 518, 
        "model": "c2g.videoactivity", 
        "fields": {
            "course": 3, 
            "max_end_seconds": 0, 
            "video": 28, 
            "student": 23, 
            "start_seconds": 37
        }
    }, 
    {
        "pk": 519, 
        "model": "c2g.videoactivity", 
        "fields": {
            "course": 3, 
            "max_end_seconds": 0, 
            "video": 28, 
            "student": 24, 
            "start_seconds": 435
        }
    }, 
    {
        "pk": 520, 
        "model": "c2g.videoactivity", 
        "fields": {
            "course": 3, 
            "max_end_seconds": 0, 
            "video": 28, 
            "student": 25, 
            "start_seconds": 511
        }
    }, 
    {
        "pk": 521, 
        "model": "c2g.videoactivity", 
        "fields": {
            "course": 3, 
            "max_end_seconds": 0, 
            "video": 28, 
            "student": 26, 
            "start_seconds": 114
        }
    }, 
    {
        "pk": 522, 
        "model": "c2g.videoactivity", 
        "fields": {
            "course": 3, 
            "max_end_seconds": 0, 
            "video": 28, 
            "student": 27, 
            "start_seconds": 460
        }
    }, 
    {
        "pk": 523, 
        "model": "c2g.videoactivity", 
        "fields": {
            "course": 3, 
            "max_end_seconds": 0, 
            "video": 28, 
            "student": 28, 
            "start_seconds": 258
        }
    }, 
    {
        "pk": 524, 
        "model": "c2g.videoactivity", 
        "fields": {
            "course": 3, 
            "max_end_seconds": 0, 
            "video": 28, 
            "student": 29, 
            "start_seconds": 61
        }
    }, 
    {
        "pk": 525, 
        "model": "c2g.videoactivity", 
        "fields": {
            "course": 3, 
            "max_end_seconds": 0, 
            "video": 28, 
            "student": 30, 
            "start_seconds": 461
        }
    }, 
    {
        "pk": 526, 
        "model": "c2g.videoactivity", 
        "fields": {
            "course": 3, 
            "max_end_seconds": 0, 
            "video": 28, 
            "student": 31, 
            "start_seconds": 305
        }
    }, 
    {
        "pk": 527, 
        "model": "c2g.videoactivity", 
        "fields": {
            "course": 3, 
            "max_end_seconds": 0, 
            "video": 28, 
            "student": 32, 
            "start_seconds": 364
        }
    }, 
    {
        "pk": 528, 
        "model": "c2g.videoactivity", 
        "fields": {
            "course": 3, 
            "max_end_seconds": 0, 
            "video": 28, 
            "student": 33, 
            "start_seconds": 113
        }
    }, 
    {
        "pk": 529, 
        "model": "c2g.videoactivity", 
        "fields": {
            "course": 3, 
            "max_end_seconds": 0, 
            "video": 28, 
            "student": 34, 
            "start_seconds": 512
        }
    }, 
    {
        "pk": 530, 
        "model": "c2g.videoactivity", 
        "fields": {
            "course": 3, 
            "max_end_seconds": 0, 
            "video": 28, 
            "student": 35, 
            "start_seconds": 263
        }
    }, 
    {
        "pk": 531, 
        "model": "c2g.videoactivity", 
        "fields": {
            "course": 3, 
            "max_end_seconds": 0, 
            "video": 28, 
            "student": 36, 
            "start_seconds": 449
        }
    }, 
    {
        "pk": 532, 
        "model": "c2g.videoactivity", 
        "fields": {
            "course": 3, 
            "max_end_seconds": 0, 
            "video": 28, 
            "student": 37, 
            "start_seconds": 356
        }
    }, 
    {
        "pk": 533, 
        "model": "c2g.videoactivity", 
        "fields": {
            "course": 3, 
            "max_end_seconds": 0, 
            "video": 28, 
            "student": 38, 
            "start_seconds": 33
        }
    }, 
    {
        "pk": 534, 
        "model": "c2g.videoactivity", 
        "fields": {
            "course": 3, 
            "max_end_seconds": 0, 
            "video": 28, 
            "student": 39, 
            "start_seconds": 380
        }
    }, 
    {
        "pk": 535, 
        "model": "c2g.videoactivity", 
        "fields": {
            "course": 3, 
            "max_end_seconds": 0, 
            "video": 28, 
            "student": 40, 
            "start_seconds": 258
        }
    }, 
    {
        "pk": 536, 
        "model": "c2g.videoactivity", 
        "fields": {
            "course": 3, 
            "max_end_seconds": 0, 
            "video": 28, 
            "student": 41, 
            "start_seconds": 515
        }
    }, 
    {
        "pk": 537, 
        "model": "c2g.videoactivity", 
        "fields": {
            "course": 3, 
            "max_end_seconds": 0, 
            "video": 28, 
            "student": 42, 
            "start_seconds": 396
        }
    }, 
    {
        "pk": 538, 
        "model": "c2g.videoactivity", 
        "fields": {
            "course": 3, 
            "max_end_seconds": 0, 
            "video": 28, 
            "student": 43, 
            "start_seconds": 274
        }
    }, 
    {
        "pk": 539, 
        "model": "c2g.videoactivity", 
        "fields": {
            "course": 3, 
            "max_end_seconds": 0, 
            "video": 28, 
            "student": 44, 
            "start_seconds": 82
        }
    }, 
    {
        "pk": 540, 
        "model": "c2g.videoactivity", 
        "fields": {
            "course": 3, 
            "max_end_seconds": 0, 
            "video": 28, 
            "student": 45, 
            "start_seconds": 383
        }
    }, 
    {
        "pk": 541, 
        "model": "c2g.videoactivity", 
        "fields": {
            "course": 3, 
            "max_end_seconds": 0, 
            "video": 28, 
            "student": 46, 
            "start_seconds": 506
        }
    }, 
    {
        "pk": 542, 
        "model": "c2g.videoactivity", 
        "fields": {
            "course": 3, 
            "max_end_seconds": 0, 
            "video": 28, 
            "student": 47, 
            "start_seconds": 189
        }
    }, 
    {
        "pk": 543, 
        "model": "c2g.videoactivity", 
        "fields": {
            "course": 3, 
            "max_end_seconds": 0, 
            "video": 28, 
            "student": 48, 
            "start_seconds": 234
        }
    }, 
    {
        "pk": 544, 
        "model": "c2g.videoactivity", 
        "fields": {
            "course": 3, 
            "max_end_seconds": 0, 
            "video": 28, 
            "student": 49, 
            "start_seconds": 486
        }
    }, 
    {
        "pk": 545, 
        "model": "c2g.videoactivity", 
        "fields": {
            "course": 3, 
            "max_end_seconds": 0, 
            "video": 28, 
            "student": 50, 
            "start_seconds": 475
        }
    }, 
    {
        "pk": 546, 
        "model": "c2g.videoactivity", 
        "fields": {
            "course": 3, 
            "max_end_seconds": 0, 
            "video": 28, 
            "student": 51, 
            "start_seconds": 323
        }
    }
]