[
    {
        "pk": 22, 
        "model": "contenttypes.contenttype", 
        "fields": {
            "model": "additionalpage", 
            "name": "additional page", 
            "app_label": "c2g"
        }
    }, 
    {
        "pk": 24, 
        "model": "contenttypes.contenttype", 
        "fields": {
            "model": "announcement", 
            "name": "announcement", 
            "app_label": "c2g"
        }
    }, 
    {
        "pk": 21, 
        "model": "contenttypes.contenttype", 
        "fields": {
            "model": "contentsection", 
            "name": "content section", 
            "app_label": "c2g"
        }
    }, 
    {
        "pk": 4, 
        "model": "contenttypes.contenttype", 
        "fields": {
            "model": "contenttype", 
            "name": "content type", 
            "app_label": "contenttypes"
        }
    }, 
    {
        "pk": 20, 
        "model": "contenttypes.contenttype", 
        "fields": {
            "model": "course", 
            "name": "course", 
            "app_label": "c2g"
        }
    }, 
    {
        "pk": 36, 
        "model": "contenttypes.contenttype", 
        "fields": {
            "model": "courseemail", 
            "name": "course email", 
            "app_label": "c2g"
        }
    }, 
    {
        "pk": 14, 
        "model": "contenttypes.contenttype", 
        "fields": {
            "model": "crontabschedule", 
            "name": "crontab", 
            "app_label": "djcelery"
        }
    }, 
    {
        "pk": 37, 
        "model": "contenttypes.contenttype", 
        "fields": {
            "model": "emailaddr", 
            "name": "email addr", 
            "app_label": "c2g"
        }
    }, 
    {
        "pk": 41, 
        "model": "contenttypes.contenttype", 
        "fields": {
            "model": "exam", 
            "name": "exam", 
            "app_label": "c2g"
        }
    }, 
    {
        "pk": 42, 
        "model": "contenttypes.contenttype", 
        "fields": {
            "model": "examrecord", 
            "name": "exam record", 
            "app_label": "c2g"
        }
    }, 
    {
        "pk": 31, 
        "model": "contenttypes.contenttype", 
        "fields": {
            "model": "exercise", 
            "name": "exercise", 
            "app_label": "c2g"
        }
    }, 
    {
        "pk": 23, 
        "model": "contenttypes.contenttype", 
        "fields": {
            "model": "file", 
            "name": "file", 
            "app_label": "c2g"
        }
    }, 
    {
        "pk": 10, 
        "model": "contenttypes.contenttype", 
        "fields": {
            "model": "flatpage", 
            "name": "flat page", 
            "app_label": "flatpages"
        }
    }, 
    {
        "pk": 2, 
        "model": "contenttypes.contenttype", 
        "fields": {
            "model": "group", 
            "name": "group", 
            "app_label": "auth"
        }
    }, 
    {
        "pk": 19, 
        "model": "contenttypes.contenttype", 
        "fields": {
            "model": "institution", 
            "name": "institution", 
            "app_label": "c2g"
        }
    }, 
    {
        "pk": 13, 
        "model": "contenttypes.contenttype", 
        "fields": {
            "model": "intervalschedule", 
            "name": "interval", 
            "app_label": "djcelery"
        }
    }, 
    {
        "pk": 39, 
        "model": "contenttypes.contenttype", 
        "fields": {
            "model": "listemail", 
            "name": "list email", 
            "app_label": "c2g"
        }
    }, 
    {
        "pk": 7, 
        "model": "contenttypes.contenttype", 
        "fields": {
            "model": "logentry", 
            "name": "log entry", 
            "app_label": "admin"
        }
    }, 
    {
        "pk": 38, 
        "model": "contenttypes.contenttype", 
        "fields": {
            "model": "mailinglist", 
            "name": "mailing list", 
            "app_label": "c2g"
        }
    }, 
    {
        "pk": 9, 
        "model": "contenttypes.contenttype", 
        "fields": {
            "model": "migrationhistory", 
            "name": "migration history", 
            "app_label": "south"
        }
    }, 
    {
        "pk": 35, 
        "model": "contenttypes.contenttype", 
        "fields": {
            "model": "newsevent", 
            "name": "news event", 
            "app_label": "c2g"
        }
    }, 
    {
        "pk": 40, 
        "model": "contenttypes.contenttype", 
        "fields": {
            "model": "pagevisitlog", 
            "name": "page visit log", 
            "app_label": "c2g"
        }
    }, 
    {
        "pk": 16, 
        "model": "contenttypes.contenttype", 
        "fields": {
            "model": "periodictask", 
            "name": "periodic task", 
            "app_label": "djcelery"
        }
    }, 
    {
        "pk": 15, 
        "model": "contenttypes.contenttype", 
        "fields": {
            "model": "periodictasks", 
            "name": "periodic tasks", 
            "app_label": "djcelery"
        }
    }, 
    {
        "pk": 1, 
        "model": "contenttypes.contenttype", 
        "fields": {
            "model": "permission", 
            "name": "permission", 
            "app_label": "auth"
        }
    }, 
    {
        "pk": 34, 
        "model": "contenttypes.contenttype", 
        "fields": {
            "model": "problemactivity", 
            "name": "problem activity", 
            "app_label": "c2g"
        }
    }, 
    {
        "pk": 30, 
        "model": "contenttypes.contenttype", 
        "fields": {
            "model": "problemset", 
            "name": "problem set", 
            "app_label": "c2g"
        }
    }, 
    {
        "pk": 32, 
        "model": "contenttypes.contenttype", 
        "fields": {
            "model": "problemsettoexercise", 
            "name": "problem set to exercise", 
            "app_label": "c2g"
        }
    }, 
    {
        "pk": 8, 
        "model": "contenttypes.contenttype", 
        "fields": {
            "model": "registrationprofile", 
            "name": "registration profile", 
            "app_label": "registration"
        }
    }, 
    {
        "pk": 12, 
        "model": "contenttypes.contenttype", 
        "fields": {
            "model": "tasksetmeta", 
            "name": "saved group result", 
            "app_label": "djcelery"
        }
    }, 
    {
        "pk": 5, 
        "model": "contenttypes.contenttype", 
        "fields": {
            "model": "session", 
            "name": "session", 
            "app_label": "sessions"
        }
    }, 
    {
        "pk": 6, 
        "model": "contenttypes.contenttype", 
        "fields": {
            "model": "site", 
            "name": "site", 
            "app_label": "sites"
        }
    }, 
    {
        "pk": 25, 
        "model": "contenttypes.contenttype", 
        "fields": {
            "model": "studentsection", 
            "name": "student section", 
            "app_label": "c2g"
        }
    }, 
    {
        "pk": 18, 
        "model": "contenttypes.contenttype", 
        "fields": {
            "model": "taskstate", 
            "name": "task", 
            "app_label": "djcelery"
        }
    }, 
    {
        "pk": 11, 
        "model": "contenttypes.contenttype", 
        "fields": {
            "model": "taskmeta", 
            "name": "task state", 
            "app_label": "djcelery"
        }
    }, 
    {
        "pk": 3, 
        "model": "contenttypes.contenttype", 
        "fields": {
            "model": "user", 
            "name": "user", 
            "app_label": "auth"
        }
    }, 
    {
        "pk": 26, 
        "model": "contenttypes.contenttype", 
        "fields": {
            "model": "userprofile", 
            "name": "user profile", 
            "app_label": "c2g"
        }
    }, 
    {
        "pk": 27, 
        "model": "contenttypes.contenttype", 
        "fields": {
            "model": "video", 
            "name": "video", 
            "app_label": "c2g"
        }
    }, 
    {
        "pk": 29, 
        "model": "contenttypes.contenttype", 
        "fields": {
            "model": "videoactivity", 
            "name": "video activity", 
            "app_label": "c2g"
        }
    }, 
    {
        "pk": 33, 
        "model": "contenttypes.contenttype", 
        "fields": {
            "model": "videotoexercise", 
            "name": "video to exercise", 
            "app_label": "c2g"
        }
    }, 
    {
        "pk": 28, 
        "model": "contenttypes.contenttype", 
        "fields": {
            "model": "videoviewtraces", 
            "name": "video view traces", 
            "app_label": "c2g"
        }
    }, 
    {
        "pk": 17, 
        "model": "contenttypes.contenttype", 
        "fields": {
            "model": "workerstate", 
            "name": "worker", 
            "app_label": "djcelery"
        }
    }, 
    {
        "pk": 1, 
        "model": "sites.site", 
        "fields": {
            "domain": "example.com", 
            "name": "example.com"
        }
    }, 
    {
        "pk": 1, 
        "model": "south.migrationhistory", 
        "fields": {
            "applied": "2012-11-06T15:28:17", 
            "app_name": "djcelery", 
            "migration": "0001_initial"
        }
    }, 
    {
        "pk": 2, 
        "model": "south.migrationhistory", 
        "fields": {
            "applied": "2012-11-06T15:28:19", 
            "app_name": "djcelery", 
            "migration": "0002_v25_changes"
        }
    }, 
    {
        "pk": 3, 
        "model": "south.migrationhistory", 
        "fields": {
            "applied": "2012-11-06T15:28:21", 
            "app_name": "djcelery", 
            "migration": "0003_v26_changes"
        }
    }, 
    {
        "pk": 4, 
        "model": "south.migrationhistory", 
        "fields": {
            "applied": "2012-11-06T15:28:22", 
            "app_name": "djcelery", 
            "migration": "0004_v30_changes"
        }
    }, 
    {
        "pk": 5, 
        "model": "south.migrationhistory", 
        "fields": {
            "applied": "2012-11-06T15:28:51", 
            "app_name": "c2g", 
            "migration": "0001_initial"
        }
    }, 
    {
        "pk": 6, 
        "model": "south.migrationhistory", 
        "fields": {
            "applied": "2012-11-06T15:28:52", 
            "app_name": "c2g", 
            "migration": "0002_auto__add_field_emailaddr_optout__add_field_emailaddr_optout_code__add"
        }
    }, 
    {
        "pk": 7, 
        "model": "south.migrationhistory", 
        "fields": {
            "applied": "2012-11-06T15:28:55", 
            "app_name": "c2g", 
            "migration": "0003_auto__add_pagevisitlog__add_videoviewtraces"
        }
    }, 
    {
        "pk": 8, 
        "model": "south.migrationhistory", 
        "fields": {
            "applied": "2012-11-06T15:28:57", 
            "app_name": "c2g", 
            "migration": "0004_auto__add_field_userprofile_piazza_email__add_field_userprofile_piazza"
        }
    }, 
    {
        "pk": 9, 
        "model": "south.migrationhistory", 
        "fields": {
            "applied": "2012-11-06T15:28:58", 
            "app_name": "c2g", 
            "migration": "0005_auto"
        }
    }, 
    {
        "pk": 10, 
        "model": "south.migrationhistory", 
        "fields": {
            "applied": "2012-11-06T15:28:58", 
            "app_name": "c2g", 
            "migration": "0006_auto__add_field_userprofile_email_me"
        }
    }, 
    {
        "pk": 11, 
        "model": "south.migrationhistory", 
        "fields": {
            "applied": "2012-11-06T15:29:00", 
            "app_name": "c2g", 
            "migration": "0007_auto__add_exam"
        }
    }, 
    {
        "pk": 12, 
        "model": "south.migrationhistory", 
        "fields": {
            "applied": "2012-11-06T15:29:00", 
            "app_name": "c2g", 
            "migration": "0008_auto__add_field_exam_due_date__add_field_exam_grace_period"
        }
    }, 
    {
        "pk": 13, 
        "model": "south.migrationhistory", 
        "fields": {
            "applied": "2012-11-06T15:29:02", 
            "app_name": "c2g", 
            "migration": "0009_auto__add_examrecord"
        }
    }, 
    {
        "pk": 14, 
        "model": "south.migrationhistory", 
        "fields": {
            "applied": "2012-11-06T15:29:02", 
            "app_name": "c2g", 
            "migration": "0010_auto__add_field_exam_description"
        }
    }, 
    {
        "pk": 1, 
        "model": "c2g.institution", 
        "fields": {
            "city": "Palo Alto", 
            "last_updated": "2012-11-06T15:29:17", 
            "title": "Institution_0", 
            "country": "USA", 
            "time_created": "2012-11-06T15:29:17", 
            "domains": "stanford.edu"
        }
    }, 
    {
        "pk": 1, 
        "model": "c2g.contentsection", 
        "fields": {
            "index": 0, 
            "live_datetime": null, 
            "last_updated": "2012-11-06T15:29:22", 
            "title": "Introduction and Regular Expressions", 
            "image": 2, 
            "time_created": "2012-11-06T15:29:22", 
            "course": 1, 
            "mode": "draft", 
            "is_deleted": 0
        }
    }, 
    {
        "pk": 2, 
        "model": "c2g.contentsection", 
        "fields": {
            "index": 0, 
            "live_datetime": null, 
            "last_updated": "2012-11-06T15:29:22", 
            "title": "Introduction and Regular Expressions", 
            "image": 1, 
            "time_created": "2012-11-06T15:29:22", 
            "course": 2, 
            "mode": "ready", 
            "is_deleted": 0
        }
    }, 
    {
        "pk": 3, 
        "model": "c2g.contentsection", 
        "fields": {
            "index": 1, 
            "live_datetime": null, 
            "last_updated": "2012-11-06T15:29:22", 
            "title": "Tokenizations and Minimum Edit Distance", 
            "image": 4, 
            "time_created": "2012-11-06T15:29:22", 
            "course": 1, 
            "mode": "draft", 
            "is_deleted": 0
        }
    }, 
    {
        "pk": 4, 
        "model": "c2g.contentsection", 
        "fields": {
            "index": 1, 
            "live_datetime": null, 
            "last_updated": "2012-11-06T15:29:22", 
            "title": "Tokenizations and Minimum Edit Distance", 
            "image": 3, 
            "time_created": "2012-11-06T15:29:22", 
            "course": 2, 
            "mode": "ready", 
            "is_deleted": 0
        }
    }, 
    {
        "pk": 5, 
        "model": "c2g.contentsection", 
        "fields": {
            "index": 2, 
            "live_datetime": null, 
            "last_updated": "2012-11-06T15:29:22", 
            "title": "N-Grams", 
            "image": 6, 
            "time_created": "2012-11-06T15:29:22", 
            "course": 1, 
            "mode": "draft", 
            "is_deleted": 0
        }
    }, 
    {
        "pk": 6, 
        "model": "c2g.contentsection", 
        "fields": {
            "index": 2, 
            "live_datetime": null, 
            "last_updated": "2012-11-06T15:29:22", 
            "title": "N-Grams", 
            "image": 5, 
            "time_created": "2012-11-06T15:29:22", 
            "course": 2, 
            "mode": "ready", 
            "is_deleted": 0
        }
    }, 
    {
        "pk": 7, 
        "model": "c2g.contentsection", 
        "fields": {
            "index": 0, 
            "live_datetime": null, 
            "last_updated": "2012-11-06T15:29:37", 
            "title": "Crypto: Introduction and md5", 
            "image": 8, 
            "time_created": "2012-11-06T15:29:37", 
            "course": 3, 
            "mode": "draft", 
            "is_deleted": 0
        }
    }, 
    {
        "pk": 8, 
        "model": "c2g.contentsection", 
        "fields": {
            "index": 0, 
            "live_datetime": null, 
            "last_updated": "2012-11-06T15:29:37", 
            "title": "Crypto: Introduction and md5", 
            "image": 7, 
            "time_created": "2012-11-06T15:29:37", 
            "course": 4, 
            "mode": "ready", 
            "is_deleted": 0
        }
    }, 
    {
        "pk": 9, 
        "model": "c2g.contentsection", 
        "fields": {
            "index": 1, 
            "live_datetime": null, 
            "last_updated": "2012-11-06T15:29:37", 
            "title": "Crypto: md5 collisions", 
            "image": 10, 
            "time_created": "2012-11-06T15:29:37", 
            "course": 3, 
            "mode": "draft", 
            "is_deleted": 0
        }
    }, 
    {
        "pk": 10, 
        "model": "c2g.contentsection", 
        "fields": {
            "index": 1, 
            "live_datetime": null, 
            "last_updated": "2012-11-06T15:29:37", 
            "title": "Crypto: md5 collisions", 
            "image": 9, 
            "time_created": "2012-11-06T15:29:37", 
            "course": 4, 
            "mode": "ready", 
            "is_deleted": 0
        }
    }, 
    {
        "pk": 11, 
        "model": "c2g.contentsection", 
        "fields": {
            "index": 2, 
            "live_datetime": null, 
            "last_updated": "2012-11-06T15:29:37", 
            "title": "Crypto: Why not to use md5 any more", 
            "image": 12, 
            "time_created": "2012-11-06T15:29:37", 
            "course": 3, 
            "mode": "draft", 
            "is_deleted": 0
        }
    }, 
    {
        "pk": 12, 
        "model": "c2g.contentsection", 
        "fields": {
            "index": 2, 
            "live_datetime": null, 
            "last_updated": "2012-11-06T15:29:37", 
            "title": "Crypto: Why not to use md5 any more", 
            "image": 11, 
            "time_created": "2012-11-06T15:29:37", 
            "course": 4, 
            "mode": "ready", 
            "is_deleted": 0
        }
    }, 
    {
        "pk": 1, 
        "model": "c2g.additionalpage", 
        "fields": {
            "index": 0, 
            "live_datetime": null, 
            "last_updated": "2012-11-06T15:29:22", 
            "description": "Natural language processing is the technology for dealing with our most ubiquitous product: human language, as it appears in emails, web pages, tweets, product descriptions, newspaper stories, social media, and scientific articles, in thousands of languages and varieties. In the past decade, successful natural language processing applications have become part of our everyday experience, from spelling and grammar correction in word processors to machine translation on the web, from email spam detection to automatic question answering, from detecting people's opinions about products or services to extracting appointments from your email. In this class, you'll learn the fundamental algorithms and mathematical models for human alanguage processing and how you can use them to solve practical problems in dealing with language data wherever you encounter it.", 
            "title": "Overview", 
            "menu_slug": "course_info", 
            "image": 2, 
            "time_created": "2012-11-06T15:29:22", 
            "slug": "overview", 
            "course": 1, 
            "mode": "draft", 
            "is_deleted": 0, 
            "section": null
        }
    }, 
    {
        "pk": 2, 
        "model": "c2g.additionalpage", 
        "fields": {
            "index": 0, 
            "live_datetime": null, 
            "last_updated": "2012-11-06T15:29:22", 
            "description": "Natural language processing is the technology for dealing with our most ubiquitous product: human language, as it appears in emails, web pages, tweets, product descriptions, newspaper stories, social media, and scientific articles, in thousands of languages and varieties. In the past decade, successful natural language processing applications have become part of our everyday experience, from spelling and grammar correction in word processors to machine translation on the web, from email spam detection to automatic question answering, from detecting people's opinions about products or services to extracting appointments from your email. In this class, you'll learn the fundamental algorithms and mathematical models for human alanguage processing and how you can use them to solve practical problems in dealing with language data wherever you encounter it.", 
            "title": "Overview", 
            "menu_slug": "course_info", 
            "image": 1, 
            "time_created": "2012-11-06T15:29:22", 
            "slug": "overview", 
            "course": 2, 
            "mode": "ready", 
            "is_deleted": 0, 
            "section": null
        }
    }, 
    {
        "pk": 3, 
        "model": "c2g.additionalpage", 
        "fields": {
            "index": 0, 
            "live_datetime": null, 
            "last_updated": "2012-11-06T15:29:37", 
            "description": "Cryptography is an indispensable tool for protecting information in computer systems. This course explains the inner workings of cryptographic primitives and how to correctly use them. Students will learn how to reason about the security of cryptographic constructions and how to apply this knowledge to real-world applications.", 
            "title": "Overview", 
            "menu_slug": "course_info", 
            "image": 4, 
            "time_created": "2012-11-06T15:29:37", 
            "slug": "overview", 
            "course": 3, 
            "mode": "draft", 
            "is_deleted": 0, 
            "section": null
        }
    }, 
    {
        "pk": 4, 
        "model": "c2g.additionalpage", 
        "fields": {
            "index": 0, 
            "live_datetime": null, 
            "last_updated": "2012-11-06T15:29:37", 
            "description": "Cryptography is an indispensable tool for protecting information in computer systems. This course explains the inner workings of cryptographic primitives and how to correctly use them. Students will learn how to reason about the security of cryptographic constructions and how to apply this knowledge to real-world applications.", 
            "title": "Overview", 
            "menu_slug": "course_info", 
            "image": 3, 
            "time_created": "2012-11-06T15:29:37", 
            "slug": "overview", 
            "course": 4, 
            "mode": "ready", 
            "is_deleted": 0, 
            "section": null
        }
    }, 
    {
        "pk": 1, 
        "model": "c2g.video", 
        "fields": {
            "handle": "networking--Fall2012", 
            "index": 0, 
            "live_datetime": null, 
            "last_updated": "2012-11-06T15:29:23", 
            "description": "Intro video by Professor Dan Jurafsky and Chris Manning", 
            "title": "Course Introduction", 
            "url": "BJiVRIPVNxU", 
            "image": 2, 
            "time_created": "2012-11-06T15:29:23", 
            "slug": "intro", 
            "course": 1, 
            "mode": "draft", 
            "file": "default", 
            "duration": 772, 
            "is_deleted": 0, 
            "type": "youtube", 
            "section": 1
        }
    }, 
    {
        "pk": 2, 
        "model": "c2g.video", 
        "fields": {
            "handle": "networking--Fall2012", 
            "index": 0, 
            "live_datetime": null, 
            "last_updated": "2012-11-06T15:29:23", 
            "description": "Intro video by Professor Dan Jurafsky and Chris Manning", 
            "title": "Course Introduction", 
            "url": "BJiVRIPVNxU", 
            "image": 1, 
            "time_created": "2012-11-06T15:29:23", 
            "slug": "intro", 
            "course": 2, 
            "mode": "ready", 
            "file": "default", 
            "duration": 772, 
            "is_deleted": 0, 
            "type": "youtube", 
            "section": 2
        }
    }, 
    {
        "pk": 3, 
        "model": "c2g.video", 
        "fields": {
            "handle": "networking--Fall2012", 
            "index": 1, 
            "live_datetime": null, 
            "last_updated": "2012-11-06T15:29:24", 
            "description": "Video on Regular Expressions", 
            "title": "Regular Expressions", 
            "url": "dBVlwb15SBM", 
            "image": 4, 
            "time_created": "2012-11-06T15:29:24", 
            "slug": "regexp", 
            "course": 1, 
            "mode": "draft", 
            "file": "default", 
            "duration": 686, 
            "is_deleted": 0, 
            "type": "youtube", 
            "section": 1
        }
    }, 
    {
        "pk": 4, 
        "model": "c2g.video", 
        "fields": {
            "handle": "networking--Fall2012", 
            "index": 1, 
            "live_datetime": null, 
            "last_updated": "2012-11-06T15:29:24", 
            "description": "Video on Regular Expressions", 
            "title": "Regular Expressions", 
            "url": "dBVlwb15SBM", 
            "image": 3, 
            "time_created": "2012-11-06T15:29:24", 
            "slug": "regexp", 
            "course": 2, 
            "mode": "ready", 
            "file": "default", 
            "duration": 686, 
            "is_deleted": 0, 
            "type": "youtube", 
            "section": 2
        }
    }, 
    {
        "pk": 5, 
        "model": "c2g.video", 
        "fields": {
            "handle": "networking--Fall2012", 
            "index": 2, 
            "live_datetime": null, 
            "last_updated": "2012-11-06T15:29:27", 
            "description": "Video on Regular Expressions in Practical NLP", 
            "title": "Regular Expressions in Practical NLP", 
            "url": "zJSqHRuD2C4", 
            "image": 6, 
            "time_created": "2012-11-06T15:29:27", 
            "slug": "regexp_in_practical_nlp", 
            "course": 1, 
            "mode": "draft", 
            "file": "default", 
            "duration": 366, 
            "is_deleted": 0, 
            "type": "youtube", 
            "section": 1
        }
    }, 
    {
        "pk": 6, 
        "model": "c2g.video", 
        "fields": {
            "handle": "networking--Fall2012", 
            "index": 2, 
            "live_datetime": null, 
            "last_updated": "2012-11-06T15:29:27", 
            "description": "Video on Regular Expressions in Practical NLP", 
            "title": "Regular Expressions in Practical NLP", 
            "url": "zJSqHRuD2C4", 
            "image": 5, 
            "time_created": "2012-11-06T15:29:27", 
            "slug": "regexp_in_practical_nlp", 
            "course": 2, 
            "mode": "ready", 
            "file": "default", 
            "duration": 366, 
            "is_deleted": 0, 
            "type": "youtube", 
            "section": 2
        }
    }, 
    {
        "pk": 7, 
        "model": "c2g.video", 
        "fields": {
            "handle": "networking--Fall2012", 
            "index": 0, 
            "live_datetime": null, 
            "last_updated": "2012-11-06T15:29:28", 
            "description": "Video on Word Tokenization", 
            "title": "Word Tokenization", 
            "url": "WMC3AjgYf3A", 
            "image": 8, 
            "time_created": "2012-11-06T15:29:28", 
            "slug": "tokenization", 
            "course": 1, 
            "mode": "draft", 
            "file": "default", 
            "duration": 866, 
            "is_deleted": 0, 
            "type": "youtube", 
            "section": 3
        }
    }, 
    {
        "pk": 8, 
        "model": "c2g.video", 
        "fields": {
            "handle": "networking--Fall2012", 
            "index": 0, 
            "live_datetime": null, 
            "last_updated": "2012-11-06T15:29:28", 
            "description": "Video on Word Tokenization", 
            "title": "Word Tokenization", 
            "url": "WMC3AjgYf3A", 
            "image": 7, 
            "time_created": "2012-11-06T15:29:28", 
            "slug": "tokenization", 
            "course": 2, 
            "mode": "ready", 
            "file": "default", 
            "duration": 866, 
            "is_deleted": 0, 
            "type": "youtube", 
            "section": 4
        }
    }, 
    {
        "pk": 9, 
        "model": "c2g.video", 
        "fields": {
            "handle": "networking--Fall2012", 
            "index": 1, 
            "live_datetime": null, 
            "last_updated": "2012-11-06T15:29:31", 
            "description": "Video on Defining Minimum Edit Distance", 
            "title": "Defining Minimum Edit Distance", 
            "url": "xOfEYI61f3k", 
            "image": 10, 
            "time_created": "2012-11-06T15:29:30", 
            "slug": "min_edit_distance", 
            "course": 1, 
            "mode": "draft", 
            "file": "default", 
            "duration": 426, 
            "is_deleted": 0, 
            "type": "youtube", 
            "section": 3
        }
    }, 
    {
        "pk": 10, 
        "model": "c2g.video", 
        "fields": {
            "handle": "networking--Fall2012", 
            "index": 1, 
            "live_datetime": null, 
            "last_updated": "2012-11-06T15:29:31", 
            "description": "Video on Defining Minimum Edit Distance", 
            "title": "Defining Minimum Edit Distance", 
            "url": "xOfEYI61f3k", 
            "image": 9, 
            "time_created": "2012-11-06T15:29:31", 
            "slug": "min_edit_distance", 
            "course": 2, 
            "mode": "ready", 
            "file": "default", 
            "duration": 426, 
            "is_deleted": 0, 
            "type": "youtube", 
            "section": 4
        }
    }, 
    {
        "pk": 11, 
        "model": "c2g.video", 
        "fields": {
            "handle": "networking--Fall2012", 
            "index": 2, 
            "live_datetime": null, 
            "last_updated": "2012-11-06T15:29:32", 
            "description": "Video on Computing Minimum Edit Distance", 
            "title": "Computing Minimum Edit Distance", 
            "url": "Gh63CeMzav8", 
            "image": 12, 
            "time_created": "2012-11-06T15:29:32", 
            "slug": "computing_min_edit_distance", 
            "course": 1, 
            "mode": "draft", 
            "file": "default", 
            "duration": 355, 
            "is_deleted": 0, 
            "type": "youtube", 
            "section": 3
        }
    }, 
    {
        "pk": 12, 
        "model": "c2g.video", 
        "fields": {
            "handle": "networking--Fall2012", 
            "index": 2, 
            "live_datetime": null, 
            "last_updated": "2012-11-06T15:29:32", 
            "description": "Video on Computing Minimum Edit Distance", 
            "title": "Computing Minimum Edit Distance", 
            "url": "Gh63CeMzav8", 
            "image": 11, 
            "time_created": "2012-11-06T15:29:32", 
            "slug": "computing_min_edit_distance", 
            "course": 2, 
            "mode": "ready", 
            "file": "default", 
            "duration": 355, 
            "is_deleted": 0, 
            "type": "youtube", 
            "section": 4
        }
    }, 
    {
        "pk": 13, 
        "model": "c2g.video", 
        "fields": {
            "handle": "networking--Fall2012", 
            "index": 0, 
            "live_datetime": null, 
            "last_updated": "2012-11-06T15:29:33", 
            "description": "Video on Introduction to N-grams", 
            "title": "Introduction to N-grams", 
            "url": "LRq7om7vMEc", 
            "image": 14, 
            "time_created": "2012-11-06T15:29:33", 
            "slug": "ngrams", 
            "course": 1, 
            "mode": "draft", 
            "file": "default", 
            "duration": 522, 
            "is_deleted": 0, 
            "type": "youtube", 
            "section": 5
        }
    }, 
    {
        "pk": 14, 
        "model": "c2g.video", 
        "fields": {
            "handle": "networking--Fall2012", 
            "index": 0, 
            "live_datetime": null, 
            "last_updated": "2012-11-06T15:29:33", 
            "description": "Video on Introduction to N-grams", 
            "title": "Introduction to N-grams", 
            "url": "LRq7om7vMEc", 
            "image": 13, 
            "time_created": "2012-11-06T15:29:33", 
            "slug": "ngrams", 
            "course": 2, 
            "mode": "ready", 
            "file": "default", 
            "duration": 522, 
            "is_deleted": 0, 
            "type": "youtube", 
            "section": 6
        }
    }, 
    {
        "pk": 15, 
        "model": "c2g.video", 
        "fields": {
            "handle": "crypto--Fall2012", 
            "index": 0, 
            "live_datetime": null, 
            "last_updated": "2012-11-06T15:29:38", 
            "description": "Intro video by Professor Dan Jurafsky and Chris Manning", 
            "title": "Crypto: Course Introduction", 
            "url": "BJiVRIPVNxU", 
            "image": 16, 
            "time_created": "2012-11-06T15:29:38", 
            "slug": "intro", 
            "course": 3, 
            "mode": "draft", 
            "file": "default", 
            "duration": 772, 
            "is_deleted": 0, 
            "type": "youtube", 
            "section": 7
        }
    }, 
    {
        "pk": 16, 
        "model": "c2g.video", 
        "fields": {
            "handle": "crypto--Fall2012", 
            "index": 0, 
            "live_datetime": null, 
            "last_updated": "2012-11-06T15:29:38", 
            "description": "Intro video by Professor Dan Jurafsky and Chris Manning", 
            "title": "Crypto: Course Introduction", 
            "url": "BJiVRIPVNxU", 
            "image": 15, 
            "time_created": "2012-11-06T15:29:38", 
            "slug": "intro", 
            "course": 4, 
            "mode": "ready", 
            "file": "default", 
            "duration": 772, 
            "is_deleted": 0, 
            "type": "youtube", 
            "section": 8
        }
    }, 
    {
        "pk": 17, 
        "model": "c2g.video", 
        "fields": {
            "handle": "crypto--Fall2012", 
            "index": 1, 
            "live_datetime": null, 
            "last_updated": "2012-11-06T15:29:39", 
            "description": "Video on Regular Expressions", 
            "title": "Crypto: Regular Expressions", 
            "url": "dBVlwb15SBM", 
            "image": 18, 
            "time_created": "2012-11-06T15:29:39", 
            "slug": "regexp", 
            "course": 3, 
            "mode": "draft", 
            "file": "default", 
            "duration": 686, 
            "is_deleted": 0, 
            "type": "youtube", 
            "section": 7
        }
    }, 
    {
        "pk": 18, 
        "model": "c2g.video", 
        "fields": {
            "handle": "crypto--Fall2012", 
            "index": 1, 
            "live_datetime": null, 
            "last_updated": "2012-11-06T15:29:39", 
            "description": "Video on Regular Expressions", 
            "title": "Crypto: Regular Expressions", 
            "url": "dBVlwb15SBM", 
            "image": 17, 
            "time_created": "2012-11-06T15:29:39", 
            "slug": "regexp", 
            "course": 4, 
            "mode": "ready", 
            "file": "default", 
            "duration": 686, 
            "is_deleted": 0, 
            "type": "youtube", 
            "section": 8
        }
    }, 
    {
        "pk": 19, 
        "model": "c2g.video", 
        "fields": {
            "handle": "crypto--Fall2012", 
            "index": 2, 
            "live_datetime": null, 
            "last_updated": "2012-11-06T15:29:40", 
            "description": "Video on Regular Expressions in Practical NLP", 
            "title": "Crypto: Regular Expressions in Practical NLP", 
            "url": "zJSqHRuD2C4", 
            "image": 20, 
            "time_created": "2012-11-06T15:29:40", 
            "slug": "regexp_in_practical_nlp", 
            "course": 3, 
            "mode": "draft", 
            "file": "default", 
            "duration": 366, 
            "is_deleted": 0, 
            "type": "youtube", 
            "section": 7
        }
    }, 
    {
        "pk": 20, 
        "model": "c2g.video", 
        "fields": {
            "handle": "crypto--Fall2012", 
            "index": 2, 
            "live_datetime": null, 
            "last_updated": "2012-11-06T15:29:40", 
            "description": "Video on Regular Expressions in Practical NLP", 
            "title": "Crypto: Regular Expressions in Practical NLP", 
            "url": "zJSqHRuD2C4", 
            "image": 19, 
            "time_created": "2012-11-06T15:29:40", 
            "slug": "regexp_in_practical_nlp", 
            "course": 4, 
            "mode": "ready", 
            "file": "default", 
            "duration": 366, 
            "is_deleted": 0, 
            "type": "youtube", 
            "section": 8
        }
    }, 
    {
        "pk": 21, 
        "model": "c2g.video", 
        "fields": {
            "handle": "crypto--Fall2012", 
            "index": 0, 
            "live_datetime": null, 
            "last_updated": "2012-11-06T15:29:43", 
            "description": "Video on Word Tokenization", 
            "title": "Crypto: Word Tokenization", 
            "url": "WMC3AjgYf3A", 
            "image": 22, 
            "time_created": "2012-11-06T15:29:43", 
            "slug": "tokenization", 
            "course": 3, 
            "mode": "draft", 
            "file": "default", 
            "duration": 866, 
            "is_deleted": 0, 
            "type": "youtube", 
            "section": 9
        }
    }, 
    {
        "pk": 22, 
        "model": "c2g.video", 
        "fields": {
            "handle": "crypto--Fall2012", 
            "index": 0, 
            "live_datetime": null, 
            "last_updated": "2012-11-06T15:29:43", 
            "description": "Video on Word Tokenization", 
            "title": "Crypto: Word Tokenization", 
            "url": "WMC3AjgYf3A", 
            "image": 21, 
            "time_created": "2012-11-06T15:29:43", 
            "slug": "tokenization", 
            "course": 4, 
            "mode": "ready", 
            "file": "default", 
            "duration": 866, 
            "is_deleted": 0, 
            "type": "youtube", 
            "section": 10
        }
    }, 
    {
        "pk": 23, 
        "model": "c2g.video", 
        "fields": {
            "handle": "crypto--Fall2012", 
            "index": 1, 
            "live_datetime": null, 
            "last_updated": "2012-11-06T15:29:44", 
            "description": "Video on Defining Minimum Edit Distance", 
            "title": "Crypto: Defining Minimum Edit Distance", 
            "url": "xOfEYI61f3k", 
            "image": 24, 
            "time_created": "2012-11-06T15:29:44", 
            "slug": "min_edit_distance", 
            "course": 3, 
            "mode": "draft", 
            "file": "default", 
            "duration": 426, 
            "is_deleted": 0, 
            "type": "youtube", 
            "section": 9
        }
    }, 
    {
        "pk": 24, 
        "model": "c2g.video", 
        "fields": {
            "handle": "crypto--Fall2012", 
            "index": 1, 
            "live_datetime": null, 
            "last_updated": "2012-11-06T15:29:44", 
            "description": "Video on Defining Minimum Edit Distance", 
            "title": "Crypto: Defining Minimum Edit Distance", 
            "url": "xOfEYI61f3k", 
            "image": 23, 
            "time_created": "2012-11-06T15:29:44", 
            "slug": "min_edit_distance", 
            "course": 4, 
            "mode": "ready", 
            "file": "default", 
            "duration": 426, 
            "is_deleted": 0, 
            "type": "youtube", 
            "section": 10
        }
    }, 
    {
        "pk": 25, 
        "model": "c2g.video", 
        "fields": {
            "handle": "crypto--Fall2012", 
            "index": 2, 
            "live_datetime": null, 
            "last_updated": "2012-11-06T15:29:45", 
            "description": "Video on Computing Minimum Edit Distance", 
            "title": "Crypto: Computing Minimum Edit Distance", 
            "url": "Gh63CeMzav8", 
            "image": 26, 
            "time_created": "2012-11-06T15:29:45", 
            "slug": "computing_min_edit_distance", 
            "course": 3, 
            "mode": "draft", 
            "file": "default", 
            "duration": 355, 
            "is_deleted": 0, 
            "type": "youtube", 
            "section": 9
        }
    }, 
    {
        "pk": 26, 
        "model": "c2g.video", 
        "fields": {
            "handle": "crypto--Fall2012", 
            "index": 2, 
            "live_datetime": null, 
            "last_updated": "2012-11-06T15:29:45", 
            "description": "Video on Computing Minimum Edit Distance", 
            "title": "Crypto: Computing Minimum Edit Distance", 
            "url": "Gh63CeMzav8", 
            "image": 25, 
            "time_created": "2012-11-06T15:29:45", 
            "slug": "computing_min_edit_distance", 
            "course": 4, 
            "mode": "ready", 
            "file": "default", 
            "duration": 355, 
            "is_deleted": 0, 
            "type": "youtube", 
            "section": 10
        }
    }, 
    {
        "pk": 27, 
        "model": "c2g.video", 
        "fields": {
            "handle": "crypto--Fall2012", 
            "index": 0, 
            "live_datetime": null, 
            "last_updated": "2012-11-06T15:29:46", 
            "description": "Video on Introduction to N-grams", 
            "title": "Crypto: Introduction to N-grams", 
            "url": "LRq7om7vMEc", 
            "image": 28, 
            "time_created": "2012-11-06T15:29:46", 
            "slug": "ngrams", 
            "course": 3, 
            "mode": "draft", 
            "file": "default", 
            "duration": 522, 
            "is_deleted": 0, 
            "type": "youtube", 
            "section": 11
        }
    }, 
    {
        "pk": 28, 
        "model": "c2g.video", 
        "fields": {
            "handle": "crypto--Fall2012", 
            "index": 0, 
            "live_datetime": null, 
            "last_updated": "2012-11-06T15:29:46", 
            "description": "Video on Introduction to N-grams", 
            "title": "Crypto: Introduction to N-grams", 
            "url": "LRq7om7vMEc", 
            "image": 27, 
            "time_created": "2012-11-06T15:29:46", 
            "slug": "ngrams", 
            "course": 4, 
            "mode": "ready", 
            "file": "default", 
            "duration": 522, 
            "is_deleted": 0, 
            "type": "youtube", 
            "section": 12
        }
    }, 
    {
        "pk": 1, 
        "model": "c2g.problemset", 
        "fields": {
            "grace_period": "2012-10-27T00:00:00", 
            "index": 3, 
            "live_datetime": null, 
            "last_updated": "2012-11-06T15:29:34", 
            "description": "This is the first problem set. Practice some question on Regular Expressions. Remember to work your problems out on a separate piece of paper first because you only get one try on these. Miss on and you have a D!", 
            "due_date": "2012-07-20T00:00:00", 
            "title": "Problem Set 1: Regular Expressions", 
            "late_penalty": 1, 
            "image": 2, 
            "assessment_type": "formative", 
            "resubmission_penalty": 25, 
            "time_created": "2012-11-06T15:29:34", 
            "slug": "P1", 
            "submissions_permitted": 0, 
            "course": 1, 
            "mode": "draft", 
            "path": "/networking/Fall2012/problemsets/P1/load_problem_set", 
            "is_deleted": 0, 
            "partial_credit_deadline": "2012-09-27T00:00:00", 
            "randomize": false, 
            "section": 1
        }
    }, 
    {
        "pk": 2, 
        "model": "c2g.problemset", 
        "fields": {
            "grace_period": "2012-10-27T00:00:00", 
            "index": 3, 
            "live_datetime": null, 
            "last_updated": "2012-11-06T15:29:34", 
            "description": "This is the first problem set. Practice some question on Regular Expressions. Remember to work your problems out on a separate piece of paper first because you only get one try on these. Miss on and you have a D!", 
            "due_date": "2012-07-20T00:00:00", 
            "title": "Problem Set 1: Regular Expressions", 
            "late_penalty": 1, 
            "image": 1, 
            "assessment_type": "formative", 
            "resubmission_penalty": 25, 
            "time_created": "2012-11-06T15:29:34", 
            "slug": "P1", 
            "submissions_permitted": 0, 
            "course": 2, 
            "mode": "ready", 
            "path": "/networking/Fall2012/problemsets/P1/load_problem_set", 
            "is_deleted": 0, 
            "partial_credit_deadline": "2012-09-27T00:00:00", 
            "randomize": false, 
            "section": 2
        }
    }, 
    {
        "pk": 3, 
        "model": "c2g.problemset", 
        "fields": {
            "grace_period": "2012-10-27T00:00:00", 
            "index": 3, 
            "live_datetime": null, 
            "last_updated": "2012-11-06T15:29:35", 
            "description": "This problem set will test your knowledge of Joint Probability. Each question is worth one point and your final exam is worth 100 points so these questions are basically useless. But you have to do them because an incomplete assignment disallows you from passing the class. Have fun with this problem set!", 
            "due_date": "2012-07-27T00:00:00", 
            "title": "Problem Set 2: Joint Probability", 
            "late_penalty": 1, 
            "image": 4, 
            "assessment_type": "formative", 
            "resubmission_penalty": 25, 
            "time_created": "2012-11-06T15:29:35", 
            "slug": "P2", 
            "submissions_permitted": 0, 
            "course": 1, 
            "mode": "draft", 
            "path": "/networking/Fall2012/problemsets/P2/load_problem_set", 
            "is_deleted": 0, 
            "partial_credit_deadline": "2012-08-03T00:00:00", 
            "randomize": false, 
            "section": 3
        }
    }, 
    {
        "pk": 4, 
        "model": "c2g.problemset", 
        "fields": {
            "grace_period": "2012-10-27T00:00:00", 
            "index": 3, 
            "live_datetime": null, 
            "last_updated": "2012-11-06T15:29:35", 
            "description": "This problem set will test your knowledge of Joint Probability. Each question is worth one point and your final exam is worth 100 points so these questions are basically useless. But you have to do them because an incomplete assignment disallows you from passing the class. Have fun with this problem set!", 
            "due_date": "2012-07-27T00:00:00", 
            "title": "Problem Set 2: Joint Probability", 
            "late_penalty": 1, 
            "image": 3, 
            "assessment_type": "formative", 
            "resubmission_penalty": 25, 
            "time_created": "2012-11-06T15:29:35", 
            "slug": "P2", 
            "submissions_permitted": 0, 
            "course": 2, 
            "mode": "ready", 
            "path": "/networking/Fall2012/problemsets/P2/load_problem_set", 
            "is_deleted": 0, 
            "partial_credit_deadline": "2012-08-03T00:00:00", 
            "randomize": false, 
            "section": 4
        }
    }, 
    {
        "pk": 1, 
        "model": "c2g.exercise", 
        "fields": {
            "last_updated": "2012-11-06T15:29:35", 
            "handle": "networking--Fall2012", 
            "time_created": "2012-11-06T15:29:35", 
            "fileName": "xx_P1_Regexp.html", 
            "file": "networking/Fall2012/exercises/xx_P1_Regexp.html", 
            "is_deleted": 0
        }
    }, 
    {
        "pk": 2, 
        "model": "c2g.exercise", 
        "fields": {
            "last_updated": "2012-11-06T15:29:35", 
            "handle": "networking--Fall2012", 
            "time_created": "2012-11-06T15:29:35", 
            "fileName": "xx_P1_Tokenize.html", 
            "file": "networking/Fall2012/exercises/xx_P1_Tokenize.html", 
            "is_deleted": 0
        }
    }, 
    {
        "pk": 3, 
        "model": "c2g.exercise", 
        "fields": {
            "last_updated": "2012-11-06T15:29:35", 
            "handle": "networking--Fall2012", 
            "time_created": "2012-11-06T15:29:35", 
            "fileName": "xx_P2_Lexical1.html", 
            "file": "networking/Fall2012/exercises/xx_P2_Lexical1.html", 
            "is_deleted": 0
        }
    }, 
    {
        "pk": 1, 
        "model": "c2g.problemsettoexercise", 
        "fields": {
            "is_deleted": 0, 
            "problemSet": 1, 
            "image": null, 
            "number": 1, 
            "mode": "", 
            "exercise": 1
        }
    }, 
    {
        "pk": 2, 
        "model": "c2g.problemsettoexercise", 
        "fields": {
            "is_deleted": 0, 
            "problemSet": 1, 
            "image": null, 
            "number": 2, 
            "mode": "", 
            "exercise": 2
        }
    }, 
    {
        "pk": 3, 
        "model": "c2g.problemsettoexercise", 
        "fields": {
            "is_deleted": 0, 
            "problemSet": 3, 
            "image": null, 
            "number": 1, 
            "mode": "", 
            "exercise": 3
        }
    }, 
    {
        "pk": 1, 
        "model": "c2g.newsevent", 
        "fields": {
            "course": 2, 
            "event": "Assignment 1 solutions and grades released", 
            "time_created": "2012-11-06T15:29:35"
        }
    }, 
    {
        "pk": 2, 
        "model": "c2g.newsevent", 
        "fields": {
            "course": 2, 
            "event": "Assignment 2 now available", 
            "time_created": "2012-11-06T15:29:35"
        }
    }, 
    {
        "pk": 3, 
        "model": "c2g.newsevent", 
        "fields": {
            "course": 2, 
            "event": "New video available: Ngrams", 
            "time_created": "2012-11-06T15:29:35"
        }
    }, 
    {
        "pk": 4, 
        "model": "c2g.newsevent", 
        "fields": {
            "course": 4, 
            "event": "Crypto: Assignment 1 solutions and grades released", 
            "time_created": "2012-11-06T15:29:47"
        }
    }, 
    {
        "pk": 5, 
        "model": "c2g.newsevent", 
        "fields": {
            "course": 4, 
            "event": "Crypto: Assignment 2 now available", 
            "time_created": "2012-11-06T15:29:47"
        }
    }, 
    {
        "pk": 6, 
        "model": "c2g.newsevent", 
        "fields": {
            "course": 4, 
            "event": "Crypto: New video available: Ngrams", 
            "time_created": "2012-11-06T15:29:47"
        }
    }, 
    {
        "pk": 19, 
        "model": "auth.permission", 
        "fields": {
            "codename": "add_logentry", 
            "name": "Can add log entry", 
            "content_type": 7
        }
    }, 
    {
        "pk": 20, 
        "model": "auth.permission", 
        "fields": {
            "codename": "change_logentry", 
            "name": "Can change log entry", 
            "content_type": 7
        }
    }, 
    {
        "pk": 21, 
        "model": "auth.permission", 
        "fields": {
            "codename": "delete_logentry", 
            "name": "Can delete log entry", 
            "content_type": 7
        }
    }, 
    {
        "pk": 4, 
        "model": "auth.permission", 
        "fields": {
            "codename": "add_group", 
            "name": "Can add group", 
            "content_type": 2
        }
    }, 
    {
        "pk": 5, 
        "model": "auth.permission", 
        "fields": {
            "codename": "change_group", 
            "name": "Can change group", 
            "content_type": 2
        }
    }, 
    {
        "pk": 6, 
        "model": "auth.permission", 
        "fields": {
            "codename": "delete_group", 
            "name": "Can delete group", 
            "content_type": 2
        }
    }, 
    {
        "pk": 1, 
        "model": "auth.permission", 
        "fields": {
            "codename": "add_permission", 
            "name": "Can add permission", 
            "content_type": 1
        }
    }, 
    {
        "pk": 2, 
        "model": "auth.permission", 
        "fields": {
            "codename": "change_permission", 
            "name": "Can change permission", 
            "content_type": 1
        }
    }, 
    {
        "pk": 3, 
        "model": "auth.permission", 
        "fields": {
            "codename": "delete_permission", 
            "name": "Can delete permission", 
            "content_type": 1
        }
    }, 
    {
        "pk": 7, 
        "model": "auth.permission", 
        "fields": {
            "codename": "add_user", 
            "name": "Can add user", 
            "content_type": 3
        }
    }, 
    {
        "pk": 8, 
        "model": "auth.permission", 
        "fields": {
            "codename": "change_user", 
            "name": "Can change user", 
            "content_type": 3
        }
    }, 
    {
        "pk": 9, 
        "model": "auth.permission", 
        "fields": {
            "codename": "delete_user", 
            "name": "Can delete user", 
            "content_type": 3
        }
    }, 
    {
        "pk": 64, 
        "model": "auth.permission", 
        "fields": {
            "codename": "add_additionalpage", 
            "name": "Can add additional page", 
            "content_type": 22
        }
    }, 
    {
        "pk": 65, 
        "model": "auth.permission", 
        "fields": {
            "codename": "change_additionalpage", 
            "name": "Can change additional page", 
            "content_type": 22
        }
    }, 
    {
        "pk": 66, 
        "model": "auth.permission", 
        "fields": {
            "codename": "delete_additionalpage", 
            "name": "Can delete additional page", 
            "content_type": 22
        }
    }, 
    {
        "pk": 70, 
        "model": "auth.permission", 
        "fields": {
            "codename": "add_announcement", 
            "name": "Can add announcement", 
            "content_type": 24
        }
    }, 
    {
        "pk": 71, 
        "model": "auth.permission", 
        "fields": {
            "codename": "change_announcement", 
            "name": "Can change announcement", 
            "content_type": 24
        }
    }, 
    {
        "pk": 72, 
        "model": "auth.permission", 
        "fields": {
            "codename": "delete_announcement", 
            "name": "Can delete announcement", 
            "content_type": 24
        }
    }, 
    {
        "pk": 61, 
        "model": "auth.permission", 
        "fields": {
            "codename": "add_contentsection", 
            "name": "Can add content section", 
            "content_type": 21
        }
    }, 
    {
        "pk": 62, 
        "model": "auth.permission", 
        "fields": {
            "codename": "change_contentsection", 
            "name": "Can change content section", 
            "content_type": 21
        }
    }, 
    {
        "pk": 63, 
        "model": "auth.permission", 
        "fields": {
            "codename": "delete_contentsection", 
            "name": "Can delete content section", 
            "content_type": 21
        }
    }, 
    {
        "pk": 58, 
        "model": "auth.permission", 
        "fields": {
            "codename": "add_course", 
            "name": "Can add course", 
            "content_type": 20
        }
    }, 
    {
        "pk": 59, 
        "model": "auth.permission", 
        "fields": {
            "codename": "change_course", 
            "name": "Can change course", 
            "content_type": 20
        }
    }, 
    {
        "pk": 60, 
        "model": "auth.permission", 
        "fields": {
            "codename": "delete_course", 
            "name": "Can delete course", 
            "content_type": 20
        }
    }, 
    {
        "pk": 106, 
        "model": "auth.permission", 
        "fields": {
            "codename": "add_courseemail", 
            "name": "Can add course email", 
            "content_type": 36
        }
    }, 
    {
        "pk": 107, 
        "model": "auth.permission", 
        "fields": {
            "codename": "change_courseemail", 
            "name": "Can change course email", 
            "content_type": 36
        }
    }, 
    {
        "pk": 108, 
        "model": "auth.permission", 
        "fields": {
            "codename": "delete_courseemail", 
            "name": "Can delete course email", 
            "content_type": 36
        }
    }, 
    {
        "pk": 109, 
        "model": "auth.permission", 
        "fields": {
            "codename": "add_emailaddr", 
            "name": "Can add email addr", 
            "content_type": 37
        }
    }, 
    {
        "pk": 110, 
        "model": "auth.permission", 
        "fields": {
            "codename": "change_emailaddr", 
            "name": "Can change email addr", 
            "content_type": 37
        }
    }, 
    {
        "pk": 111, 
        "model": "auth.permission", 
        "fields": {
            "codename": "delete_emailaddr", 
            "name": "Can delete email addr", 
            "content_type": 37
        }
    }, 
    {
        "pk": 121, 
        "model": "auth.permission", 
        "fields": {
            "codename": "add_exam", 
            "name": "Can add exam", 
            "content_type": 41
        }
    }, 
    {
        "pk": 122, 
        "model": "auth.permission", 
        "fields": {
            "codename": "change_exam", 
            "name": "Can change exam", 
            "content_type": 41
        }
    }, 
    {
        "pk": 123, 
        "model": "auth.permission", 
        "fields": {
            "codename": "delete_exam", 
            "name": "Can delete exam", 
            "content_type": 41
        }
    }, 
    {
        "pk": 124, 
        "model": "auth.permission", 
        "fields": {
            "codename": "add_examrecord", 
            "name": "Can add exam record", 
            "content_type": 42
        }
    }, 
    {
        "pk": 125, 
        "model": "auth.permission", 
        "fields": {
            "codename": "change_examrecord", 
            "name": "Can change exam record", 
            "content_type": 42
        }
    }, 
    {
        "pk": 126, 
        "model": "auth.permission", 
        "fields": {
            "codename": "delete_examrecord", 
            "name": "Can delete exam record", 
            "content_type": 42
        }
    }, 
    {
        "pk": 91, 
        "model": "auth.permission", 
        "fields": {
            "codename": "add_exercise", 
            "name": "Can add exercise", 
            "content_type": 31
        }
    }, 
    {
        "pk": 92, 
        "model": "auth.permission", 
        "fields": {
            "codename": "change_exercise", 
            "name": "Can change exercise", 
            "content_type": 31
        }
    }, 
    {
        "pk": 93, 
        "model": "auth.permission", 
        "fields": {
            "codename": "delete_exercise", 
            "name": "Can delete exercise", 
            "content_type": 31
        }
    }, 
    {
        "pk": 67, 
        "model": "auth.permission", 
        "fields": {
            "codename": "add_file", 
            "name": "Can add file", 
            "content_type": 23
        }
    }, 
    {
        "pk": 68, 
        "model": "auth.permission", 
        "fields": {
            "codename": "change_file", 
            "name": "Can change file", 
            "content_type": 23
        }
    }, 
    {
        "pk": 69, 
        "model": "auth.permission", 
        "fields": {
            "codename": "delete_file", 
            "name": "Can delete file", 
            "content_type": 23
        }
    }, 
    {
        "pk": 55, 
        "model": "auth.permission", 
        "fields": {
            "codename": "add_institution", 
            "name": "Can add institution", 
            "content_type": 19
        }
    }, 
    {
        "pk": 56, 
        "model": "auth.permission", 
        "fields": {
            "codename": "change_institution", 
            "name": "Can change institution", 
            "content_type": 19
        }
    }, 
    {
        "pk": 57, 
        "model": "auth.permission", 
        "fields": {
            "codename": "delete_institution", 
            "name": "Can delete institution", 
            "content_type": 19
        }
    }, 
    {
        "pk": 115, 
        "model": "auth.permission", 
        "fields": {
            "codename": "add_listemail", 
            "name": "Can add list email", 
            "content_type": 39
        }
    }, 
    {
        "pk": 116, 
        "model": "auth.permission", 
        "fields": {
            "codename": "change_listemail", 
            "name": "Can change list email", 
            "content_type": 39
        }
    }, 
    {
        "pk": 117, 
        "model": "auth.permission", 
        "fields": {
            "codename": "delete_listemail", 
            "name": "Can delete list email", 
            "content_type": 39
        }
    }, 
    {
        "pk": 112, 
        "model": "auth.permission", 
        "fields": {
            "codename": "add_mailinglist", 
            "name": "Can add mailing list", 
            "content_type": 38
        }
    }, 
    {
        "pk": 113, 
        "model": "auth.permission", 
        "fields": {
            "codename": "change_mailinglist", 
            "name": "Can change mailing list", 
            "content_type": 38
        }
    }, 
    {
        "pk": 114, 
        "model": "auth.permission", 
        "fields": {
            "codename": "delete_mailinglist", 
            "name": "Can delete mailing list", 
            "content_type": 38
        }
    }, 
    {
        "pk": 103, 
        "model": "auth.permission", 
        "fields": {
            "codename": "add_newsevent", 
            "name": "Can add news event", 
            "content_type": 35
        }
    }, 
    {
        "pk": 104, 
        "model": "auth.permission", 
        "fields": {
            "codename": "change_newsevent", 
            "name": "Can change news event", 
            "content_type": 35
        }
    }, 
    {
        "pk": 105, 
        "model": "auth.permission", 
        "fields": {
            "codename": "delete_newsevent", 
            "name": "Can delete news event", 
            "content_type": 35
        }
    }, 
    {
        "pk": 118, 
        "model": "auth.permission", 
        "fields": {
            "codename": "add_pagevisitlog", 
            "name": "Can add page visit log", 
            "content_type": 40
        }
    }, 
    {
        "pk": 119, 
        "model": "auth.permission", 
        "fields": {
            "codename": "change_pagevisitlog", 
            "name": "Can change page visit log", 
            "content_type": 40
        }
    }, 
    {
        "pk": 120, 
        "model": "auth.permission", 
        "fields": {
            "codename": "delete_pagevisitlog", 
            "name": "Can delete page visit log", 
            "content_type": 40
        }
    }, 
    {
        "pk": 100, 
        "model": "auth.permission", 
        "fields": {
            "codename": "add_problemactivity", 
            "name": "Can add problem activity", 
            "content_type": 34
        }
    }, 
    {
        "pk": 101, 
        "model": "auth.permission", 
        "fields": {
            "codename": "change_problemactivity", 
            "name": "Can change problem activity", 
            "content_type": 34
        }
    }, 
    {
        "pk": 102, 
        "model": "auth.permission", 
        "fields": {
            "codename": "delete_problemactivity", 
            "name": "Can delete problem activity", 
            "content_type": 34
        }
    }, 
    {
        "pk": 88, 
        "model": "auth.permission", 
        "fields": {
            "codename": "add_problemset", 
            "name": "Can add problem set", 
            "content_type": 30
        }
    }, 
    {
        "pk": 89, 
        "model": "auth.permission", 
        "fields": {
            "codename": "change_problemset", 
            "name": "Can change problem set", 
            "content_type": 30
        }
    }, 
    {
        "pk": 90, 
        "model": "auth.permission", 
        "fields": {
            "codename": "delete_problemset", 
            "name": "Can delete problem set", 
            "content_type": 30
        }
    }, 
    {
        "pk": 94, 
        "model": "auth.permission", 
        "fields": {
            "codename": "add_problemsettoexercise", 
            "name": "Can add problem set to exercise", 
            "content_type": 32
        }
    }, 
    {
        "pk": 95, 
        "model": "auth.permission", 
        "fields": {
            "codename": "change_problemsettoexercise", 
            "name": "Can change problem set to exercise", 
            "content_type": 32
        }
    }, 
    {
        "pk": 96, 
        "model": "auth.permission", 
        "fields": {
            "codename": "delete_problemsettoexercise", 
            "name": "Can delete problem set to exercise", 
            "content_type": 32
        }
    }, 
    {
        "pk": 73, 
        "model": "auth.permission", 
        "fields": {
            "codename": "add_studentsection", 
            "name": "Can add student section", 
            "content_type": 25
        }
    }, 
    {
        "pk": 74, 
        "model": "auth.permission", 
        "fields": {
            "codename": "change_studentsection", 
            "name": "Can change student section", 
            "content_type": 25
        }
    }, 
    {
        "pk": 75, 
        "model": "auth.permission", 
        "fields": {
            "codename": "delete_studentsection", 
            "name": "Can delete student section", 
            "content_type": 25
        }
    }, 
    {
        "pk": 76, 
        "model": "auth.permission", 
        "fields": {
            "codename": "add_userprofile", 
            "name": "Can add user profile", 
            "content_type": 26
        }
    }, 
    {
        "pk": 77, 
        "model": "auth.permission", 
        "fields": {
            "codename": "change_userprofile", 
            "name": "Can change user profile", 
            "content_type": 26
        }
    }, 
    {
        "pk": 78, 
        "model": "auth.permission", 
        "fields": {
            "codename": "delete_userprofile", 
            "name": "Can delete user profile", 
            "content_type": 26
        }
    }, 
    {
        "pk": 79, 
        "model": "auth.permission", 
        "fields": {
            "codename": "add_video", 
            "name": "Can add video", 
            "content_type": 27
        }
    }, 
    {
        "pk": 80, 
        "model": "auth.permission", 
        "fields": {
            "codename": "change_video", 
            "name": "Can change video", 
            "content_type": 27
        }
    }, 
    {
        "pk": 81, 
        "model": "auth.permission", 
        "fields": {
            "codename": "delete_video", 
            "name": "Can delete video", 
            "content_type": 27
        }
    }, 
    {
        "pk": 85, 
        "model": "auth.permission", 
        "fields": {
            "codename": "add_videoactivity", 
            "name": "Can add video activity", 
            "content_type": 29
        }
    }, 
    {
        "pk": 86, 
        "model": "auth.permission", 
        "fields": {
            "codename": "change_videoactivity", 
            "name": "Can change video activity", 
            "content_type": 29
        }
    }, 
    {
        "pk": 87, 
        "model": "auth.permission", 
        "fields": {
            "codename": "delete_videoactivity", 
            "name": "Can delete video activity", 
            "content_type": 29
        }
    }, 
    {
        "pk": 97, 
        "model": "auth.permission", 
        "fields": {
            "codename": "add_videotoexercise", 
            "name": "Can add video to exercise", 
            "content_type": 33
        }
    }, 
    {
        "pk": 98, 
        "model": "auth.permission", 
        "fields": {
            "codename": "change_videotoexercise", 
            "name": "Can change video to exercise", 
            "content_type": 33
        }
    }, 
    {
        "pk": 99, 
        "model": "auth.permission", 
        "fields": {
            "codename": "delete_videotoexercise", 
            "name": "Can delete video to exercise", 
            "content_type": 33
        }
    }, 
    {
        "pk": 82, 
        "model": "auth.permission", 
        "fields": {
            "codename": "add_videoviewtraces", 
            "name": "Can add video view traces", 
            "content_type": 28
        }
    }, 
    {
        "pk": 83, 
        "model": "auth.permission", 
        "fields": {
            "codename": "change_videoviewtraces", 
            "name": "Can change video view traces", 
            "content_type": 28
        }
    }, 
    {
        "pk": 84, 
        "model": "auth.permission", 
        "fields": {
            "codename": "delete_videoviewtraces", 
            "name": "Can delete video view traces", 
            "content_type": 28
        }
    }, 
    {
        "pk": 10, 
        "model": "auth.permission", 
        "fields": {
            "codename": "add_contenttype", 
            "name": "Can add content type", 
            "content_type": 4
        }
    }, 
    {
        "pk": 11, 
        "model": "auth.permission", 
        "fields": {
            "codename": "change_contenttype", 
            "name": "Can change content type", 
            "content_type": 4
        }
    }, 
    {
        "pk": 12, 
        "model": "auth.permission", 
        "fields": {
            "codename": "delete_contenttype", 
            "name": "Can delete content type", 
            "content_type": 4
        }
    }, 
    {
        "pk": 40, 
        "model": "auth.permission", 
        "fields": {
            "codename": "add_crontabschedule", 
            "name": "Can add crontab", 
            "content_type": 14
        }
    }, 
    {
        "pk": 41, 
        "model": "auth.permission", 
        "fields": {
            "codename": "change_crontabschedule", 
            "name": "Can change crontab", 
            "content_type": 14
        }
    }, 
    {
        "pk": 42, 
        "model": "auth.permission", 
        "fields": {
            "codename": "delete_crontabschedule", 
            "name": "Can delete crontab", 
            "content_type": 14
        }
    }, 
    {
        "pk": 37, 
        "model": "auth.permission", 
        "fields": {
            "codename": "add_intervalschedule", 
            "name": "Can add interval", 
            "content_type": 13
        }
    }, 
    {
        "pk": 38, 
        "model": "auth.permission", 
        "fields": {
            "codename": "change_intervalschedule", 
            "name": "Can change interval", 
            "content_type": 13
        }
    }, 
    {
        "pk": 39, 
        "model": "auth.permission", 
        "fields": {
            "codename": "delete_intervalschedule", 
            "name": "Can delete interval", 
            "content_type": 13
        }
    }, 
    {
        "pk": 46, 
        "model": "auth.permission", 
        "fields": {
            "codename": "add_periodictask", 
            "name": "Can add periodic task", 
            "content_type": 16
        }
    }, 
    {
        "pk": 47, 
        "model": "auth.permission", 
        "fields": {
            "codename": "change_periodictask", 
            "name": "Can change periodic task", 
            "content_type": 16
        }
    }, 
    {
        "pk": 48, 
        "model": "auth.permission", 
        "fields": {
            "codename": "delete_periodictask", 
            "name": "Can delete periodic task", 
            "content_type": 16
        }
    }, 
    {
        "pk": 43, 
        "model": "auth.permission", 
        "fields": {
            "codename": "add_periodictasks", 
            "name": "Can add periodic tasks", 
            "content_type": 15
        }
    }, 
    {
        "pk": 44, 
        "model": "auth.permission", 
        "fields": {
            "codename": "change_periodictasks", 
            "name": "Can change periodic tasks", 
            "content_type": 15
        }
    }, 
    {
        "pk": 45, 
        "model": "auth.permission", 
        "fields": {
            "codename": "delete_periodictasks", 
            "name": "Can delete periodic tasks", 
            "content_type": 15
        }
    }, 
    {
        "pk": 31, 
        "model": "auth.permission", 
        "fields": {
            "codename": "add_taskmeta", 
            "name": "Can add task state", 
            "content_type": 11
        }
    }, 
    {
        "pk": 32, 
        "model": "auth.permission", 
        "fields": {
            "codename": "change_taskmeta", 
            "name": "Can change task state", 
            "content_type": 11
        }
    }, 
    {
        "pk": 33, 
        "model": "auth.permission", 
        "fields": {
            "codename": "delete_taskmeta", 
            "name": "Can delete task state", 
            "content_type": 11
        }
    }, 
    {
        "pk": 34, 
        "model": "auth.permission", 
        "fields": {
            "codename": "add_tasksetmeta", 
            "name": "Can add saved group result", 
            "content_type": 12
        }
    }, 
    {
        "pk": 35, 
        "model": "auth.permission", 
        "fields": {
            "codename": "change_tasksetmeta", 
            "name": "Can change saved group result", 
            "content_type": 12
        }
    }, 
    {
        "pk": 36, 
        "model": "auth.permission", 
        "fields": {
            "codename": "delete_tasksetmeta", 
            "name": "Can delete saved group result", 
            "content_type": 12
        }
    }, 
    {
        "pk": 52, 
        "model": "auth.permission", 
        "fields": {
            "codename": "add_taskstate", 
            "name": "Can add task", 
            "content_type": 18
        }
    }, 
    {
        "pk": 53, 
        "model": "auth.permission", 
        "fields": {
            "codename": "change_taskstate", 
            "name": "Can change task", 
            "content_type": 18
        }
    }, 
    {
        "pk": 54, 
        "model": "auth.permission", 
        "fields": {
            "codename": "delete_taskstate", 
            "name": "Can delete task", 
            "content_type": 18
        }
    }, 
    {
        "pk": 49, 
        "model": "auth.permission", 
        "fields": {
            "codename": "add_workerstate", 
            "name": "Can add worker", 
            "content_type": 17
        }
    }, 
    {
        "pk": 50, 
        "model": "auth.permission", 
        "fields": {
            "codename": "change_workerstate", 
            "name": "Can change worker", 
            "content_type": 17
        }
    }, 
    {
        "pk": 51, 
        "model": "auth.permission", 
        "fields": {
            "codename": "delete_workerstate", 
            "name": "Can delete worker", 
            "content_type": 17
        }
    }, 
    {
        "pk": 28, 
        "model": "auth.permission", 
        "fields": {
            "codename": "add_flatpage", 
            "name": "Can add flat page", 
            "content_type": 10
        }
    }, 
    {
        "pk": 29, 
        "model": "auth.permission", 
        "fields": {
            "codename": "change_flatpage", 
            "name": "Can change flat page", 
            "content_type": 10
        }
    }, 
    {
        "pk": 30, 
        "model": "auth.permission", 
        "fields": {
            "codename": "delete_flatpage", 
            "name": "Can delete flat page", 
            "content_type": 10
        }
    }, 
    {
        "pk": 22, 
        "model": "auth.permission", 
        "fields": {
            "codename": "add_registrationprofile", 
            "name": "Can add registration profile", 
            "content_type": 8
        }
    }, 
    {
        "pk": 23, 
        "model": "auth.permission", 
        "fields": {
            "codename": "change_registrationprofile", 
            "name": "Can change registration profile", 
            "content_type": 8
        }
    }, 
    {
        "pk": 24, 
        "model": "auth.permission", 
        "fields": {
            "codename": "delete_registrationprofile", 
            "name": "Can delete registration profile", 
            "content_type": 8
        }
    }, 
    {
        "pk": 13, 
        "model": "auth.permission", 
        "fields": {
            "codename": "add_session", 
            "name": "Can add session", 
            "content_type": 5
        }
    }, 
    {
        "pk": 14, 
        "model": "auth.permission", 
        "fields": {
            "codename": "change_session", 
            "name": "Can change session", 
            "content_type": 5
        }
    }, 
    {
        "pk": 15, 
        "model": "auth.permission", 
        "fields": {
            "codename": "delete_session", 
            "name": "Can delete session", 
            "content_type": 5
        }
    }, 
    {
        "pk": 16, 
        "model": "auth.permission", 
        "fields": {
            "codename": "add_site", 
            "name": "Can add site", 
            "content_type": 6
        }
    }, 
    {
        "pk": 17, 
        "model": "auth.permission", 
        "fields": {
            "codename": "change_site", 
            "name": "Can change site", 
            "content_type": 6
        }
    }, 
    {
        "pk": 18, 
        "model": "auth.permission", 
        "fields": {
            "codename": "delete_site", 
            "name": "Can delete site", 
            "content_type": 6
        }
    }, 
    {
        "pk": 25, 
        "model": "auth.permission", 
        "fields": {
            "codename": "add_migrationhistory", 
            "name": "Can add migration history", 
            "content_type": 9
        }
    }, 
    {
        "pk": 26, 
        "model": "auth.permission", 
        "fields": {
            "codename": "change_migrationhistory", 
            "name": "Can change migration history", 
            "content_type": 9
        }
    }, 
    {
        "pk": 27, 
        "model": "auth.permission", 
        "fields": {
            "codename": "delete_migrationhistory", 
            "name": "Can delete migration history", 
            "content_type": 9
        }
    }, 
    {
        "pk": 6, 
        "model": "auth.group", 
        "fields": {
            "name": "Instructor Group for class2go course crypto--Fall2012 58048750", 
            "permissions": []
        }
    }, 
    {
        "pk": 2, 
        "model": "auth.group", 
        "fields": {
            "name": "Instructor Group for class2go course networking--Fall2012 24568899", 
            "permissions": []
        }
    }, 
    {
        "pk": 8, 
        "model": "auth.group", 
        "fields": {
            "name": "Readonly TAS Group for class2go course crypto--Fall2012 58048750", 
            "permissions": []
        }
    }, 
    {
        "pk": 4, 
        "model": "auth.group", 
        "fields": {
            "name": "Readonly TAS Group for class2go course networking--Fall2012 24568899", 
            "permissions": []
        }
    }, 
    {
        "pk": 5, 
        "model": "auth.group", 
        "fields": {
            "name": "Student Group for class2go course crypto--Fall2012 58048750", 
            "permissions": []
        }
    }, 
    {
        "pk": 1, 
        "model": "auth.group", 
        "fields": {
            "name": "Student Group for class2go course networking--Fall2012 24568899", 
            "permissions": []
        }
    }, 
    {
        "pk": 7, 
        "model": "auth.group", 
        "fields": {
            "name": "TAS Group for class2go course crypto--Fall2012 58048750", 
            "permissions": []
        }
    }, 
    {
        "pk": 3, 
        "model": "auth.group", 
        "fields": {
            "name": "TAS Group for class2go course networking--Fall2012 24568899", 
            "permissions": []
        }
    }, 
    {
        "pk": 1, 
        "model": "auth.user", 
        "fields": {
            "username": "professor_0", 
            "first_name": "Tess", 
            "last_name": "Teacher", 
            "is_active": true, 
            "is_superuser": false, 
            "is_staff": true, 
            "last_login": "2012-11-06T15:29:05", 
            "groups": [
                2
            ], 
            "user_permissions": [], 
            "password": "pbkdf2_sha256$10000$oZG7lW8zKPE5$HY086rzDAwsor6Xk4oHpgUlhEmxuynVewHwJy/nnOeM=", 
            "email": "professor_0@stanford.edu", 
            "date_joined": "2012-11-06T15:29:05"
        }
    }, 
    {
        "pk": 2, 
        "model": "auth.user", 
        "fields": {
            "username": "professor_1", 
            "first_name": "Tess", 
            "last_name": "Teacher", 
            "is_active": true, 
            "is_superuser": false, 
            "is_staff": true, 
            "last_login": "2012-11-06T15:29:06", 
            "groups": [
                2
            ], 
            "user_permissions": [], 
            "password": "pbkdf2_sha256$10000$vr9C5sgsqToJ$q2DDCu8B3caQdkqJO2n/phMwG8tneOAWTU097ocHmSc=", 
            "email": "professor_1@stanford.edu", 
            "date_joined": "2012-11-06T15:29:06"
        }
    }, 
    {
        "pk": 3, 
        "model": "auth.user", 
        "fields": {
            "username": "professor_2", 
            "first_name": "Tess", 
            "last_name": "Teacher", 
            "is_active": true, 
            "is_superuser": false, 
            "is_staff": true, 
            "last_login": "2012-11-06T15:29:06", 
            "groups": [
                2
            ], 
            "user_permissions": [], 
            "password": "pbkdf2_sha256$10000$HfpmG8fIrNDi$NaG5dczg847EBvADTJIJcNH/5A+RUXf/a6r84Mg/D+c=", 
            "email": "professor_2@stanford.edu", 
            "date_joined": "2012-11-06T15:29:06"
        }
    }, 
    {
        "pk": 4, 
        "model": "auth.user", 
        "fields": {
            "username": "professor_3", 
            "first_name": "Tess", 
            "last_name": "Teacher", 
            "is_active": true, 
            "is_superuser": false, 
            "is_staff": true, 
            "last_login": "2012-11-06T15:29:06", 
            "groups": [], 
            "user_permissions": [], 
            "password": "pbkdf2_sha256$10000$2lFjJZ7YIJfW$fyLe4tDwu9h+RcTjNJ7YcFS0xHKuAfk2g2/tigvejHs=", 
            "email": "professor_3@stanford.edu", 
            "date_joined": "2012-11-06T15:29:06"
        }
    }, 
    {
        "pk": 5, 
        "model": "auth.user", 
        "fields": {
            "username": "ta_0", 
            "first_name": "Alan", 
            "last_name": "Assistant", 
            "is_active": true, 
            "is_superuser": false, 
            "is_staff": false, 
            "last_login": "2012-11-06T15:29:06", 
            "groups": [
                3
            ], 
            "user_permissions": [], 
            "password": "pbkdf2_sha256$10000$P6QAa822Sa7R$Bm6Mp9ZvKbUmu2GLRIEKFHIlZAyQGdYvDiUmf4g9mgM=", 
            "email": "ta_0@stanford.edu", 
            "date_joined": "2012-11-06T15:29:06"
        }
    }, 
    {
        "pk": 6, 
        "model": "auth.user", 
        "fields": {
            "username": "ta_1", 
            "first_name": "Alan", 
            "last_name": "Assistant", 
            "is_active": true, 
            "is_superuser": false, 
            "is_staff": false, 
            "last_login": "2012-11-06T15:29:06", 
            "groups": [
                3
            ], 
            "user_permissions": [], 
            "password": "pbkdf2_sha256$10000$wojT2qbqltLg$cne9Mx06MixBWngxeJYmrsknykbax5SmtUlzIUxwv70=", 
            "email": "ta_1@stanford.edu", 
            "date_joined": "2012-11-06T15:29:06"
        }
    }, 
    {
        "pk": 7, 
        "model": "auth.user", 
        "fields": {
            "username": "ta_2", 
            "first_name": "Alan", 
            "last_name": "Assistant", 
            "is_active": true, 
            "is_superuser": false, 
            "is_staff": false, 
            "last_login": "2012-11-06T15:29:07", 
            "groups": [
                3
            ], 
            "user_permissions": [], 
            "password": "pbkdf2_sha256$10000$SZnPWXJWHXZy$MqrbM3PjqmMvZe1WhQRl/GZiZb/KCjmLwFwn/xFwhWc=", 
            "email": "ta_2@stanford.edu", 
            "date_joined": "2012-11-06T15:29:07"
        }
    }, 
    {
        "pk": 8, 
        "model": "auth.user", 
        "fields": {
            "username": "ta_3", 
            "first_name": "Alan", 
            "last_name": "Assistant", 
            "is_active": true, 
            "is_superuser": false, 
            "is_staff": false, 
            "last_login": "2012-11-06T15:29:07", 
            "groups": [], 
            "user_permissions": [], 
            "password": "pbkdf2_sha256$10000$qPuXWEkqdw5D$GJKn7EXkz7799XEAQnsU7p21XpyD1bdFeT4KS/rhedE=", 
            "email": "ta_3@stanford.edu", 
            "date_joined": "2012-11-06T15:29:07"
        }
    }, 
    {
        "pk": 9, 
        "model": "auth.user", 
        "fields": {
            "username": "readonly_ta_0", 
            "first_name": "Roger", 
            "last_name": "Readonly", 
            "is_active": true, 
            "is_superuser": false, 
            "is_staff": false, 
            "last_login": "2012-11-06T15:29:08", 
            "groups": [
                4
            ], 
            "user_permissions": [], 
            "password": "pbkdf2_sha256$10000$yBvBqOiZQlfP$xD8nC7wr9t1sB8C0WoibiA+uAxH3mnrgleZUgXdZdZk=", 
            "email": "readonly_ta_0@stanford.edu", 
            "date_joined": "2012-11-06T15:29:08"
        }
    }, 
    {
        "pk": 10, 
        "model": "auth.user", 
        "fields": {
            "username": "readonly_ta_1", 
            "first_name": "Roger", 
            "last_name": "Readonly", 
            "is_active": true, 
            "is_superuser": false, 
            "is_staff": false, 
            "last_login": "2012-11-06T15:29:08", 
            "groups": [
                4
            ], 
            "user_permissions": [], 
            "password": "pbkdf2_sha256$10000$eF7bGAKZMl6y$bhGeh2OLKOwrChNuAx74/3MLSwUGRlk6StYSQpxPOkY=", 
            "email": "readonly_ta_1@stanford.edu", 
            "date_joined": "2012-11-06T15:29:08"
        }
    }, 
    {
        "pk": 11, 
        "model": "auth.user", 
        "fields": {
            "username": "readonly_ta_2", 
            "first_name": "Roger", 
            "last_name": "Readonly", 
            "is_active": true, 
            "is_superuser": false, 
            "is_staff": false, 
            "last_login": "2012-11-06T15:29:08", 
            "groups": [
                4
            ], 
            "user_permissions": [], 
            "password": "pbkdf2_sha256$10000$gxE0vNknE2E2$jX1MHpUIxJbLuaqKkGDTqTJcLoZ5Z9httzBaNoGQFMQ=", 
            "email": "readonly_ta_2@stanford.edu", 
            "date_joined": "2012-11-06T15:29:08"
        }
    }, 
    {
        "pk": 12, 
        "model": "auth.user", 
        "fields": {
            "username": "readonly_ta_3", 
            "first_name": "Roger", 
            "last_name": "Readonly", 
            "is_active": true, 
            "is_superuser": false, 
            "is_staff": false, 
            "last_login": "2012-11-06T15:29:08", 
            "groups": [], 
            "user_permissions": [], 
            "password": "pbkdf2_sha256$10000$n0Wlc4jG9bWj$D8ssP18UXJEDSYTwc77NX2LDFDLgMe2KjG9AkIp93MA=", 
            "email": "readonly_ta_3@stanford.edu", 
            "date_joined": "2012-11-06T15:29:08"
        }
    }, 
    {
        "pk": 13, 
        "model": "auth.user", 
        "fields": {
            "username": "student_0", 
            "first_name": "Sarah", 
            "last_name": "Student", 
            "is_active": true, 
            "is_superuser": false, 
            "is_staff": false, 
            "last_login": "2012-11-06T15:29:09", 
            "groups": [
                1
            ], 
            "user_permissions": [], 
            "password": "pbkdf2_sha256$10000$AHgFq7fjYv8F$smIBYeNuz1yhaZX8HIWk+HH4KbcJkEKrj0i1cPn+R4Q=", 
            "email": "student_0@stanford.edu", 
            "date_joined": "2012-11-06T15:29:09"
        }
    }, 
    {
        "pk": 14, 
        "model": "auth.user", 
        "fields": {
            "username": "student_1", 
            "first_name": "Sarah", 
            "last_name": "Student", 
            "is_active": true, 
            "is_superuser": false, 
            "is_staff": false, 
            "last_login": "2012-11-06T15:29:09", 
            "groups": [
                1
            ], 
            "user_permissions": [], 
            "password": "pbkdf2_sha256$10000$05AOfIPPq6tS$QKxau640Ibuz2Jse+xIJUCuJog8zgRGBpNDHDdJNrgw=", 
            "email": "student_1@stanford.edu", 
            "date_joined": "2012-11-06T15:29:09"
        }
    }, 
    {
        "pk": 15, 
        "model": "auth.user", 
        "fields": {
            "username": "student_2", 
            "first_name": "Sarah", 
            "last_name": "Student", 
            "is_active": true, 
            "is_superuser": false, 
            "is_staff": false, 
            "last_login": "2012-11-06T15:29:09", 
            "groups": [
                1
            ], 
            "user_permissions": [], 
            "password": "pbkdf2_sha256$10000$mqpcyr32SjZR$w20qmx5LIB/GIuKXZgryImqhcfRf49RIKMD6DK8AOQc=", 
            "email": "student_2@stanford.edu", 
            "date_joined": "2012-11-06T15:29:09"
        }
    }, 
    {
        "pk": 16, 
        "model": "auth.user", 
        "fields": {
            "username": "student_3", 
            "first_name": "Sarah", 
            "last_name": "Student", 
            "is_active": true, 
            "is_superuser": false, 
            "is_staff": false, 
            "last_login": "2012-11-06T15:29:09", 
            "groups": [
                1
            ], 
            "user_permissions": [], 
            "password": "pbkdf2_sha256$10000$KcvTIGExOaBW$kBQn+cqbsBzcns99JXSpcqI1zfDnjPD6fNXNqfgzTq4=", 
            "email": "student_3@stanford.edu", 
            "date_joined": "2012-11-06T15:29:09"
        }
    }, 
    {
        "pk": 17, 
        "model": "auth.user", 
        "fields": {
            "username": "student_4", 
            "first_name": "Sarah", 
            "last_name": "Student", 
            "is_active": true, 
            "is_superuser": false, 
            "is_staff": false, 
            "last_login": "2012-11-06T15:29:09", 
            "groups": [
                1
            ], 
            "user_permissions": [], 
            "password": "pbkdf2_sha256$10000$mi7Oe2qE49A2$cyUKqVkNegy8gMOn1K2vx3DwbEnjE2XEJhJlcij1ThI=", 
            "email": "student_4@stanford.edu", 
            "date_joined": "2012-11-06T15:29:09"
        }
    }, 
    {
        "pk": 18, 
        "model": "auth.user", 
        "fields": {
            "username": "student_5", 
            "first_name": "Sarah", 
            "last_name": "Student", 
            "is_active": true, 
            "is_superuser": false, 
            "is_staff": false, 
            "last_login": "2012-11-06T15:29:10", 
            "groups": [
                1
            ], 
            "user_permissions": [], 
            "password": "pbkdf2_sha256$10000$Y8wEQycaYhUc$kKnbcKi2VgR+MuvUX1qUbxHR8VKtNM9ZqWa7xfTEYGc=", 
            "email": "student_5@stanford.edu", 
            "date_joined": "2012-11-06T15:29:10"
        }
    }, 
    {
        "pk": 19, 
        "model": "auth.user", 
        "fields": {
            "username": "student_6", 
            "first_name": "Sarah", 
            "last_name": "Student", 
            "is_active": true, 
            "is_superuser": false, 
            "is_staff": false, 
            "last_login": "2012-11-06T15:29:10", 
            "groups": [
                1
            ], 
            "user_permissions": [], 
            "password": "pbkdf2_sha256$10000$yD0pdK7HkEwe$ozvW7upD9piVjPZj0iChvILinpdfjU9ViyCcm1YawbM=", 
            "email": "student_6@stanford.edu", 
            "date_joined": "2012-11-06T15:29:10"
        }
    }, 
    {
        "pk": 20, 
        "model": "auth.user", 
        "fields": {
            "username": "student_7", 
            "first_name": "Sarah", 
            "last_name": "Student", 
            "is_active": true, 
            "is_superuser": false, 
            "is_staff": false, 
            "last_login": "2012-11-06T15:29:10", 
            "groups": [
                1
            ], 
            "user_permissions": [], 
            "password": "pbkdf2_sha256$10000$2IiK3ufiyMJ2$b4VlZOl/TnXKU1aCh1kbDS687T5ABOYjuktEg8Fesro=", 
            "email": "student_7@stanford.edu", 
            "date_joined": "2012-11-06T15:29:10"
        }
    }, 
    {
        "pk": 21, 
        "model": "auth.user", 
        "fields": {
            "username": "student_8", 
            "first_name": "Sarah", 
            "last_name": "Student", 
            "is_active": true, 
            "is_superuser": false, 
            "is_staff": false, 
            "last_login": "2012-11-06T15:29:10", 
            "groups": [
                1
            ], 
            "user_permissions": [], 
            "password": "pbkdf2_sha256$10000$Yrbi9qirLQxq$iFasrcLjI6EwnimMy+UkQdT88rKM6gtHDVGjxwP0GvQ=", 
            "email": "student_8@stanford.edu", 
            "date_joined": "2012-11-06T15:29:10"
        }
    }, 
    {
        "pk": 22, 
        "model": "auth.user", 
        "fields": {
            "username": "student_9", 
            "first_name": "Sarah", 
            "last_name": "Student", 
            "is_active": true, 
            "is_superuser": false, 
            "is_staff": false, 
            "last_login": "2012-11-06T15:29:10", 
            "groups": [
                1
            ], 
            "user_permissions": [], 
            "password": "pbkdf2_sha256$10000$4aGA1i1F2g01$h4aEE12kU+lxMDvOFYFpQB/tkLsdkMl/CYo7rhVMkaw=", 
            "email": "student_9@stanford.edu", 
            "date_joined": "2012-11-06T15:29:10"
        }
    }, 
    {
        "pk": 23, 
        "model": "auth.user", 
        "fields": {
            "username": "student_10", 
            "first_name": "Sarah", 
            "last_name": "Student", 
            "is_active": true, 
            "is_superuser": false, 
            "is_staff": false, 
            "last_login": "2012-11-06T15:29:11", 
            "groups": [
                1
            ], 
            "user_permissions": [], 
            "password": "pbkdf2_sha256$10000$wEq8mY6mRKqG$ZNdYZOhmKw/ixQ85SV+8wHtrhHE9TWKA+ryaRYDyOD4=", 
            "email": "student_10@stanford.edu", 
            "date_joined": "2012-11-06T15:29:11"
        }
    }, 
    {
        "pk": 24, 
        "model": "auth.user", 
        "fields": {
            "username": "student_11", 
            "first_name": "Sarah", 
            "last_name": "Student", 
            "is_active": true, 
            "is_superuser": false, 
            "is_staff": false, 
            "last_login": "2012-11-06T15:29:11", 
            "groups": [
                1
            ], 
            "user_permissions": [], 
            "password": "pbkdf2_sha256$10000$sDSeik7M8ybN$JuKpnHGUiuKctJmaNbifl9e8v2s1R5PIZc+DIksNlgI=", 
            "email": "student_11@stanford.edu", 
            "date_joined": "2012-11-06T15:29:11"
        }
    }, 
    {
        "pk": 25, 
        "model": "auth.user", 
        "fields": {
            "username": "student_12", 
            "first_name": "Sarah", 
            "last_name": "Student", 
            "is_active": true, 
            "is_superuser": false, 
            "is_staff": false, 
            "last_login": "2012-11-06T15:29:11", 
            "groups": [
                1
            ], 
            "user_permissions": [], 
            "password": "pbkdf2_sha256$10000$odPQJLhZGRaU$lAx1DWaAMtYWRTmL8McDUA3yB8QjXeh+IRnQvxzPpug=", 
            "email": "student_12@stanford.edu", 
            "date_joined": "2012-11-06T15:29:11"
        }
    }, 
    {
        "pk": 26, 
        "model": "auth.user", 
        "fields": {
            "username": "student_13", 
            "first_name": "Sarah", 
            "last_name": "Student", 
            "is_active": true, 
            "is_superuser": false, 
            "is_staff": false, 
            "last_login": "2012-11-06T15:29:11", 
            "groups": [
                1
            ], 
            "user_permissions": [], 
            "password": "pbkdf2_sha256$10000$Wl1IKGfwagFv$6F//Pj3tqUfWuzCjco5/pptBoV7srPmfNP+EISv6Ibg=", 
            "email": "student_13@stanford.edu", 
            "date_joined": "2012-11-06T15:29:11"
        }
    }, 
    {
        "pk": 27, 
        "model": "auth.user", 
        "fields": {
            "username": "student_14", 
            "first_name": "Sarah", 
            "last_name": "Student", 
            "is_active": true, 
            "is_superuser": false, 
            "is_staff": false, 
            "last_login": "2012-11-06T15:29:11", 
            "groups": [
                1
            ], 
            "user_permissions": [], 
            "password": "pbkdf2_sha256$10000$8dqnpGYGnmj4$VqbjgkE/nKZ7Z17f1VwMzjrTeN+v6wD1qxlDpcy5CRU=", 
            "email": "student_14@stanford.edu", 
            "date_joined": "2012-11-06T15:29:11"
        }
    }, 
    {
        "pk": 28, 
        "model": "auth.user", 
        "fields": {
            "username": "student_15", 
            "first_name": "Sarah", 
            "last_name": "Student", 
            "is_active": true, 
            "is_superuser": false, 
            "is_staff": false, 
            "last_login": "2012-11-06T15:29:12", 
            "groups": [
                1
            ], 
            "user_permissions": [], 
            "password": "pbkdf2_sha256$10000$KaqwgVnX0e2u$udkkhnntVfFBMvdzzlWYwkAi52QtqY5IsDcxhE/2jPs=", 
            "email": "student_15@stanford.edu", 
            "date_joined": "2012-11-06T15:29:12"
        }
    }, 
    {
        "pk": 29, 
        "model": "auth.user", 
        "fields": {
            "username": "student_16", 
            "first_name": "Sarah", 
            "last_name": "Student", 
            "is_active": true, 
            "is_superuser": false, 
            "is_staff": false, 
            "last_login": "2012-11-06T15:29:12", 
            "groups": [
                1
            ], 
            "user_permissions": [], 
            "password": "pbkdf2_sha256$10000$gtcQTZgRNEm5$bYYVTLOi42EH5Oh3WiAhrnwm9N/5mY4xKMQAEXJz9zE=", 
            "email": "student_16@stanford.edu", 
            "date_joined": "2012-11-06T15:29:12"
        }
    }, 
    {
        "pk": 30, 
        "model": "auth.user", 
        "fields": {
            "username": "student_17", 
            "first_name": "Sarah", 
            "last_name": "Student", 
            "is_active": true, 
            "is_superuser": false, 
            "is_staff": false, 
            "last_login": "2012-11-06T15:29:12", 
            "groups": [
                1
            ], 
            "user_permissions": [], 
            "password": "pbkdf2_sha256$10000$3OI5GKRrJtCJ$XYmdtltdvpVLfZ0CG5Ee4I/jFMZFe1QZg4vh5cKTSXk=", 
            "email": "student_17@stanford.edu", 
            "date_joined": "2012-11-06T15:29:12"
        }
    }, 
    {
        "pk": 31, 
        "model": "auth.user", 
        "fields": {
            "username": "student_18", 
            "first_name": "Sarah", 
            "last_name": "Student", 
            "is_active": true, 
            "is_superuser": false, 
            "is_staff": false, 
            "last_login": "2012-11-06T15:29:12", 
            "groups": [
                1
            ], 
            "user_permissions": [], 
            "password": "pbkdf2_sha256$10000$ZaF1gn6TVDMK$jOM658fXUY0POWpYRf4J8m+/2fWJ27FSbOXDB3O5UG4=", 
            "email": "student_18@stanford.edu", 
            "date_joined": "2012-11-06T15:29:12"
        }
    }, 
    {
        "pk": 32, 
        "model": "auth.user", 
        "fields": {
            "username": "student_19", 
            "first_name": "Sarah", 
            "last_name": "Student", 
            "is_active": true, 
            "is_superuser": false, 
            "is_staff": false, 
            "last_login": "2012-11-06T15:29:12", 
            "groups": [
                1
            ], 
            "user_permissions": [], 
            "password": "pbkdf2_sha256$10000$wUlpleA38lum$0ueOxSbni2Sp5PtITUWks+Q3kJHKpGfBYLZwQD0U5xs=", 
            "email": "student_19@stanford.edu", 
            "date_joined": "2012-11-06T15:29:12"
        }
    }, 
    {
        "pk": 33, 
        "model": "auth.user", 
        "fields": {
            "username": "student_20", 
            "first_name": "Sarah", 
            "last_name": "Student", 
            "is_active": true, 
            "is_superuser": false, 
            "is_staff": false, 
            "last_login": "2012-11-06T15:29:13", 
            "groups": [
                1
            ], 
            "user_permissions": [], 
            "password": "pbkdf2_sha256$10000$NOf155dqNEku$09P8EFkIoRv4vZHhOpTD+r8HGlxI+zM6JZaLBcxdiqM=", 
            "email": "student_20@stanford.edu", 
            "date_joined": "2012-11-06T15:29:13"
        }
    }, 
    {
        "pk": 34, 
        "model": "auth.user", 
        "fields": {
            "username": "student_21", 
            "first_name": "Sarah", 
            "last_name": "Student", 
            "is_active": true, 
            "is_superuser": false, 
            "is_staff": false, 
            "last_login": "2012-11-06T15:29:13", 
            "groups": [
                1
            ], 
            "user_permissions": [], 
            "password": "pbkdf2_sha256$10000$5SeU9V4XIGxE$fEGv1W7q1xkbu63Eqp139y3rchks8m3VBmmSoeT97to=", 
            "email": "student_21@stanford.edu", 
            "date_joined": "2012-11-06T15:29:13"
        }
    }, 
    {
        "pk": 35, 
        "model": "auth.user", 
        "fields": {
            "username": "student_22", 
            "first_name": "Sarah", 
            "last_name": "Student", 
            "is_active": true, 
            "is_superuser": false, 
            "is_staff": false, 
            "last_login": "2012-11-06T15:29:13", 
            "groups": [
                1
            ], 
            "user_permissions": [], 
            "password": "pbkdf2_sha256$10000$EEnstpycHC5s$lgxl/LryF+WGjcguBwGMKBr+Txyuo43nYcsRj2oU2eA=", 
            "email": "student_22@stanford.edu", 
            "date_joined": "2012-11-06T15:29:13"
        }
    }, 
    {
        "pk": 36, 
        "model": "auth.user", 
        "fields": {
            "username": "student_23", 
            "first_name": "Sarah", 
            "last_name": "Student", 
            "is_active": true, 
            "is_superuser": false, 
            "is_staff": false, 
            "last_login": "2012-11-06T15:29:13", 
            "groups": [
                1
            ], 
            "user_permissions": [], 
            "password": "pbkdf2_sha256$10000$XKq4ujzJsD7w$YBJYi/137qOM2fxp5W0GQzMZQZLR5GLJNuUuMXF4S4w=", 
            "email": "student_23@stanford.edu", 
            "date_joined": "2012-11-06T15:29:13"
        }
    }, 
    {
        "pk": 37, 
        "model": "auth.user", 
        "fields": {
            "username": "student_24", 
            "first_name": "Sarah", 
            "last_name": "Student", 
            "is_active": true, 
            "is_superuser": false, 
            "is_staff": false, 
            "last_login": "2012-11-06T15:29:13", 
            "groups": [
                1
            ], 
            "user_permissions": [], 
            "password": "pbkdf2_sha256$10000$cr1H7ylgNYfE$3xR7+n1AkzRFcaW8zP4s+wwUtGEa0jUTxBHO1iGH0ik=", 
            "email": "student_24@stanford.edu", 
            "date_joined": "2012-11-06T15:29:13"
        }
    }, 
    {
        "pk": 38, 
        "model": "auth.user", 
        "fields": {
            "username": "student_25", 
            "first_name": "Sarah", 
            "last_name": "Student", 
            "is_active": true, 
            "is_superuser": false, 
            "is_staff": false, 
            "last_login": "2012-11-06T15:29:14", 
            "groups": [
                1
            ], 
            "user_permissions": [], 
            "password": "pbkdf2_sha256$10000$fjls5U5wkyYL$pMLJUfCxxhPdvDTc6TCBCfZh+VmHKYud5odNEhA76Uk=", 
            "email": "student_25@stanford.edu", 
            "date_joined": "2012-11-06T15:29:14"
        }
    }, 
    {
        "pk": 39, 
        "model": "auth.user", 
        "fields": {
            "username": "student_26", 
            "first_name": "Sarah", 
            "last_name": "Student", 
            "is_active": true, 
            "is_superuser": false, 
            "is_staff": false, 
            "last_login": "2012-11-06T15:29:14", 
            "groups": [
                1
            ], 
            "user_permissions": [], 
            "password": "pbkdf2_sha256$10000$wfTx0GVYPU7f$+enuUiBcW0XS0wnks2pNrJEglDNfaOlRW0ZO8LzzCJc=", 
            "email": "student_26@stanford.edu", 
            "date_joined": "2012-11-06T15:29:14"
        }
    }, 
    {
        "pk": 40, 
        "model": "auth.user", 
        "fields": {
            "username": "student_27", 
            "first_name": "Sarah", 
            "last_name": "Student", 
            "is_active": true, 
            "is_superuser": false, 
            "is_staff": false, 
            "last_login": "2012-11-06T15:29:14", 
            "groups": [
                1
            ], 
            "user_permissions": [], 
            "password": "pbkdf2_sha256$10000$dWxcqwcap6bK$2ewopGbz4fiAy3lJAZyTKUhu1ombe5GKSwP+UVKMB24=", 
            "email": "student_27@stanford.edu", 
            "date_joined": "2012-11-06T15:29:14"
        }
    }, 
    {
        "pk": 41, 
        "model": "auth.user", 
        "fields": {
            "username": "student_28", 
            "first_name": "Sarah", 
            "last_name": "Student", 
            "is_active": true, 
            "is_superuser": false, 
            "is_staff": false, 
            "last_login": "2012-11-06T15:29:14", 
            "groups": [
                1
            ], 
            "user_permissions": [], 
            "password": "pbkdf2_sha256$10000$uW1E7Id4L3i9$7+mI3n5J0fRBy57r91cJZea6ecRWXYTTpB1h8hwNKzI=", 
            "email": "student_28@stanford.edu", 
            "date_joined": "2012-11-06T15:29:14"
        }
    }, 
    {
        "pk": 42, 
        "model": "auth.user", 
        "fields": {
            "username": "student_29", 
            "first_name": "Sarah", 
            "last_name": "Student", 
            "is_active": true, 
            "is_superuser": false, 
            "is_staff": false, 
            "last_login": "2012-11-06T15:29:14", 
            "groups": [
                1
            ], 
            "user_permissions": [], 
            "password": "pbkdf2_sha256$10000$XZTl6KFZCZq0$Nt5kVLxJnEmsoE4KuRwEkCCPKPSmHFVzAtEGyw61Vq0=", 
            "email": "student_29@stanford.edu", 
            "date_joined": "2012-11-06T15:29:14"
        }
    }, 
    {
        "pk": 43, 
        "model": "auth.user", 
        "fields": {
            "username": "student_30", 
            "first_name": "Sarah", 
            "last_name": "Student", 
            "is_active": true, 
            "is_superuser": false, 
            "is_staff": false, 
            "last_login": "2012-11-06T15:29:15", 
            "groups": [
                1
            ], 
            "user_permissions": [], 
            "password": "pbkdf2_sha256$10000$rYNH3qgRwh7X$C4x+FfqPFWbAlkOHxN/AbUUkZ89Vlo/mF/UvgpmsrIc=", 
            "email": "student_30@stanford.edu", 
            "date_joined": "2012-11-06T15:29:15"
        }
    }, 
    {
        "pk": 44, 
        "model": "auth.user", 
        "fields": {
            "username": "student_31", 
            "first_name": "Sarah", 
            "last_name": "Student", 
            "is_active": true, 
            "is_superuser": false, 
            "is_staff": false, 
            "last_login": "2012-11-06T15:29:15", 
            "groups": [
                1
            ], 
            "user_permissions": [], 
            "password": "pbkdf2_sha256$10000$Va6cDW4RSews$7llE5XM1vZxuiP7hiMyUmR1q/Zg6dk+eU6PHuVcMKAY=", 
            "email": "student_31@stanford.edu", 
            "date_joined": "2012-11-06T15:29:15"
        }
    }, 
    {
        "pk": 45, 
        "model": "auth.user", 
        "fields": {
            "username": "student_32", 
            "first_name": "Sarah", 
            "last_name": "Student", 
            "is_active": true, 
            "is_superuser": false, 
            "is_staff": false, 
            "last_login": "2012-11-06T15:29:15", 
            "groups": [
                1
            ], 
            "user_permissions": [], 
            "password": "pbkdf2_sha256$10000$8lBhGYDh4BlB$IHHQ+Wt7qWP9BsQcCvxhpdINvK0VY8DLX5LR31ZGt54=", 
            "email": "student_32@stanford.edu", 
            "date_joined": "2012-11-06T15:29:15"
        }
    }, 
    {
        "pk": 46, 
        "model": "auth.user", 
        "fields": {
            "username": "student_33", 
            "first_name": "Sarah", 
            "last_name": "Student", 
            "is_active": true, 
            "is_superuser": false, 
            "is_staff": false, 
            "last_login": "2012-11-06T15:29:15", 
            "groups": [
                1
            ], 
            "user_permissions": [], 
            "password": "pbkdf2_sha256$10000$XeFwAIpv7mj4$YK6UIT8hnXBq4sl/NIpyPagcR6rgM5znTTKs6S6u5S8=", 
            "email": "student_33@stanford.edu", 
            "date_joined": "2012-11-06T15:29:15"
        }
    }, 
    {
        "pk": 47, 
        "model": "auth.user", 
        "fields": {
            "username": "student_34", 
            "first_name": "Sarah", 
            "last_name": "Student", 
            "is_active": true, 
            "is_superuser": false, 
            "is_staff": false, 
            "last_login": "2012-11-06T15:29:15", 
            "groups": [
                1
            ], 
            "user_permissions": [], 
            "password": "pbkdf2_sha256$10000$EMnPVWetr6px$+PEVzdzX0XKKMuvfjq3KDsa+vbj0REcPUX+cQv7kbVo=", 
            "email": "student_34@stanford.edu", 
            "date_joined": "2012-11-06T15:29:15"
        }
    }, 
    {
        "pk": 48, 
        "model": "auth.user", 
        "fields": {
            "username": "student_35", 
            "first_name": "Sarah", 
            "last_name": "Student", 
            "is_active": true, 
            "is_superuser": false, 
            "is_staff": false, 
            "last_login": "2012-11-06T15:29:16", 
            "groups": [
                1
            ], 
            "user_permissions": [], 
            "password": "pbkdf2_sha256$10000$DlZh0VHTSt06$GZ6b3QD0E1NRGGmWlNMr+jL2Q1Uf64qy29S3n/G0+p4=", 
            "email": "student_35@stanford.edu", 
            "date_joined": "2012-11-06T15:29:16"
        }
    }, 
    {
        "pk": 49, 
        "model": "auth.user", 
        "fields": {
            "username": "student_36", 
            "first_name": "Sarah", 
            "last_name": "Student", 
            "is_active": true, 
            "is_superuser": false, 
            "is_staff": false, 
            "last_login": "2012-11-06T15:29:16", 
            "groups": [
                1
            ], 
            "user_permissions": [], 
            "password": "pbkdf2_sha256$10000$ijoRcLXqyi7K$coYU46DXdcJRpgu/7YHwXxhwrw1ZXt8ffuUHM0aA+6I=", 
            "email": "student_36@stanford.edu", 
            "date_joined": "2012-11-06T15:29:16"
        }
    }, 
    {
        "pk": 50, 
        "model": "auth.user", 
        "fields": {
            "username": "student_37", 
            "first_name": "Sarah", 
            "last_name": "Student", 
            "is_active": true, 
            "is_superuser": false, 
            "is_staff": false, 
            "last_login": "2012-11-06T15:29:16", 
            "groups": [
                1
            ], 
            "user_permissions": [], 
            "password": "pbkdf2_sha256$10000$3QHaT4VC3nPe$IoSxYoEQy2NXTFoJIxeQjXVC4H2CdprdJ1CX62XJJ04=", 
            "email": "student_37@stanford.edu", 
            "date_joined": "2012-11-06T15:29:16"
        }
    }, 
    {
        "pk": 51, 
        "model": "auth.user", 
        "fields": {
            "username": "student_38", 
            "first_name": "Sarah", 
            "last_name": "Student", 
            "is_active": true, 
            "is_superuser": false, 
            "is_staff": false, 
            "last_login": "2012-11-06T15:29:16", 
            "groups": [
                1
            ], 
            "user_permissions": [], 
            "password": "pbkdf2_sha256$10000$x8r35gL6l8N5$4FPJ7OtYtAvcywa5E5vVSKEDWqj1UqS8RZo2362UySQ=", 
            "email": "student_38@stanford.edu", 
            "date_joined": "2012-11-06T15:29:16"
        }
    }, 
    {
        "pk": 52, 
        "model": "auth.user", 
        "fields": {
            "username": "student_39", 
            "first_name": "Sarah", 
            "last_name": "Student", 
            "is_active": true, 
            "is_superuser": false, 
            "is_staff": false, 
            "last_login": "2012-11-06T15:29:16", 
            "groups": [], 
            "user_permissions": [], 
            "password": "pbkdf2_sha256$10000$LUY9LPvjZoOi$FNpdgvA8k708lPMZg82p71VuCj3O6qTc+uR3Zl/o1h4=", 
            "email": "student_39@stanford.edu", 
            "date_joined": "2012-11-06T15:29:16"
        }
    }, 
    {
        "pk": 53, 
        "model": "auth.user", 
        "fields": {
            "username": "sefk_auto", 
            "first_name": "Sef", 
            "last_name": "Kloninger", 
            "is_active": true, 
            "is_superuser": false, 
            "is_staff": false, 
            "last_login": "2012-11-06T15:29:35", 
            "groups": [
                7
            ], 
            "user_permissions": [], 
            "password": "pbkdf2_sha256$10000$8IV8WoBXwlx6$idjUe64ddP/IBeoyVvKnSrzwmGgImqrB+whEnb8VOzU=", 
            "email": "sefklon@gmail.com", 
            "date_joined": "2012-11-06T15:29:35"
        }
    }, 
    {
        "pk": 54, 
        "model": "auth.user", 
        "fields": {
            "username": "jbau_auto", 
            "first_name": "Jason", 
            "last_name": "Bau", 
            "is_active": true, 
            "is_superuser": false, 
            "is_staff": false, 
            "last_login": "2012-11-06T15:29:35", 
            "groups": [
                6
            ], 
            "user_permissions": [], 
            "password": "pbkdf2_sha256$10000$ircQx1taODn1$s4MaMEFkCIfLN2nQRmHsM1zN1b1QXdK4fd0GpKtoQ8A=", 
            "email": "jbau@stanford.edu", 
            "date_joined": "2012-11-06T15:29:35"
        }
    }, 
    {
        "pk": 55, 
        "model": "auth.user", 
        "fields": {
            "username": "wescott_auto", 
            "first_name": "Mike", 
            "last_name": "Wescott", 
            "is_active": true, 
            "is_superuser": false, 
            "is_staff": false, 
            "last_login": "2012-11-06T15:29:35", 
            "groups": [
                7
            ], 
            "user_permissions": [], 
            "password": "pbkdf2_sha256$10000$YnBcOfwjXO3h$7778RR0W1VTHipsGmzlA/8Qrq4iJW1fp6xgxHiogCJI=", 
            "email": "wescott@cs.stanford.edu", 
            "date_joined": "2012-11-06T15:29:35"
        }
    }, 
    {
        "pk": 56, 
        "model": "auth.user", 
        "fields": {
            "username": "dcadams_auto", 
            "first_name": "David", 
            "last_name": "Adams", 
            "is_active": true, 
            "is_superuser": false, 
            "is_staff": false, 
            "last_login": "2012-11-06T15:29:36", 
            "groups": [
                8
            ], 
            "user_permissions": [], 
            "password": "pbkdf2_sha256$10000$ypR2z5X5J1Tp$tmx842DKInSxtLNsbusuk+Mrj3TkDRwD7VqmdEBdEls=", 
            "email": "dcadams@stanford.edu", 
            "date_joined": "2012-11-06T15:29:36"
        }
    }, 
    {
        "pk": 57, 
        "model": "auth.user", 
        "fields": {
            "username": "jinpa_auto", 
            "first_name": "Jane", 
            "last_name": "Manning", 
            "is_active": true, 
            "is_superuser": false, 
            "is_staff": false, 
            "last_login": "2012-11-06T15:29:36", 
            "groups": [
                5
            ], 
            "user_permissions": [], 
            "password": "pbkdf2_sha256$10000$SgQxFNaCxUfB$R9o0hyhjRMmBFLOZuqEUm+1/+4JJ0QoHFEtPdbdfig8=", 
            "email": "jmanning@cs.stanford.edu", 
            "date_joined": "2012-11-06T15:29:36"
        }
    }, 
    {
        "pk": 58, 
        "model": "auth.user", 
        "fields": {
            "username": "halawa_auto", 
            "first_name": "Sherif", 
            "last_name": "Halawa", 
            "is_active": true, 
            "is_superuser": false, 
            "is_staff": false, 
            "last_login": "2012-11-06T15:29:36", 
            "groups": [
                5
            ], 
            "user_permissions": [], 
            "password": "pbkdf2_sha256$10000$DK9CgG86XkOg$ib5TjLNUvR28YmcWLzu+wU+4Vg9/LdI8w/g35FxrbXA=", 
            "email": "halawa@stanford.edu", 
            "date_joined": "2012-11-06T15:29:36"
        }
    }, 
    {
        "pk": 1, 
        "model": "c2g.course", 
        "fields": {
            "preview_only_mode": true, 
            "image": 2, 
            "time_created": "2012-11-06T15:29:22", 
            "share_to": [], 
            "readonly_tas_group": 4, 
            "year": 2012, 
            "last_updated": "2012-11-06T15:29:22", 
            "live_datetime": null, 
            "title": "Natural Language Processing", 
            "calendar_start": "2013-07-27", 
            "syllabus": "", 
            "list_publicly": 1, 
            "handle": "networking--Fall2012", 
            "description": "Natural language processing is the technology for dealing with our most ubiquitous product: human language, as it appears in emails, web pages, tweets, product descriptions, newspaper stories, social media, and scientific articles, in thousands of languages and varieties. In the past decade, successful natural language processing applications have become part of our everyday experience, from spelling and grammar correction in word processors to machine translation on the web, from email spam detection to automatic question answering, from detecting people's opinions about products or services to extracting appointments from your email. In this class, you'll learn the fundamental algorithms and mathematical models for human alanguage processing and how you can use them to solve practical problems in dealing with language data wherever you encounter it.", 
            "piazza_id": null, 
            "instructor_group": 2, 
            "student_group": 1, 
            "institution_only": false, 
            "institution": 1, 
            "term": "Fall", 
            "is_deleted": 0, 
            "tas_group": 3, 
            "contact": null, 
            "calendar_end": "2013-08-12", 
            "mode": "draft"
        }
    }, 
    {
        "pk": 2, 
        "model": "c2g.course", 
        "fields": {
            "preview_only_mode": true, 
            "image": 1, 
            "time_created": "2012-11-06T15:29:22", 
            "share_to": [], 
            "readonly_tas_group": 4, 
            "year": 2012, 
            "last_updated": "2012-11-06T15:29:22", 
            "live_datetime": null, 
            "title": "Natural Language Processing", 
            "calendar_start": "2013-07-27", 
            "syllabus": "", 
            "list_publicly": 0, 
            "handle": "networking--Fall2012", 
            "description": "Natural language processing is the technology for dealing with our most ubiquitous product: human language, as it appears in emails, web pages, tweets, product descriptions, newspaper stories, social media, and scientific articles, in thousands of languages and varieties. In the past decade, successful natural language processing applications have become part of our everyday experience, from spelling and grammar correction in word processors to machine translation on the web, from email spam detection to automatic question answering, from detecting people's opinions about products or services to extracting appointments from your email. In this class, you'll learn the fundamental algorithms and mathematical models for human alanguage processing and how you can use them to solve practical problems in dealing with language data wherever you encounter it.", 
            "piazza_id": 1352273362, 
            "instructor_group": 2, 
            "student_group": 1, 
            "institution_only": false, 
            "institution": 1, 
            "term": "Fall", 
            "is_deleted": 0, 
            "tas_group": 3, 
            "contact": null, 
            "calendar_end": "2013-08-12", 
            "mode": "ready"
        }
    }, 
    {
        "pk": 3, 
        "model": "c2g.course", 
        "fields": {
            "preview_only_mode": true, 
            "image": 4, 
            "time_created": "2012-11-06T15:29:37", 
            "share_to": [], 
            "readonly_tas_group": 8, 
            "year": 2012, 
            "last_updated": "2012-11-06T15:29:37", 
            "live_datetime": null, 
            "title": "Introductory Cryptography", 
            "calendar_start": "2013-07-27", 
            "syllabus": "", 
            "list_publicly": 1, 
            "handle": "crypto--Fall2012", 
            "description": "Cryptography is an indispensable tool for protecting information in computer systems. This course explains the inner workings of cryptographic primitives and how to correctly use them. Students will learn how to reason about the security of cryptographic constructions and how to apply this knowledge to real-world applications. The course begins with a detailed discussion of how two parties who have a shared secret key can communicate securely when a powerful adversary eavesdrops and tampers with traffic. We will examine many deployed protocols and analyze mistakes in existing systems. The second half of the course discusses public-key techniques that let two or more parties generate a shared secret key. We will cover the relevant number theory and discuss public-key encryption, digital signatures, and authentication protocols. Towards the end of the course we will cover more advanced topics such as zero-knowledge, distributed protocols such as secure auctions, and a number of privacy mechanisms. Throughout the course students will be exposed to many exciting open problems in the field.The course will include written homeworks and programming labs. The course is self-contained, however it will be helpful to have a basic understanding of discrete probability theory.", 
            "piazza_id": null, 
            "instructor_group": 6, 
            "student_group": 5, 
            "institution_only": false, 
            "institution": 1, 
            "term": "Fall", 
            "is_deleted": 0, 
            "tas_group": 7, 
            "contact": null, 
            "calendar_end": "2013-08-12", 
            "mode": "draft"
        }
    }, 
    {
        "pk": 4, 
        "model": "c2g.course", 
        "fields": {
            "preview_only_mode": true, 
            "image": 3, 
            "time_created": "2012-11-06T15:29:37", 
            "share_to": [], 
            "readonly_tas_group": 8, 
            "year": 2012, 
            "last_updated": "2012-11-06T15:29:37", 
            "live_datetime": null, 
            "title": "Introductory Cryptography", 
            "calendar_start": "2013-07-27", 
            "syllabus": "", 
            "list_publicly": 0, 
            "handle": "crypto--Fall2012", 
            "description": "Cryptography is an indispensable tool for protecting information in computer systems. This course explains the inner workings of cryptographic primitives and how to correctly use them. Students will learn how to reason about the security of cryptographic constructions and how to apply this knowledge to real-world applications. The course begins with a detailed discussion of how two parties who have a shared secret key can communicate securely when a powerful adversary eavesdrops and tampers with traffic. We will examine many deployed protocols and analyze mistakes in existing systems. The second half of the course discusses public-key techniques that let two or more parties generate a shared secret key. We will cover the relevant number theory and discuss public-key encryption, digital signatures, and authentication protocols. Towards the end of the course we will cover more advanced topics such as zero-knowledge, distributed protocols such as secure auctions, and a number of privacy mechanisms. Throughout the course students will be exposed to many exciting open problems in the field.The course will include written homeworks and programming labs. The course is self-contained, however it will be helpful to have a basic understanding of discrete probability theory.", 
            "piazza_id": 1352273377, 
            "instructor_group": 6, 
            "student_group": 5, 
            "institution_only": false, 
            "institution": 1, 
            "term": "Fall", 
            "is_deleted": 0, 
            "tas_group": 7, 
            "contact": null, 
            "calendar_end": "2013-08-12", 
            "mode": "ready"
        }
    }, 
    {
        "pk": 1, 
        "model": "c2g.announcement", 
        "fields": {
            "index": 0, 
            "live_datetime": null, 
            "last_updated": "2012-11-06T15:29:22", 
            "description": "Welcome to the course! Check out the links to announcements, news events, assignments and grades.", 
            "title": "Welcome to Natural Language Processing!", 
            "image": 2, 
            "time_created": "2012-11-06T15:29:22", 
            "course": 1, 
            "mode": "draft", 
            "owner": 1, 
            "is_deleted": 0
        }
    }, 
    {
        "pk": 2, 
        "model": "c2g.announcement", 
        "fields": {
            "index": null, 
            "live_datetime": null, 
            "last_updated": "2012-11-06T15:29:22", 
            "description": "Welcome to the course! Check out the links to announcements, news events, assignments and grades.", 
            "title": "Welcome to Natural Language Processing!", 
            "image": 1, 
            "time_created": "2012-11-06T15:29:22", 
            "course": 2, 
            "mode": "ready", 
            "owner": 1, 
            "is_deleted": 0
        }
    }, 
    {
        "pk": 3, 
        "model": "c2g.announcement", 
        "fields": {
            "index": 1, 
            "live_datetime": null, 
            "last_updated": "2012-11-06T15:29:22", 
            "description": "The first assignment has been posted.  Visit the assignments link to see the list of assignments and instructions for each assignment.  Be sure to check the additional pages for additional help. If you have any question email us at nlp@stanford.edu.", 
            "title": "Assignment 1 Out", 
            "image": 4, 
            "time_created": "2012-11-06T15:29:22", 
            "course": 1, 
            "mode": "draft", 
            "owner": 1, 
            "is_deleted": 0
        }
    }, 
    {
        "pk": 4, 
        "model": "c2g.announcement", 
        "fields": {
            "index": null, 
            "live_datetime": null, 
            "last_updated": "2012-11-06T15:29:22", 
            "description": "The first assignment has been posted.  Visit the assignments link to see the list of assignments and instructions for each assignment.  Be sure to check the additional pages for additional help. If you have any question email us at nlp@stanford.edu.", 
            "title": "Assignment 1 Out", 
            "image": 3, 
            "time_created": "2012-11-06T15:29:22", 
            "course": 2, 
            "mode": "ready", 
            "owner": 1, 
            "is_deleted": 0
        }
    }, 
    {
        "pk": 5, 
        "model": "c2g.announcement", 
        "fields": {
            "index": 2, 
            "live_datetime": null, 
            "last_updated": "2012-11-06T15:29:22", 
            "description": "Because this Friday is Friday the 13th, we do not want to take any chances so class is cancelled. Post any questions on the discussion forum if you have any questions", 
            "title": "Friday Lecture for 7/13 cancelled", 
            "image": 6, 
            "time_created": "2012-11-06T15:29:22", 
            "course": 1, 
            "mode": "draft", 
            "owner": 1, 
            "is_deleted": 0
        }
    }, 
    {
        "pk": 6, 
        "model": "c2g.announcement", 
        "fields": {
            "index": null, 
            "live_datetime": null, 
            "last_updated": "2012-11-06T15:29:22", 
            "description": "Because this Friday is Friday the 13th, we do not want to take any chances so class is cancelled. Post any questions on the discussion forum if you have any questions", 
            "title": "Friday Lecture for 7/13 cancelled", 
            "image": 5, 
            "time_created": "2012-11-06T15:29:22", 
            "course": 2, 
            "mode": "ready", 
            "owner": 1, 
            "is_deleted": 0
        }
    }, 
    {
        "pk": 7, 
        "model": "c2g.announcement", 
        "fields": {
            "index": 3, 
            "live_datetime": null, 
            "last_updated": "2012-11-06T15:29:22", 
            "description": "We will be moving the lecture room to the medical school. Sorry for any inconviniences. For those of you without a bike, I am even more sorry. See you next lecture!", 
            "title": "Lecture Room Moved", 
            "image": 8, 
            "time_created": "2012-11-06T15:29:22", 
            "course": 1, 
            "mode": "draft", 
            "owner": 1, 
            "is_deleted": 0
        }
    }, 
    {
        "pk": 8, 
        "model": "c2g.announcement", 
        "fields": {
            "index": null, 
            "live_datetime": null, 
            "last_updated": "2012-11-06T15:29:22", 
            "description": "We will be moving the lecture room to the medical school. Sorry for any inconviniences. For those of you without a bike, I am even more sorry. See you next lecture!", 
            "title": "Lecture Room Moved", 
            "image": 7, 
            "time_created": "2012-11-06T15:29:22", 
            "course": 2, 
            "mode": "ready", 
            "owner": 1, 
            "is_deleted": 0
        }
    }, 
    {
        "pk": 9, 
        "model": "c2g.announcement", 
        "fields": {
            "index": 0, 
            "live_datetime": null, 
            "last_updated": "2012-11-06T15:29:37", 
            "description": "Crypto: Welcome to the Crypto course! Check out the links to announcements, news events, assignments and grades.", 
            "title": "Welcome to Crypto 223!", 
            "image": 10, 
            "time_created": "2012-11-06T15:29:37", 
            "course": 3, 
            "mode": "draft", 
            "owner": 1, 
            "is_deleted": 0
        }
    }, 
    {
        "pk": 10, 
        "model": "c2g.announcement", 
        "fields": {
            "index": null, 
            "live_datetime": null, 
            "last_updated": "2012-11-06T15:29:37", 
            "description": "Crypto: Welcome to the Crypto course! Check out the links to announcements, news events, assignments and grades.", 
            "title": "Welcome to Crypto 223!", 
            "image": 9, 
            "time_created": "2012-11-06T15:29:37", 
            "course": 4, 
            "mode": "ready", 
            "owner": 1, 
            "is_deleted": 0
        }
    }, 
    {
        "pk": 11, 
        "model": "c2g.announcement", 
        "fields": {
            "index": 1, 
            "live_datetime": null, 
            "last_updated": "2012-11-06T15:29:37", 
            "description": "Crypto: The first assignment has been posted.  Visit the assignments link to see the list of assignments and instructions for each assignment.  Be sure to check the additional pages for additional help. If you have any question email us at nlp@stanford.edu.", 
            "title": "Crypto: Assignment 1 Still Not Out", 
            "image": 12, 
            "time_created": "2012-11-06T15:29:37", 
            "course": 3, 
            "mode": "draft", 
            "owner": 1, 
            "is_deleted": 0
        }
    }, 
    {
        "pk": 12, 
        "model": "c2g.announcement", 
        "fields": {
            "index": null, 
            "live_datetime": null, 
            "last_updated": "2012-11-06T15:29:37", 
            "description": "Crypto: The first assignment has been posted.  Visit the assignments link to see the list of assignments and instructions for each assignment.  Be sure to check the additional pages for additional help. If you have any question email us at nlp@stanford.edu.", 
            "title": "Crypto: Assignment 1 Still Not Out", 
            "image": 11, 
            "time_created": "2012-11-06T15:29:37", 
            "course": 4, 
            "mode": "ready", 
            "owner": 1, 
            "is_deleted": 0
        }
    }, 
    {
        "pk": 13, 
        "model": "c2g.announcement", 
        "fields": {
            "index": 2, 
            "live_datetime": null, 
            "last_updated": "2012-11-06T15:29:37", 
            "description": "Crypto: Because this Friday is Friday the 13th, we do not want to take any chances so class is cancelled. Post any questions on the discussion forum if you have any questions", 
            "title": "Crypto: There is no lecture room for this course", 
            "image": 14, 
            "time_created": "2012-11-06T15:29:37", 
            "course": 3, 
            "mode": "draft", 
            "owner": 1, 
            "is_deleted": 0
        }
    }, 
    {
        "pk": 14, 
        "model": "c2g.announcement", 
        "fields": {
            "index": null, 
            "live_datetime": null, 
            "last_updated": "2012-11-06T15:29:37", 
            "description": "Crypto: Because this Friday is Friday the 13th, we do not want to take any chances so class is cancelled. Post any questions on the discussion forum if you have any questions", 
            "title": "Crypto: There is no lecture room for this course", 
            "image": 13, 
            "time_created": "2012-11-06T15:29:37", 
            "course": 4, 
            "mode": "ready", 
            "owner": 1, 
            "is_deleted": 0
        }
    }, 
    {
        "pk": 15, 
        "model": "c2g.announcement", 
        "fields": {
            "index": 3, 
            "live_datetime": null, 
            "last_updated": "2012-11-06T15:29:37", 
            "description": "Crypto: We will be moving the lecture room to the medical school. Sorry for any inconviniences. For those of you without a bike, I am even more sorry. See you next lecture!", 
            "title": "Crypto: Yet another assignment.", 
            "image": 16, 
            "time_created": "2012-11-06T15:29:37", 
            "course": 3, 
            "mode": "draft", 
            "owner": 1, 
            "is_deleted": 0
        }
    }, 
    {
        "pk": 16, 
        "model": "c2g.announcement", 
        "fields": {
            "index": null, 
            "live_datetime": null, 
            "last_updated": "2012-11-06T15:29:37", 
            "description": "Crypto: We will be moving the lecture room to the medical school. Sorry for any inconviniences. For those of you without a bike, I am even more sorry. See you next lecture!", 
            "title": "Crypto: Yet another assignment.", 
            "image": 15, 
            "time_created": "2012-11-06T15:29:37", 
            "course": 4, 
            "mode": "ready", 
            "owner": 1, 
            "is_deleted": 0
        }
    }, 
    {
        "pk": 1, 
        "model": "c2g.userprofile", 
        "fields": {
            "referrer_first": null, 
            "client_ip": null, 
            "user_agent": null, 
            "last_updated": "2012-11-06T15:29:05", 
            "email_me": true, 
            "piazza_name": "", 
            "gender": "Male", 
            "work": "Software", 
            "time_created": "2012-11-06T15:29:05", 
            "client_ip_first": null, 
            "accept_language_first": null, 
            "user": 1, 
            "piazza_email": "", 
            "referrer": null, 
            "site_data": "", 
            "accept_language": null, 
            "education": "Primary", 
            "user_agent_first": null, 
            "institutions": [], 
            "birth_year": "1972"
        }
    }, 
    {
        "pk": 2, 
        "model": "c2g.userprofile", 
        "fields": {
            "referrer_first": null, 
            "client_ip": null, 
            "user_agent": null, 
            "last_updated": "2012-11-06T15:29:06", 
            "email_me": true, 
            "piazza_name": "", 
            "gender": null, 
            "work": null, 
            "time_created": "2012-11-06T15:29:06", 
            "client_ip_first": null, 
            "accept_language_first": null, 
            "user": 2, 
            "piazza_email": "", 
            "referrer": null, 
            "site_data": "", 
            "accept_language": null, 
            "education": null, 
            "user_agent_first": null, 
            "institutions": [], 
            "birth_year": null
        }
    }, 
    {
        "pk": 3, 
        "model": "c2g.userprofile", 
        "fields": {
            "referrer_first": null, 
            "client_ip": null, 
            "user_agent": null, 
            "last_updated": "2012-11-06T15:29:06", 
            "email_me": true, 
            "piazza_name": "", 
            "gender": null, 
            "work": null, 
            "time_created": "2012-11-06T15:29:06", 
            "client_ip_first": null, 
            "accept_language_first": null, 
            "user": 3, 
            "piazza_email": "", 
            "referrer": null, 
            "site_data": "", 
            "accept_language": null, 
            "education": null, 
            "user_agent_first": null, 
            "institutions": [], 
            "birth_year": null
        }
    }, 
    {
        "pk": 4, 
        "model": "c2g.userprofile", 
        "fields": {
            "referrer_first": null, 
            "client_ip": null, 
            "user_agent": null, 
            "last_updated": "2012-11-06T15:29:06", 
            "email_me": true, 
            "piazza_name": "", 
            "gender": null, 
            "work": null, 
            "time_created": "2012-11-06T15:29:06", 
            "client_ip_first": null, 
            "accept_language_first": null, 
            "user": 4, 
            "piazza_email": "", 
            "referrer": null, 
            "site_data": "", 
            "accept_language": null, 
            "education": null, 
            "user_agent_first": null, 
            "institutions": [], 
            "birth_year": null
        }
    }, 
    {
        "pk": 5, 
        "model": "c2g.userprofile", 
        "fields": {
            "referrer_first": null, 
            "client_ip": null, 
            "user_agent": null, 
            "last_updated": "2012-11-06T15:29:06", 
            "email_me": true, 
            "piazza_name": "", 
            "gender": null, 
            "work": null, 
            "time_created": "2012-11-06T15:29:06", 
            "client_ip_first": null, 
            "accept_language_first": null, 
            "user": 5, 
            "piazza_email": "", 
            "referrer": null, 
            "site_data": "", 
            "accept_language": null, 
            "education": null, 
            "user_agent_first": null, 
            "institutions": [], 
            "birth_year": null
        }
    }, 
    {
        "pk": 6, 
        "model": "c2g.userprofile", 
        "fields": {
            "referrer_first": null, 
            "client_ip": null, 
            "user_agent": null, 
            "last_updated": "2012-11-06T15:29:06", 
            "email_me": true, 
            "piazza_name": "", 
            "gender": null, 
            "work": null, 
            "time_created": "2012-11-06T15:29:06", 
            "client_ip_first": null, 
            "accept_language_first": null, 
            "user": 6, 
            "piazza_email": "", 
            "referrer": null, 
            "site_data": "", 
            "accept_language": null, 
            "education": null, 
            "user_agent_first": null, 
            "institutions": [], 
            "birth_year": null
        }
    }, 
    {
        "pk": 7, 
        "model": "c2g.userprofile", 
        "fields": {
            "referrer_first": null, 
            "client_ip": null, 
            "user_agent": null, 
            "last_updated": "2012-11-06T15:29:07", 
            "email_me": true, 
            "piazza_name": "", 
            "gender": null, 
            "work": null, 
            "time_created": "2012-11-06T15:29:07", 
            "client_ip_first": null, 
            "accept_language_first": null, 
            "user": 7, 
            "piazza_email": "", 
            "referrer": null, 
            "site_data": "", 
            "accept_language": null, 
            "education": null, 
            "user_agent_first": null, 
            "institutions": [], 
            "birth_year": null
        }
    }, 
    {
        "pk": 8, 
        "model": "c2g.userprofile", 
        "fields": {
            "referrer_first": null, 
            "client_ip": null, 
            "user_agent": null, 
            "last_updated": "2012-11-06T15:29:07", 
            "email_me": true, 
            "piazza_name": "", 
            "gender": null, 
            "work": null, 
            "time_created": "2012-11-06T15:29:07", 
            "client_ip_first": null, 
            "accept_language_first": null, 
            "user": 8, 
            "piazza_email": "", 
            "referrer": null, 
            "site_data": "", 
            "accept_language": null, 
            "education": null, 
            "user_agent_first": null, 
            "institutions": [], 
            "birth_year": null
        }
    }, 
    {
        "pk": 9, 
        "model": "c2g.userprofile", 
        "fields": {
            "referrer_first": null, 
            "client_ip": null, 
            "user_agent": null, 
            "last_updated": "2012-11-06T15:29:08", 
            "email_me": true, 
            "piazza_name": "", 
            "gender": null, 
            "work": null, 
            "time_created": "2012-11-06T15:29:08", 
            "client_ip_first": null, 
            "accept_language_first": null, 
            "user": 9, 
            "piazza_email": "", 
            "referrer": null, 
            "site_data": "", 
            "accept_language": null, 
            "education": null, 
            "user_agent_first": null, 
            "institutions": [], 
            "birth_year": null
        }
    }, 
    {
        "pk": 10, 
        "model": "c2g.userprofile", 
        "fields": {
            "referrer_first": null, 
            "client_ip": null, 
            "user_agent": null, 
            "last_updated": "2012-11-06T15:29:08", 
            "email_me": true, 
            "piazza_name": "", 
            "gender": null, 
            "work": null, 
            "time_created": "2012-11-06T15:29:08", 
            "client_ip_first": null, 
            "accept_language_first": null, 
            "user": 10, 
            "piazza_email": "", 
            "referrer": null, 
            "site_data": "", 
            "accept_language": null, 
            "education": null, 
            "user_agent_first": null, 
            "institutions": [], 
            "birth_year": null
        }
    }, 
    {
        "pk": 11, 
        "model": "c2g.userprofile", 
        "fields": {
            "referrer_first": null, 
            "client_ip": null, 
            "user_agent": null, 
            "last_updated": "2012-11-06T15:29:08", 
            "email_me": true, 
            "piazza_name": "", 
            "gender": null, 
            "work": null, 
            "time_created": "2012-11-06T15:29:08", 
            "client_ip_first": null, 
            "accept_language_first": null, 
            "user": 11, 
            "piazza_email": "", 
            "referrer": null, 
            "site_data": "", 
            "accept_language": null, 
            "education": null, 
            "user_agent_first": null, 
            "institutions": [], 
            "birth_year": null
        }
    }, 
    {
        "pk": 12, 
        "model": "c2g.userprofile", 
        "fields": {
            "referrer_first": null, 
            "client_ip": null, 
            "user_agent": null, 
            "last_updated": "2012-11-06T15:29:08", 
            "email_me": true, 
            "piazza_name": "", 
            "gender": null, 
            "work": null, 
            "time_created": "2012-11-06T15:29:08", 
            "client_ip_first": null, 
            "accept_language_first": null, 
            "user": 12, 
            "piazza_email": "", 
            "referrer": null, 
            "site_data": "", 
            "accept_language": null, 
            "education": null, 
            "user_agent_first": null, 
            "institutions": [], 
            "birth_year": null
        }
    }, 
    {
        "pk": 13, 
        "model": "c2g.userprofile", 
        "fields": {
            "referrer_first": null, 
            "client_ip": null, 
            "user_agent": null, 
            "last_updated": "2012-11-06T15:29:09", 
            "email_me": true, 
            "piazza_name": "", 
            "gender": null, 
            "work": null, 
            "time_created": "2012-11-06T15:29:09", 
            "client_ip_first": null, 
            "accept_language_first": null, 
            "user": 13, 
            "piazza_email": "", 
            "referrer": null, 
            "site_data": "", 
            "accept_language": null, 
            "education": null, 
            "user_agent_first": null, 
            "institutions": [], 
            "birth_year": null
        }
    }, 
    {
        "pk": 14, 
        "model": "c2g.userprofile", 
        "fields": {
            "referrer_first": null, 
            "client_ip": null, 
            "user_agent": null, 
            "last_updated": "2012-11-06T15:29:09", 
            "email_me": true, 
            "piazza_name": "", 
            "gender": null, 
            "work": null, 
            "time_created": "2012-11-06T15:29:09", 
            "client_ip_first": null, 
            "accept_language_first": null, 
            "user": 14, 
            "piazza_email": "", 
            "referrer": null, 
            "site_data": "", 
            "accept_language": null, 
            "education": null, 
            "user_agent_first": null, 
            "institutions": [], 
            "birth_year": null
        }
    }, 
    {
        "pk": 15, 
        "model": "c2g.userprofile", 
        "fields": {
            "referrer_first": null, 
            "client_ip": null, 
            "user_agent": null, 
            "last_updated": "2012-11-06T15:29:09", 
            "email_me": true, 
            "piazza_name": "", 
            "gender": null, 
            "work": null, 
            "time_created": "2012-11-06T15:29:09", 
            "client_ip_first": null, 
            "accept_language_first": null, 
            "user": 15, 
            "piazza_email": "", 
            "referrer": null, 
            "site_data": "", 
            "accept_language": null, 
            "education": null, 
            "user_agent_first": null, 
            "institutions": [], 
            "birth_year": null
        }
    }, 
    {
        "pk": 16, 
        "model": "c2g.userprofile", 
        "fields": {
            "referrer_first": null, 
            "client_ip": null, 
            "user_agent": null, 
            "last_updated": "2012-11-06T15:29:09", 
            "email_me": true, 
            "piazza_name": "", 
            "gender": null, 
            "work": null, 
            "time_created": "2012-11-06T15:29:09", 
            "client_ip_first": null, 
            "accept_language_first": null, 
            "user": 16, 
            "piazza_email": "", 
            "referrer": null, 
            "site_data": "", 
            "accept_language": null, 
            "education": null, 
            "user_agent_first": null, 
            "institutions": [], 
            "birth_year": null
        }
    }, 
    {
        "pk": 17, 
        "model": "c2g.userprofile", 
        "fields": {
            "referrer_first": null, 
            "client_ip": null, 
            "user_agent": null, 
            "last_updated": "2012-11-06T15:29:09", 
            "email_me": true, 
            "piazza_name": "", 
            "gender": null, 
            "work": null, 
            "time_created": "2012-11-06T15:29:09", 
            "client_ip_first": null, 
            "accept_language_first": null, 
            "user": 17, 
            "piazza_email": "", 
            "referrer": null, 
            "site_data": "", 
            "accept_language": null, 
            "education": null, 
            "user_agent_first": null, 
            "institutions": [], 
            "birth_year": null
        }
    }, 
    {
        "pk": 18, 
        "model": "c2g.userprofile", 
        "fields": {
            "referrer_first": null, 
            "client_ip": null, 
            "user_agent": null, 
            "last_updated": "2012-11-06T15:29:10", 
            "email_me": true, 
            "piazza_name": "", 
            "gender": null, 
            "work": null, 
            "time_created": "2012-11-06T15:29:10", 
            "client_ip_first": null, 
            "accept_language_first": null, 
            "user": 18, 
            "piazza_email": "", 
            "referrer": null, 
            "site_data": "", 
            "accept_language": null, 
            "education": null, 
            "user_agent_first": null, 
            "institutions": [], 
            "birth_year": null
        }
    }, 
    {
        "pk": 19, 
        "model": "c2g.userprofile", 
        "fields": {
            "referrer_first": null, 
            "client_ip": null, 
            "user_agent": null, 
            "last_updated": "2012-11-06T15:29:10", 
            "email_me": true, 
            "piazza_name": "", 
            "gender": null, 
            "work": null, 
            "time_created": "2012-11-06T15:29:10", 
            "client_ip_first": null, 
            "accept_language_first": null, 
            "user": 19, 
            "piazza_email": "", 
            "referrer": null, 
            "site_data": "", 
            "accept_language": null, 
            "education": null, 
            "user_agent_first": null, 
            "institutions": [], 
            "birth_year": null
        }
    }, 
    {
        "pk": 20, 
        "model": "c2g.userprofile", 
        "fields": {
            "referrer_first": null, 
            "client_ip": null, 
            "user_agent": null, 
            "last_updated": "2012-11-06T15:29:10", 
            "email_me": true, 
            "piazza_name": "", 
            "gender": null, 
            "work": null, 
            "time_created": "2012-11-06T15:29:10", 
            "client_ip_first": null, 
            "accept_language_first": null, 
            "user": 20, 
            "piazza_email": "", 
            "referrer": null, 
            "site_data": "", 
            "accept_language": null, 
            "education": null, 
            "user_agent_first": null, 
            "institutions": [], 
            "birth_year": null
        }
    }, 
    {
        "pk": 21, 
        "model": "c2g.userprofile", 
        "fields": {
            "referrer_first": null, 
            "client_ip": null, 
            "user_agent": null, 
            "last_updated": "2012-11-06T15:29:10", 
            "email_me": true, 
            "piazza_name": "", 
            "gender": null, 
            "work": null, 
            "time_created": "2012-11-06T15:29:10", 
            "client_ip_first": null, 
            "accept_language_first": null, 
            "user": 21, 
            "piazza_email": "", 
            "referrer": null, 
            "site_data": "", 
            "accept_language": null, 
            "education": null, 
            "user_agent_first": null, 
            "institutions": [], 
            "birth_year": null
        }
    }, 
    {
        "pk": 22, 
        "model": "c2g.userprofile", 
        "fields": {
            "referrer_first": null, 
            "client_ip": null, 
            "user_agent": null, 
            "last_updated": "2012-11-06T15:29:10", 
            "email_me": true, 
            "piazza_name": "", 
            "gender": null, 
            "work": null, 
            "time_created": "2012-11-06T15:29:10", 
            "client_ip_first": null, 
            "accept_language_first": null, 
            "user": 22, 
            "piazza_email": "", 
            "referrer": null, 
            "site_data": "", 
            "accept_language": null, 
            "education": null, 
            "user_agent_first": null, 
            "institutions": [], 
            "birth_year": null
        }
    }, 
    {
        "pk": 23, 
        "model": "c2g.userprofile", 
        "fields": {
            "referrer_first": null, 
            "client_ip": null, 
            "user_agent": null, 
            "last_updated": "2012-11-06T15:29:11", 
            "email_me": true, 
            "piazza_name": "", 
            "gender": null, 
            "work": null, 
            "time_created": "2012-11-06T15:29:11", 
            "client_ip_first": null, 
            "accept_language_first": null, 
            "user": 23, 
            "piazza_email": "", 
            "referrer": null, 
            "site_data": "", 
            "accept_language": null, 
            "education": null, 
            "user_agent_first": null, 
            "institutions": [], 
            "birth_year": null
        }
    }, 
    {
        "pk": 24, 
        "model": "c2g.userprofile", 
        "fields": {
            "referrer_first": null, 
            "client_ip": null, 
            "user_agent": null, 
            "last_updated": "2012-11-06T15:29:11", 
            "email_me": true, 
            "piazza_name": "", 
            "gender": null, 
            "work": null, 
            "time_created": "2012-11-06T15:29:11", 
            "client_ip_first": null, 
            "accept_language_first": null, 
            "user": 24, 
            "piazza_email": "", 
            "referrer": null, 
            "site_data": "", 
            "accept_language": null, 
            "education": null, 
            "user_agent_first": null, 
            "institutions": [], 
            "birth_year": null
        }
    }, 
    {
        "pk": 25, 
        "model": "c2g.userprofile", 
        "fields": {
            "referrer_first": null, 
            "client_ip": null, 
            "user_agent": null, 
            "last_updated": "2012-11-06T15:29:11", 
            "email_me": true, 
            "piazza_name": "", 
            "gender": null, 
            "work": null, 
            "time_created": "2012-11-06T15:29:11", 
            "client_ip_first": null, 
            "accept_language_first": null, 
            "user": 25, 
            "piazza_email": "", 
            "referrer": null, 
            "site_data": "", 
            "accept_language": null, 
            "education": null, 
            "user_agent_first": null, 
            "institutions": [], 
            "birth_year": null
        }
    }, 
    {
        "pk": 26, 
        "model": "c2g.userprofile", 
        "fields": {
            "referrer_first": null, 
            "client_ip": null, 
            "user_agent": null, 
            "last_updated": "2012-11-06T15:29:11", 
            "email_me": true, 
            "piazza_name": "", 
            "gender": null, 
            "work": null, 
            "time_created": "2012-11-06T15:29:11", 
            "client_ip_first": null, 
            "accept_language_first": null, 
            "user": 26, 
            "piazza_email": "", 
            "referrer": null, 
            "site_data": "", 
            "accept_language": null, 
            "education": null, 
            "user_agent_first": null, 
            "institutions": [], 
            "birth_year": null
        }
    }, 
    {
        "pk": 27, 
        "model": "c2g.userprofile", 
        "fields": {
            "referrer_first": null, 
            "client_ip": null, 
            "user_agent": null, 
            "last_updated": "2012-11-06T15:29:11", 
            "email_me": true, 
            "piazza_name": "", 
            "gender": null, 
            "work": null, 
            "time_created": "2012-11-06T15:29:11", 
            "client_ip_first": null, 
            "accept_language_first": null, 
            "user": 27, 
            "piazza_email": "", 
            "referrer": null, 
            "site_data": "", 
            "accept_language": null, 
            "education": null, 
            "user_agent_first": null, 
            "institutions": [], 
            "birth_year": null
        }
    }, 
    {
        "pk": 28, 
        "model": "c2g.userprofile", 
        "fields": {
            "referrer_first": null, 
            "client_ip": null, 
            "user_agent": null, 
            "last_updated": "2012-11-06T15:29:12", 
            "email_me": true, 
            "piazza_name": "", 
            "gender": null, 
            "work": null, 
            "time_created": "2012-11-06T15:29:12", 
            "client_ip_first": null, 
            "accept_language_first": null, 
            "user": 28, 
            "piazza_email": "", 
            "referrer": null, 
            "site_data": "", 
            "accept_language": null, 
            "education": null, 
            "user_agent_first": null, 
            "institutions": [], 
            "birth_year": null
        }
    }, 
    {
        "pk": 29, 
        "model": "c2g.userprofile", 
        "fields": {
            "referrer_first": null, 
            "client_ip": null, 
            "user_agent": null, 
            "last_updated": "2012-11-06T15:29:12", 
            "email_me": true, 
            "piazza_name": "", 
            "gender": null, 
            "work": null, 
            "time_created": "2012-11-06T15:29:12", 
            "client_ip_first": null, 
            "accept_language_first": null, 
            "user": 29, 
            "piazza_email": "", 
            "referrer": null, 
            "site_data": "", 
            "accept_language": null, 
            "education": null, 
            "user_agent_first": null, 
            "institutions": [], 
            "birth_year": null
        }
    }, 
    {
        "pk": 30, 
        "model": "c2g.userprofile", 
        "fields": {
            "referrer_first": null, 
            "client_ip": null, 
            "user_agent": null, 
            "last_updated": "2012-11-06T15:29:12", 
            "email_me": true, 
            "piazza_name": "", 
            "gender": null, 
            "work": null, 
            "time_created": "2012-11-06T15:29:12", 
            "client_ip_first": null, 
            "accept_language_first": null, 
            "user": 30, 
            "piazza_email": "", 
            "referrer": null, 
            "site_data": "", 
            "accept_language": null, 
            "education": null, 
            "user_agent_first": null, 
            "institutions": [], 
            "birth_year": null
        }
    }, 
    {
        "pk": 31, 
        "model": "c2g.userprofile", 
        "fields": {
            "referrer_first": null, 
            "client_ip": null, 
            "user_agent": null, 
            "last_updated": "2012-11-06T15:29:12", 
            "email_me": true, 
            "piazza_name": "", 
            "gender": null, 
            "work": null, 
            "time_created": "2012-11-06T15:29:12", 
            "client_ip_first": null, 
            "accept_language_first": null, 
            "user": 31, 
            "piazza_email": "", 
            "referrer": null, 
            "site_data": "", 
            "accept_language": null, 
            "education": null, 
            "user_agent_first": null, 
            "institutions": [], 
            "birth_year": null
        }
    }, 
    {
        "pk": 32, 
        "model": "c2g.userprofile", 
        "fields": {
            "referrer_first": null, 
            "client_ip": null, 
            "user_agent": null, 
            "last_updated": "2012-11-06T15:29:12", 
            "email_me": true, 
            "piazza_name": "", 
            "gender": null, 
            "work": null, 
            "time_created": "2012-11-06T15:29:12", 
            "client_ip_first": null, 
            "accept_language_first": null, 
            "user": 32, 
            "piazza_email": "", 
            "referrer": null, 
            "site_data": "", 
            "accept_language": null, 
            "education": null, 
            "user_agent_first": null, 
            "institutions": [], 
            "birth_year": null
        }
    }, 
    {
        "pk": 33, 
        "model": "c2g.userprofile", 
        "fields": {
            "referrer_first": null, 
            "client_ip": null, 
            "user_agent": null, 
            "last_updated": "2012-11-06T15:29:13", 
            "email_me": true, 
            "piazza_name": "", 
            "gender": null, 
            "work": null, 
            "time_created": "2012-11-06T15:29:13", 
            "client_ip_first": null, 
            "accept_language_first": null, 
            "user": 33, 
            "piazza_email": "", 
            "referrer": null, 
            "site_data": "", 
            "accept_language": null, 
            "education": null, 
            "user_agent_first": null, 
            "institutions": [], 
            "birth_year": null
        }
    }, 
    {
        "pk": 34, 
        "model": "c2g.userprofile", 
        "fields": {
            "referrer_first": null, 
            "client_ip": null, 
            "user_agent": null, 
            "last_updated": "2012-11-06T15:29:13", 
            "email_me": true, 
            "piazza_name": "", 
            "gender": null, 
            "work": null, 
            "time_created": "2012-11-06T15:29:13", 
            "client_ip_first": null, 
            "accept_language_first": null, 
            "user": 34, 
            "piazza_email": "", 
            "referrer": null, 
            "site_data": "", 
            "accept_language": null, 
            "education": null, 
            "user_agent_first": null, 
            "institutions": [], 
            "birth_year": null
        }
    }, 
    {
        "pk": 35, 
        "model": "c2g.userprofile", 
        "fields": {
            "referrer_first": null, 
            "client_ip": null, 
            "user_agent": null, 
            "last_updated": "2012-11-06T15:29:13", 
            "email_me": true, 
            "piazza_name": "", 
            "gender": null, 
            "work": null, 
            "time_created": "2012-11-06T15:29:13", 
            "client_ip_first": null, 
            "accept_language_first": null, 
            "user": 35, 
            "piazza_email": "", 
            "referrer": null, 
            "site_data": "", 
            "accept_language": null, 
            "education": null, 
            "user_agent_first": null, 
            "institutions": [], 
            "birth_year": null
        }
    }, 
    {
        "pk": 36, 
        "model": "c2g.userprofile", 
        "fields": {
            "referrer_first": null, 
            "client_ip": null, 
            "user_agent": null, 
            "last_updated": "2012-11-06T15:29:13", 
            "email_me": true, 
            "piazza_name": "", 
            "gender": null, 
            "work": null, 
            "time_created": "2012-11-06T15:29:13", 
            "client_ip_first": null, 
            "accept_language_first": null, 
            "user": 36, 
            "piazza_email": "", 
            "referrer": null, 
            "site_data": "", 
            "accept_language": null, 
            "education": null, 
            "user_agent_first": null, 
            "institutions": [], 
            "birth_year": null
        }
    }, 
    {
        "pk": 37, 
        "model": "c2g.userprofile", 
        "fields": {
            "referrer_first": null, 
            "client_ip": null, 
            "user_agent": null, 
            "last_updated": "2012-11-06T15:29:13", 
            "email_me": true, 
            "piazza_name": "", 
            "gender": null, 
            "work": null, 
            "time_created": "2012-11-06T15:29:13", 
            "client_ip_first": null, 
            "accept_language_first": null, 
            "user": 37, 
            "piazza_email": "", 
            "referrer": null, 
            "site_data": "", 
            "accept_language": null, 
            "education": null, 
            "user_agent_first": null, 
            "institutions": [], 
            "birth_year": null
        }
    }, 
    {
        "pk": 38, 
        "model": "c2g.userprofile", 
        "fields": {
            "referrer_first": null, 
            "client_ip": null, 
            "user_agent": null, 
            "last_updated": "2012-11-06T15:29:14", 
            "email_me": true, 
            "piazza_name": "", 
            "gender": null, 
            "work": null, 
            "time_created": "2012-11-06T15:29:14", 
            "client_ip_first": null, 
            "accept_language_first": null, 
            "user": 38, 
            "piazza_email": "", 
            "referrer": null, 
            "site_data": "", 
            "accept_language": null, 
            "education": null, 
            "user_agent_first": null, 
            "institutions": [], 
            "birth_year": null
        }
    }, 
    {
        "pk": 39, 
        "model": "c2g.userprofile", 
        "fields": {
            "referrer_first": null, 
            "client_ip": null, 
            "user_agent": null, 
            "last_updated": "2012-11-06T15:29:14", 
            "email_me": true, 
            "piazza_name": "", 
            "gender": null, 
            "work": null, 
            "time_created": "2012-11-06T15:29:14", 
            "client_ip_first": null, 
            "accept_language_first": null, 
            "user": 39, 
            "piazza_email": "", 
            "referrer": null, 
            "site_data": "", 
            "accept_language": null, 
            "education": null, 
            "user_agent_first": null, 
            "institutions": [], 
            "birth_year": null
        }
    }, 
    {
        "pk": 40, 
        "model": "c2g.userprofile", 
        "fields": {
            "referrer_first": null, 
            "client_ip": null, 
            "user_agent": null, 
            "last_updated": "2012-11-06T15:29:14", 
            "email_me": true, 
            "piazza_name": "", 
            "gender": null, 
            "work": null, 
            "time_created": "2012-11-06T15:29:14", 
            "client_ip_first": null, 
            "accept_language_first": null, 
            "user": 40, 
            "piazza_email": "", 
            "referrer": null, 
            "site_data": "", 
            "accept_language": null, 
            "education": null, 
            "user_agent_first": null, 
            "institutions": [], 
            "birth_year": null
        }
    }, 
    {
        "pk": 41, 
        "model": "c2g.userprofile", 
        "fields": {
            "referrer_first": null, 
            "client_ip": null, 
            "user_agent": null, 
            "last_updated": "2012-11-06T15:29:14", 
            "email_me": true, 
            "piazza_name": "", 
            "gender": null, 
            "work": null, 
            "time_created": "2012-11-06T15:29:14", 
            "client_ip_first": null, 
            "accept_language_first": null, 
            "user": 41, 
            "piazza_email": "", 
            "referrer": null, 
            "site_data": "", 
            "accept_language": null, 
            "education": null, 
            "user_agent_first": null, 
            "institutions": [], 
            "birth_year": null
        }
    }, 
    {
        "pk": 42, 
        "model": "c2g.userprofile", 
        "fields": {
            "referrer_first": null, 
            "client_ip": null, 
            "user_agent": null, 
            "last_updated": "2012-11-06T15:29:14", 
            "email_me": true, 
            "piazza_name": "", 
            "gender": null, 
            "work": null, 
            "time_created": "2012-11-06T15:29:14", 
            "client_ip_first": null, 
            "accept_language_first": null, 
            "user": 42, 
            "piazza_email": "", 
            "referrer": null, 
            "site_data": "", 
            "accept_language": null, 
            "education": null, 
            "user_agent_first": null, 
            "institutions": [], 
            "birth_year": null
        }
    }, 
    {
        "pk": 43, 
        "model": "c2g.userprofile", 
        "fields": {
            "referrer_first": null, 
            "client_ip": null, 
            "user_agent": null, 
            "last_updated": "2012-11-06T15:29:15", 
            "email_me": true, 
            "piazza_name": "", 
            "gender": null, 
            "work": null, 
            "time_created": "2012-11-06T15:29:15", 
            "client_ip_first": null, 
            "accept_language_first": null, 
            "user": 43, 
            "piazza_email": "", 
            "referrer": null, 
            "site_data": "", 
            "accept_language": null, 
            "education": null, 
            "user_agent_first": null, 
            "institutions": [], 
            "birth_year": null
        }
    }, 
    {
        "pk": 44, 
        "model": "c2g.userprofile", 
        "fields": {
            "referrer_first": null, 
            "client_ip": null, 
            "user_agent": null, 
            "last_updated": "2012-11-06T15:29:15", 
            "email_me": true, 
            "piazza_name": "", 
            "gender": null, 
            "work": null, 
            "time_created": "2012-11-06T15:29:15", 
            "client_ip_first": null, 
            "accept_language_first": null, 
            "user": 44, 
            "piazza_email": "", 
            "referrer": null, 
            "site_data": "", 
            "accept_language": null, 
            "education": null, 
            "user_agent_first": null, 
            "institutions": [], 
            "birth_year": null
        }
    }, 
    {
        "pk": 45, 
        "model": "c2g.userprofile", 
        "fields": {
            "referrer_first": null, 
            "client_ip": null, 
            "user_agent": null, 
            "last_updated": "2012-11-06T15:29:15", 
            "email_me": true, 
            "piazza_name": "", 
            "gender": null, 
            "work": null, 
            "time_created": "2012-11-06T15:29:15", 
            "client_ip_first": null, 
            "accept_language_first": null, 
            "user": 45, 
            "piazza_email": "", 
            "referrer": null, 
            "site_data": "", 
            "accept_language": null, 
            "education": null, 
            "user_agent_first": null, 
            "institutions": [], 
            "birth_year": null
        }
    }, 
    {
        "pk": 46, 
        "model": "c2g.userprofile", 
        "fields": {
            "referrer_first": null, 
            "client_ip": null, 
            "user_agent": null, 
            "last_updated": "2012-11-06T15:29:15", 
            "email_me": true, 
            "piazza_name": "", 
            "gender": null, 
            "work": null, 
            "time_created": "2012-11-06T15:29:15", 
            "client_ip_first": null, 
            "accept_language_first": null, 
            "user": 46, 
            "piazza_email": "", 
            "referrer": null, 
            "site_data": "", 
            "accept_language": null, 
            "education": null, 
            "user_agent_first": null, 
            "institutions": [], 
            "birth_year": null
        }
    }, 
    {
        "pk": 47, 
        "model": "c2g.userprofile", 
        "fields": {
            "referrer_first": null, 
            "client_ip": null, 
            "user_agent": null, 
            "last_updated": "2012-11-06T15:29:15", 
            "email_me": true, 
            "piazza_name": "", 
            "gender": null, 
            "work": null, 
            "time_created": "2012-11-06T15:29:15", 
            "client_ip_first": null, 
            "accept_language_first": null, 
            "user": 47, 
            "piazza_email": "", 
            "referrer": null, 
            "site_data": "", 
            "accept_language": null, 
            "education": null, 
            "user_agent_first": null, 
            "institutions": [], 
            "birth_year": null
        }
    }, 
    {
        "pk": 48, 
        "model": "c2g.userprofile", 
        "fields": {
            "referrer_first": null, 
            "client_ip": null, 
            "user_agent": null, 
            "last_updated": "2012-11-06T15:29:16", 
            "email_me": true, 
            "piazza_name": "", 
            "gender": null, 
            "work": null, 
            "time_created": "2012-11-06T15:29:16", 
            "client_ip_first": null, 
            "accept_language_first": null, 
            "user": 48, 
            "piazza_email": "", 
            "referrer": null, 
            "site_data": "", 
            "accept_language": null, 
            "education": null, 
            "user_agent_first": null, 
            "institutions": [], 
            "birth_year": null
        }
    }, 
    {
        "pk": 49, 
        "model": "c2g.userprofile", 
        "fields": {
            "referrer_first": null, 
            "client_ip": null, 
            "user_agent": null, 
            "last_updated": "2012-11-06T15:29:16", 
            "email_me": true, 
            "piazza_name": "", 
            "gender": null, 
            "work": null, 
            "time_created": "2012-11-06T15:29:16", 
            "client_ip_first": null, 
            "accept_language_first": null, 
            "user": 49, 
            "piazza_email": "", 
            "referrer": null, 
            "site_data": "", 
            "accept_language": null, 
            "education": null, 
            "user_agent_first": null, 
            "institutions": [], 
            "birth_year": null
        }
    }, 
    {
        "pk": 50, 
        "model": "c2g.userprofile", 
        "fields": {
            "referrer_first": null, 
            "client_ip": null, 
            "user_agent": null, 
            "last_updated": "2012-11-06T15:29:16", 
            "email_me": true, 
            "piazza_name": "", 
            "gender": null, 
            "work": null, 
            "time_created": "2012-11-06T15:29:16", 
            "client_ip_first": null, 
            "accept_language_first": null, 
            "user": 50, 
            "piazza_email": "", 
            "referrer": null, 
            "site_data": "", 
            "accept_language": null, 
            "education": null, 
            "user_agent_first": null, 
            "institutions": [], 
            "birth_year": null
        }
    }, 
    {
        "pk": 51, 
        "model": "c2g.userprofile", 
        "fields": {
            "referrer_first": null, 
            "client_ip": null, 
            "user_agent": null, 
            "last_updated": "2012-11-06T15:29:16", 
            "email_me": true, 
            "piazza_name": "", 
            "gender": null, 
            "work": null, 
            "time_created": "2012-11-06T15:29:16", 
            "client_ip_first": null, 
            "accept_language_first": null, 
            "user": 51, 
            "piazza_email": "", 
            "referrer": null, 
            "site_data": "", 
            "accept_language": null, 
            "education": null, 
            "user_agent_first": null, 
            "institutions": [], 
            "birth_year": null
        }
    }, 
    {
        "pk": 52, 
        "model": "c2g.userprofile", 
        "fields": {
            "referrer_first": null, 
            "client_ip": null, 
            "user_agent": null, 
            "last_updated": "2012-11-06T15:29:16", 
            "email_me": true, 
            "piazza_name": "", 
            "gender": null, 
            "work": null, 
            "time_created": "2012-11-06T15:29:16", 
            "client_ip_first": null, 
            "accept_language_first": null, 
            "user": 52, 
            "piazza_email": "", 
            "referrer": null, 
            "site_data": "", 
            "accept_language": null, 
            "education": null, 
            "user_agent_first": null, 
            "institutions": [], 
            "birth_year": null
        }
    }, 
    {
        "pk": 53, 
        "model": "c2g.userprofile", 
        "fields": {
            "referrer_first": null, 
            "client_ip": null, 
            "user_agent": null, 
            "last_updated": "2012-11-06T15:29:35", 
            "email_me": true, 
            "piazza_name": "", 
            "gender": null, 
            "work": null, 
            "time_created": "2012-11-06T15:29:35", 
            "client_ip_first": null, 
            "accept_language_first": null, 
            "user": 53, 
            "piazza_email": "", 
            "referrer": null, 
            "site_data": "", 
            "accept_language": null, 
            "education": null, 
            "user_agent_first": null, 
            "institutions": [], 
            "birth_year": null
        }
    }, 
    {
        "pk": 54, 
        "model": "c2g.userprofile", 
        "fields": {
            "referrer_first": null, 
            "client_ip": null, 
            "user_agent": null, 
            "last_updated": "2012-11-06T15:29:35", 
            "email_me": true, 
            "piazza_name": "", 
            "gender": null, 
            "work": null, 
            "time_created": "2012-11-06T15:29:35", 
            "client_ip_first": null, 
            "accept_language_first": null, 
            "user": 54, 
            "piazza_email": "", 
            "referrer": null, 
            "site_data": "", 
            "accept_language": null, 
            "education": null, 
            "user_agent_first": null, 
            "institutions": [], 
            "birth_year": null
        }
    }, 
    {
        "pk": 55, 
        "model": "c2g.userprofile", 
        "fields": {
            "referrer_first": null, 
            "client_ip": null, 
            "user_agent": null, 
            "last_updated": "2012-11-06T15:29:35", 
            "email_me": true, 
            "piazza_name": "", 
            "gender": null, 
            "work": null, 
            "time_created": "2012-11-06T15:29:35", 
            "client_ip_first": null, 
            "accept_language_first": null, 
            "user": 55, 
            "piazza_email": "", 
            "referrer": null, 
            "site_data": "", 
            "accept_language": null, 
            "education": null, 
            "user_agent_first": null, 
            "institutions": [], 
            "birth_year": null
        }
    }, 
    {
        "pk": 56, 
        "model": "c2g.userprofile", 
        "fields": {
            "referrer_first": null, 
            "client_ip": null, 
            "user_agent": null, 
            "last_updated": "2012-11-06T15:29:36", 
            "email_me": true, 
            "piazza_name": "", 
            "gender": null, 
            "work": null, 
            "time_created": "2012-11-06T15:29:36", 
            "client_ip_first": null, 
            "accept_language_first": null, 
            "user": 56, 
            "piazza_email": "", 
            "referrer": null, 
            "site_data": "", 
            "accept_language": null, 
            "education": null, 
            "user_agent_first": null, 
            "institutions": [], 
            "birth_year": null
        }
    }, 
    {
        "pk": 57, 
        "model": "c2g.userprofile", 
        "fields": {
            "referrer_first": null, 
            "client_ip": null, 
            "user_agent": null, 
            "last_updated": "2012-11-06T15:29:36", 
            "email_me": true, 
            "piazza_name": "", 
            "gender": null, 
            "work": null, 
            "time_created": "2012-11-06T15:29:36", 
            "client_ip_first": null, 
            "accept_language_first": null, 
            "user": 57, 
            "piazza_email": "", 
            "referrer": null, 
            "site_data": "", 
            "accept_language": null, 
            "education": null, 
            "user_agent_first": null, 
            "institutions": [], 
            "birth_year": null
        }
    }, 
    {
        "pk": 58, 
        "model": "c2g.userprofile", 
        "fields": {
            "referrer_first": null, 
            "client_ip": null, 
            "user_agent": null, 
            "last_updated": "2012-11-06T15:29:36", 
            "email_me": true, 
            "piazza_name": "", 
            "gender": null, 
            "work": null, 
            "time_created": "2012-11-06T15:29:36", 
            "client_ip_first": null, 
            "accept_language_first": null, 
            "user": 58, 
            "piazza_email": "", 
            "referrer": null, 
            "site_data": "", 
            "accept_language": null, 
            "education": null, 
            "user_agent_first": null, 
            "institutions": [], 
            "birth_year": null
        }
    }, 
    {
        "pk": 1, 
        "model": "c2g.videoactivity", 
        "fields": {
            "course": 1, 
            "video": 2, 
            "student": 13, 
            "start_seconds": 370
        }
    }, 
    {
        "pk": 2, 
        "model": "c2g.videoactivity", 
        "fields": {
            "course": 1, 
            "video": 2, 
            "student": 14, 
            "start_seconds": 372
        }
    }, 
    {
        "pk": 3, 
        "model": "c2g.videoactivity", 
        "fields": {
            "course": 1, 
            "video": 2, 
            "student": 15, 
            "start_seconds": 254
        }
    }, 
    {
        "pk": 4, 
        "model": "c2g.videoactivity", 
        "fields": {
            "course": 1, 
            "video": 2, 
            "student": 16, 
            "start_seconds": 450
        }
    }, 
    {
        "pk": 5, 
        "model": "c2g.videoactivity", 
        "fields": {
            "course": 1, 
            "video": 2, 
            "student": 17, 
            "start_seconds": 705
        }
    }, 
    {
        "pk": 6, 
        "model": "c2g.videoactivity", 
        "fields": {
            "course": 1, 
            "video": 2, 
            "student": 18, 
            "start_seconds": 582
        }
    }, 
    {
        "pk": 7, 
        "model": "c2g.videoactivity", 
        "fields": {
            "course": 1, 
            "video": 2, 
            "student": 19, 
            "start_seconds": 223
        }
    }, 
    {
        "pk": 8, 
        "model": "c2g.videoactivity", 
        "fields": {
            "course": 1, 
            "video": 2, 
            "student": 20, 
            "start_seconds": 437
        }
    }, 
    {
        "pk": 9, 
        "model": "c2g.videoactivity", 
        "fields": {
            "course": 1, 
            "video": 2, 
            "student": 21, 
            "start_seconds": 55
        }
    }, 
    {
        "pk": 10, 
        "model": "c2g.videoactivity", 
        "fields": {
            "course": 1, 
            "video": 2, 
            "student": 22, 
            "start_seconds": 710
        }
    }, 
    {
        "pk": 11, 
        "model": "c2g.videoactivity", 
        "fields": {
            "course": 1, 
            "video": 2, 
            "student": 23, 
            "start_seconds": 353
        }
    }, 
    {
        "pk": 12, 
        "model": "c2g.videoactivity", 
        "fields": {
            "course": 1, 
            "video": 2, 
            "student": 24, 
            "start_seconds": 409
        }
    }, 
    {
        "pk": 13, 
        "model": "c2g.videoactivity", 
        "fields": {
            "course": 1, 
            "video": 2, 
            "student": 25, 
            "start_seconds": 283
        }
    }, 
    {
        "pk": 14, 
        "model": "c2g.videoactivity", 
        "fields": {
            "course": 1, 
            "video": 2, 
            "student": 26, 
            "start_seconds": 712
        }
    }, 
    {
        "pk": 15, 
        "model": "c2g.videoactivity", 
        "fields": {
            "course": 1, 
            "video": 2, 
            "student": 27, 
            "start_seconds": 632
        }
    }, 
    {
        "pk": 16, 
        "model": "c2g.videoactivity", 
        "fields": {
            "course": 1, 
            "video": 2, 
            "student": 28, 
            "start_seconds": 8
        }
    }, 
    {
        "pk": 17, 
        "model": "c2g.videoactivity", 
        "fields": {
            "course": 1, 
            "video": 2, 
            "student": 29, 
            "start_seconds": 180
        }
    }, 
    {
        "pk": 18, 
        "model": "c2g.videoactivity", 
        "fields": {
            "course": 1, 
            "video": 2, 
            "student": 30, 
            "start_seconds": 135
        }
    }, 
    {
        "pk": 19, 
        "model": "c2g.videoactivity", 
        "fields": {
            "course": 1, 
            "video": 2, 
            "student": 31, 
            "start_seconds": 748
        }
    }, 
    {
        "pk": 20, 
        "model": "c2g.videoactivity", 
        "fields": {
            "course": 1, 
            "video": 2, 
            "student": 32, 
            "start_seconds": 330
        }
    }, 
    {
        "pk": 21, 
        "model": "c2g.videoactivity", 
        "fields": {
            "course": 1, 
            "video": 2, 
            "student": 33, 
            "start_seconds": 246
        }
    }, 
    {
        "pk": 22, 
        "model": "c2g.videoactivity", 
        "fields": {
            "course": 1, 
            "video": 2, 
            "student": 34, 
            "start_seconds": 490
        }
    }, 
    {
        "pk": 23, 
        "model": "c2g.videoactivity", 
        "fields": {
            "course": 1, 
            "video": 2, 
            "student": 35, 
            "start_seconds": 520
        }
    }, 
    {
        "pk": 24, 
        "model": "c2g.videoactivity", 
        "fields": {
            "course": 1, 
            "video": 2, 
            "student": 36, 
            "start_seconds": 254
        }
    }, 
    {
        "pk": 25, 
        "model": "c2g.videoactivity", 
        "fields": {
            "course": 1, 
            "video": 2, 
            "student": 37, 
            "start_seconds": 547
        }
    }, 
    {
        "pk": 26, 
        "model": "c2g.videoactivity", 
        "fields": {
            "course": 1, 
            "video": 2, 
            "student": 38, 
            "start_seconds": 750
        }
    }, 
    {
        "pk": 27, 
        "model": "c2g.videoactivity", 
        "fields": {
            "course": 1, 
            "video": 2, 
            "student": 39, 
            "start_seconds": 639
        }
    }, 
    {
        "pk": 28, 
        "model": "c2g.videoactivity", 
        "fields": {
            "course": 1, 
            "video": 2, 
            "student": 40, 
            "start_seconds": 376
        }
    }, 
    {
        "pk": 29, 
        "model": "c2g.videoactivity", 
        "fields": {
            "course": 1, 
            "video": 2, 
            "student": 41, 
            "start_seconds": 135
        }
    }, 
    {
        "pk": 30, 
        "model": "c2g.videoactivity", 
        "fields": {
            "course": 1, 
            "video": 2, 
            "student": 42, 
            "start_seconds": 432
        }
    }, 
    {
        "pk": 31, 
        "model": "c2g.videoactivity", 
        "fields": {
            "course": 1, 
            "video": 2, 
            "student": 43, 
            "start_seconds": 310
        }
    }, 
    {
        "pk": 32, 
        "model": "c2g.videoactivity", 
        "fields": {
            "course": 1, 
            "video": 2, 
            "student": 44, 
            "start_seconds": 701
        }
    }, 
    {
        "pk": 33, 
        "model": "c2g.videoactivity", 
        "fields": {
            "course": 1, 
            "video": 2, 
            "student": 45, 
            "start_seconds": 666
        }
    }, 
    {
        "pk": 34, 
        "model": "c2g.videoactivity", 
        "fields": {
            "course": 1, 
            "video": 2, 
            "student": 46, 
            "start_seconds": 392
        }
    }, 
    {
        "pk": 35, 
        "model": "c2g.videoactivity", 
        "fields": {
            "course": 1, 
            "video": 2, 
            "student": 47, 
            "start_seconds": 750
        }
    }, 
    {
        "pk": 36, 
        "model": "c2g.videoactivity", 
        "fields": {
            "course": 1, 
            "video": 2, 
            "student": 48, 
            "start_seconds": 168
        }
    }, 
    {
        "pk": 37, 
        "model": "c2g.videoactivity", 
        "fields": {
            "course": 1, 
            "video": 2, 
            "student": 49, 
            "start_seconds": 209
        }
    }, 
    {
        "pk": 38, 
        "model": "c2g.videoactivity", 
        "fields": {
            "course": 1, 
            "video": 2, 
            "student": 50, 
            "start_seconds": 344
        }
    }, 
    {
        "pk": 39, 
        "model": "c2g.videoactivity", 
        "fields": {
            "course": 1, 
            "video": 2, 
            "student": 51, 
            "start_seconds": 298
        }
    }, 
    {
        "pk": 40, 
        "model": "c2g.videoactivity", 
        "fields": {
            "course": 1, 
            "video": 4, 
            "student": 13, 
            "start_seconds": 128
        }
    }, 
    {
        "pk": 41, 
        "model": "c2g.videoactivity", 
        "fields": {
            "course": 1, 
            "video": 4, 
            "student": 14, 
            "start_seconds": 614
        }
    }, 
    {
        "pk": 42, 
        "model": "c2g.videoactivity", 
        "fields": {
            "course": 1, 
            "video": 4, 
            "student": 15, 
            "start_seconds": 200
        }
    }, 
    {
        "pk": 43, 
        "model": "c2g.videoactivity", 
        "fields": {
            "course": 1, 
            "video": 4, 
            "student": 16, 
            "start_seconds": 219
        }
    }, 
    {
        "pk": 44, 
        "model": "c2g.videoactivity", 
        "fields": {
            "course": 1, 
            "video": 4, 
            "student": 17, 
            "start_seconds": 272
        }
    }, 
    {
        "pk": 45, 
        "model": "c2g.videoactivity", 
        "fields": {
            "course": 1, 
            "video": 4, 
            "student": 18, 
            "start_seconds": 317
        }
    }, 
    {
        "pk": 46, 
        "model": "c2g.videoactivity", 
        "fields": {
            "course": 1, 
            "video": 4, 
            "student": 19, 
            "start_seconds": 595
        }
    }, 
    {
        "pk": 47, 
        "model": "c2g.videoactivity", 
        "fields": {
            "course": 1, 
            "video": 4, 
            "student": 20, 
            "start_seconds": 161
        }
    }, 
    {
        "pk": 48, 
        "model": "c2g.videoactivity", 
        "fields": {
            "course": 1, 
            "video": 4, 
            "student": 21, 
            "start_seconds": 436
        }
    }, 
    {
        "pk": 49, 
        "model": "c2g.videoactivity", 
        "fields": {
            "course": 1, 
            "video": 4, 
            "student": 22, 
            "start_seconds": 519
        }
    }, 
    {
        "pk": 50, 
        "model": "c2g.videoactivity", 
        "fields": {
            "course": 1, 
            "video": 4, 
            "student": 23, 
            "start_seconds": 675
        }
    }, 
    {
        "pk": 51, 
        "model": "c2g.videoactivity", 
        "fields": {
            "course": 1, 
            "video": 4, 
            "student": 24, 
            "start_seconds": 469
        }
    }, 
    {
        "pk": 52, 
        "model": "c2g.videoactivity", 
        "fields": {
            "course": 1, 
            "video": 4, 
            "student": 25, 
            "start_seconds": 242
        }
    }, 
    {
        "pk": 53, 
        "model": "c2g.videoactivity", 
        "fields": {
            "course": 1, 
            "video": 4, 
            "student": 26, 
            "start_seconds": 403
        }
    }, 
    {
        "pk": 54, 
        "model": "c2g.videoactivity", 
        "fields": {
            "course": 1, 
            "video": 4, 
            "student": 27, 
            "start_seconds": 313
        }
    }, 
    {
        "pk": 55, 
        "model": "c2g.videoactivity", 
        "fields": {
            "course": 1, 
            "video": 4, 
            "student": 28, 
            "start_seconds": 104
        }
    }, 
    {
        "pk": 56, 
        "model": "c2g.videoactivity", 
        "fields": {
            "course": 1, 
            "video": 4, 
            "student": 29, 
            "start_seconds": 157
        }
    }, 
    {
        "pk": 57, 
        "model": "c2g.videoactivity", 
        "fields": {
            "course": 1, 
            "video": 4, 
            "student": 30, 
            "start_seconds": 271
        }
    }, 
    {
        "pk": 58, 
        "model": "c2g.videoactivity", 
        "fields": {
            "course": 1, 
            "video": 4, 
            "student": 31, 
            "start_seconds": 199
        }
    }, 
    {
        "pk": 59, 
        "model": "c2g.videoactivity", 
        "fields": {
            "course": 1, 
            "video": 4, 
            "student": 32, 
            "start_seconds": 67
        }
    }, 
    {
        "pk": 60, 
        "model": "c2g.videoactivity", 
        "fields": {
            "course": 1, 
            "video": 4, 
            "student": 33, 
            "start_seconds": 1
        }
    }, 
    {
        "pk": 61, 
        "model": "c2g.videoactivity", 
        "fields": {
            "course": 1, 
            "video": 4, 
            "student": 34, 
            "start_seconds": 513
        }
    }, 
    {
        "pk": 62, 
        "model": "c2g.videoactivity", 
        "fields": {
            "course": 1, 
            "video": 4, 
            "student": 35, 
            "start_seconds": 229
        }
    }, 
    {
        "pk": 63, 
        "model": "c2g.videoactivity", 
        "fields": {
            "course": 1, 
            "video": 4, 
            "student": 36, 
            "start_seconds": 555
        }
    }, 
    {
        "pk": 64, 
        "model": "c2g.videoactivity", 
        "fields": {
            "course": 1, 
            "video": 4, 
            "student": 37, 
            "start_seconds": 70
        }
    }, 
    {
        "pk": 65, 
        "model": "c2g.videoactivity", 
        "fields": {
            "course": 1, 
            "video": 4, 
            "student": 38, 
            "start_seconds": 526
        }
    }, 
    {
        "pk": 66, 
        "model": "c2g.videoactivity", 
        "fields": {
            "course": 1, 
            "video": 4, 
            "student": 39, 
            "start_seconds": 367
        }
    }, 
    {
        "pk": 67, 
        "model": "c2g.videoactivity", 
        "fields": {
            "course": 1, 
            "video": 4, 
            "student": 40, 
            "start_seconds": 204
        }
    }, 
    {
        "pk": 68, 
        "model": "c2g.videoactivity", 
        "fields": {
            "course": 1, 
            "video": 4, 
            "student": 41, 
            "start_seconds": 445
        }
    }, 
    {
        "pk": 69, 
        "model": "c2g.videoactivity", 
        "fields": {
            "course": 1, 
            "video": 4, 
            "student": 42, 
            "start_seconds": 511
        }
    }, 
    {
        "pk": 70, 
        "model": "c2g.videoactivity", 
        "fields": {
            "course": 1, 
            "video": 4, 
            "student": 43, 
            "start_seconds": 26
        }
    }, 
    {
        "pk": 71, 
        "model": "c2g.videoactivity", 
        "fields": {
            "course": 1, 
            "video": 4, 
            "student": 44, 
            "start_seconds": 566
        }
    }, 
    {
        "pk": 72, 
        "model": "c2g.videoactivity", 
        "fields": {
            "course": 1, 
            "video": 4, 
            "student": 45, 
            "start_seconds": 323
        }
    }, 
    {
        "pk": 73, 
        "model": "c2g.videoactivity", 
        "fields": {
            "course": 1, 
            "video": 4, 
            "student": 46, 
            "start_seconds": 596
        }
    }, 
    {
        "pk": 74, 
        "model": "c2g.videoactivity", 
        "fields": {
            "course": 1, 
            "video": 4, 
            "student": 47, 
            "start_seconds": 503
        }
    }, 
    {
        "pk": 75, 
        "model": "c2g.videoactivity", 
        "fields": {
            "course": 1, 
            "video": 4, 
            "student": 48, 
            "start_seconds": 524
        }
    }, 
    {
        "pk": 76, 
        "model": "c2g.videoactivity", 
        "fields": {
            "course": 1, 
            "video": 4, 
            "student": 49, 
            "start_seconds": 311
        }
    }, 
    {
        "pk": 77, 
        "model": "c2g.videoactivity", 
        "fields": {
            "course": 1, 
            "video": 4, 
            "student": 50, 
            "start_seconds": 221
        }
    }, 
    {
        "pk": 78, 
        "model": "c2g.videoactivity", 
        "fields": {
            "course": 1, 
            "video": 4, 
            "student": 51, 
            "start_seconds": 504
        }
    }, 
    {
        "pk": 79, 
        "model": "c2g.videoactivity", 
        "fields": {
            "course": 1, 
            "video": 6, 
            "student": 13, 
            "start_seconds": 14
        }
    }, 
    {
        "pk": 80, 
        "model": "c2g.videoactivity", 
        "fields": {
            "course": 1, 
            "video": 6, 
            "student": 14, 
            "start_seconds": 247
        }
    }, 
    {
        "pk": 81, 
        "model": "c2g.videoactivity", 
        "fields": {
            "course": 1, 
            "video": 6, 
            "student": 15, 
            "start_seconds": 350
        }
    }, 
    {
        "pk": 82, 
        "model": "c2g.videoactivity", 
        "fields": {
            "course": 1, 
            "video": 6, 
            "student": 16, 
            "start_seconds": 338
        }
    }, 
    {
        "pk": 83, 
        "model": "c2g.videoactivity", 
        "fields": {
            "course": 1, 
            "video": 6, 
            "student": 17, 
            "start_seconds": 47
        }
    }, 
    {
        "pk": 84, 
        "model": "c2g.videoactivity", 
        "fields": {
            "course": 1, 
            "video": 6, 
            "student": 18, 
            "start_seconds": 337
        }
    }, 
    {
        "pk": 85, 
        "model": "c2g.videoactivity", 
        "fields": {
            "course": 1, 
            "video": 6, 
            "student": 19, 
            "start_seconds": 99
        }
    }, 
    {
        "pk": 86, 
        "model": "c2g.videoactivity", 
        "fields": {
            "course": 1, 
            "video": 6, 
            "student": 20, 
            "start_seconds": 183
        }
    }, 
    {
        "pk": 87, 
        "model": "c2g.videoactivity", 
        "fields": {
            "course": 1, 
            "video": 6, 
            "student": 21, 
            "start_seconds": 90
        }
    }, 
    {
        "pk": 88, 
        "model": "c2g.videoactivity", 
        "fields": {
            "course": 1, 
            "video": 6, 
            "student": 22, 
            "start_seconds": 354
        }
    }, 
    {
        "pk": 89, 
        "model": "c2g.videoactivity", 
        "fields": {
            "course": 1, 
            "video": 6, 
            "student": 23, 
            "start_seconds": 91
        }
    }, 
    {
        "pk": 90, 
        "model": "c2g.videoactivity", 
        "fields": {
            "course": 1, 
            "video": 6, 
            "student": 24, 
            "start_seconds": 81
        }
    }, 
    {
        "pk": 91, 
        "model": "c2g.videoactivity", 
        "fields": {
            "course": 1, 
            "video": 6, 
            "student": 25, 
            "start_seconds": 89
        }
    }, 
    {
        "pk": 92, 
        "model": "c2g.videoactivity", 
        "fields": {
            "course": 1, 
            "video": 6, 
            "student": 26, 
            "start_seconds": 90
        }
    }, 
    {
        "pk": 93, 
        "model": "c2g.videoactivity", 
        "fields": {
            "course": 1, 
            "video": 6, 
            "student": 27, 
            "start_seconds": 335
        }
    }, 
    {
        "pk": 94, 
        "model": "c2g.videoactivity", 
        "fields": {
            "course": 1, 
            "video": 6, 
            "student": 28, 
            "start_seconds": 157
        }
    }, 
    {
        "pk": 95, 
        "model": "c2g.videoactivity", 
        "fields": {
            "course": 1, 
            "video": 6, 
            "student": 29, 
            "start_seconds": 249
        }
    }, 
    {
        "pk": 96, 
        "model": "c2g.videoactivity", 
        "fields": {
            "course": 1, 
            "video": 6, 
            "student": 30, 
            "start_seconds": 179
        }
    }, 
    {
        "pk": 97, 
        "model": "c2g.videoactivity", 
        "fields": {
            "course": 1, 
            "video": 6, 
            "student": 31, 
            "start_seconds": 344
        }
    }, 
    {
        "pk": 98, 
        "model": "c2g.videoactivity", 
        "fields": {
            "course": 1, 
            "video": 6, 
            "student": 32, 
            "start_seconds": 171
        }
    }, 
    {
        "pk": 99, 
        "model": "c2g.videoactivity", 
        "fields": {
            "course": 1, 
            "video": 6, 
            "student": 33, 
            "start_seconds": 60
        }
    }, 
    {
        "pk": 100, 
        "model": "c2g.videoactivity", 
        "fields": {
            "course": 1, 
            "video": 6, 
            "student": 34, 
            "start_seconds": 147
        }
    }, 
    {
        "pk": 101, 
        "model": "c2g.videoactivity", 
        "fields": {
            "course": 1, 
            "video": 6, 
            "student": 35, 
            "start_seconds": 257
        }
    }, 
    {
        "pk": 102, 
        "model": "c2g.videoactivity", 
        "fields": {
            "course": 1, 
            "video": 6, 
            "student": 36, 
            "start_seconds": 5
        }
    }, 
    {
        "pk": 103, 
        "model": "c2g.videoactivity", 
        "fields": {
            "course": 1, 
            "video": 6, 
            "student": 37, 
            "start_seconds": 359
        }
    }, 
    {
        "pk": 104, 
        "model": "c2g.videoactivity", 
        "fields": {
            "course": 1, 
            "video": 6, 
            "student": 38, 
            "start_seconds": 314
        }
    }, 
    {
        "pk": 105, 
        "model": "c2g.videoactivity", 
        "fields": {
            "course": 1, 
            "video": 6, 
            "student": 39, 
            "start_seconds": 79
        }
    }, 
    {
        "pk": 106, 
        "model": "c2g.videoactivity", 
        "fields": {
            "course": 1, 
            "video": 6, 
            "student": 40, 
            "start_seconds": 43
        }
    }, 
    {
        "pk": 107, 
        "model": "c2g.videoactivity", 
        "fields": {
            "course": 1, 
            "video": 6, 
            "student": 41, 
            "start_seconds": 300
        }
    }, 
    {
        "pk": 108, 
        "model": "c2g.videoactivity", 
        "fields": {
            "course": 1, 
            "video": 6, 
            "student": 42, 
            "start_seconds": 172
        }
    }, 
    {
        "pk": 109, 
        "model": "c2g.videoactivity", 
        "fields": {
            "course": 1, 
            "video": 6, 
            "student": 43, 
            "start_seconds": 136
        }
    }, 
    {
        "pk": 110, 
        "model": "c2g.videoactivity", 
        "fields": {
            "course": 1, 
            "video": 6, 
            "student": 44, 
            "start_seconds": 269
        }
    }, 
    {
        "pk": 111, 
        "model": "c2g.videoactivity", 
        "fields": {
            "course": 1, 
            "video": 6, 
            "student": 45, 
            "start_seconds": 231
        }
    }, 
    {
        "pk": 112, 
        "model": "c2g.videoactivity", 
        "fields": {
            "course": 1, 
            "video": 6, 
            "student": 46, 
            "start_seconds": 362
        }
    }, 
    {
        "pk": 113, 
        "model": "c2g.videoactivity", 
        "fields": {
            "course": 1, 
            "video": 6, 
            "student": 47, 
            "start_seconds": 12
        }
    }, 
    {
        "pk": 114, 
        "model": "c2g.videoactivity", 
        "fields": {
            "course": 1, 
            "video": 6, 
            "student": 48, 
            "start_seconds": 231
        }
    }, 
    {
        "pk": 115, 
        "model": "c2g.videoactivity", 
        "fields": {
            "course": 1, 
            "video": 6, 
            "student": 49, 
            "start_seconds": 138
        }
    }, 
    {
        "pk": 116, 
        "model": "c2g.videoactivity", 
        "fields": {
            "course": 1, 
            "video": 6, 
            "student": 50, 
            "start_seconds": 159
        }
    }, 
    {
        "pk": 117, 
        "model": "c2g.videoactivity", 
        "fields": {
            "course": 1, 
            "video": 6, 
            "student": 51, 
            "start_seconds": 286
        }
    }, 
    {
        "pk": 118, 
        "model": "c2g.videoactivity", 
        "fields": {
            "course": 1, 
            "video": 8, 
            "student": 13, 
            "start_seconds": 771
        }
    }, 
    {
        "pk": 119, 
        "model": "c2g.videoactivity", 
        "fields": {
            "course": 1, 
            "video": 8, 
            "student": 14, 
            "start_seconds": 789
        }
    }, 
    {
        "pk": 120, 
        "model": "c2g.videoactivity", 
        "fields": {
            "course": 1, 
            "video": 8, 
            "student": 15, 
            "start_seconds": 66
        }
    }, 
    {
        "pk": 121, 
        "model": "c2g.videoactivity", 
        "fields": {
            "course": 1, 
            "video": 8, 
            "student": 16, 
            "start_seconds": 593
        }
    }, 
    {
        "pk": 122, 
        "model": "c2g.videoactivity", 
        "fields": {
            "course": 1, 
            "video": 8, 
            "student": 17, 
            "start_seconds": 629
        }
    }, 
    {
        "pk": 123, 
        "model": "c2g.videoactivity", 
        "fields": {
            "course": 1, 
            "video": 8, 
            "student": 18, 
            "start_seconds": 194
        }
    }, 
    {
        "pk": 124, 
        "model": "c2g.videoactivity", 
        "fields": {
            "course": 1, 
            "video": 8, 
            "student": 19, 
            "start_seconds": 116
        }
    }, 
    {
        "pk": 125, 
        "model": "c2g.videoactivity", 
        "fields": {
            "course": 1, 
            "video": 8, 
            "student": 20, 
            "start_seconds": 87
        }
    }, 
    {
        "pk": 126, 
        "model": "c2g.videoactivity", 
        "fields": {
            "course": 1, 
            "video": 8, 
            "student": 21, 
            "start_seconds": 457
        }
    }, 
    {
        "pk": 127, 
        "model": "c2g.videoactivity", 
        "fields": {
            "course": 1, 
            "video": 8, 
            "student": 22, 
            "start_seconds": 142
        }
    }, 
    {
        "pk": 128, 
        "model": "c2g.videoactivity", 
        "fields": {
            "course": 1, 
            "video": 8, 
            "student": 23, 
            "start_seconds": 821
        }
    }, 
    {
        "pk": 129, 
        "model": "c2g.videoactivity", 
        "fields": {
            "course": 1, 
            "video": 8, 
            "student": 24, 
            "start_seconds": 202
        }
    }, 
    {
        "pk": 130, 
        "model": "c2g.videoactivity", 
        "fields": {
            "course": 1, 
            "video": 8, 
            "student": 25, 
            "start_seconds": 835
        }
    }, 
    {
        "pk": 131, 
        "model": "c2g.videoactivity", 
        "fields": {
            "course": 1, 
            "video": 8, 
            "student": 26, 
            "start_seconds": 732
        }
    }, 
    {
        "pk": 132, 
        "model": "c2g.videoactivity", 
        "fields": {
            "course": 1, 
            "video": 8, 
            "student": 27, 
            "start_seconds": 257
        }
    }, 
    {
        "pk": 133, 
        "model": "c2g.videoactivity", 
        "fields": {
            "course": 1, 
            "video": 8, 
            "student": 28, 
            "start_seconds": 72
        }
    }, 
    {
        "pk": 134, 
        "model": "c2g.videoactivity", 
        "fields": {
            "course": 1, 
            "video": 8, 
            "student": 29, 
            "start_seconds": 201
        }
    }, 
    {
        "pk": 135, 
        "model": "c2g.videoactivity", 
        "fields": {
            "course": 1, 
            "video": 8, 
            "student": 30, 
            "start_seconds": 720
        }
    }, 
    {
        "pk": 136, 
        "model": "c2g.videoactivity", 
        "fields": {
            "course": 1, 
            "video": 8, 
            "student": 31, 
            "start_seconds": 811
        }
    }, 
    {
        "pk": 137, 
        "model": "c2g.videoactivity", 
        "fields": {
            "course": 1, 
            "video": 8, 
            "student": 32, 
            "start_seconds": 701
        }
    }, 
    {
        "pk": 138, 
        "model": "c2g.videoactivity", 
        "fields": {
            "course": 1, 
            "video": 8, 
            "student": 33, 
            "start_seconds": 849
        }
    }, 
    {
        "pk": 139, 
        "model": "c2g.videoactivity", 
        "fields": {
            "course": 1, 
            "video": 8, 
            "student": 34, 
            "start_seconds": 770
        }
    }, 
    {
        "pk": 140, 
        "model": "c2g.videoactivity", 
        "fields": {
            "course": 1, 
            "video": 8, 
            "student": 35, 
            "start_seconds": 614
        }
    }, 
    {
        "pk": 141, 
        "model": "c2g.videoactivity", 
        "fields": {
            "course": 1, 
            "video": 8, 
            "student": 36, 
            "start_seconds": 782
        }
    }, 
    {
        "pk": 142, 
        "model": "c2g.videoactivity", 
        "fields": {
            "course": 1, 
            "video": 8, 
            "student": 37, 
            "start_seconds": 539
        }
    }, 
    {
        "pk": 143, 
        "model": "c2g.videoactivity", 
        "fields": {
            "course": 1, 
            "video": 8, 
            "student": 38, 
            "start_seconds": 190
        }
    }, 
    {
        "pk": 144, 
        "model": "c2g.videoactivity", 
        "fields": {
            "course": 1, 
            "video": 8, 
            "student": 39, 
            "start_seconds": 701
        }
    }, 
    {
        "pk": 145, 
        "model": "c2g.videoactivity", 
        "fields": {
            "course": 1, 
            "video": 8, 
            "student": 40, 
            "start_seconds": 529
        }
    }, 
    {
        "pk": 146, 
        "model": "c2g.videoactivity", 
        "fields": {
            "course": 1, 
            "video": 8, 
            "student": 41, 
            "start_seconds": 288
        }
    }, 
    {
        "pk": 147, 
        "model": "c2g.videoactivity", 
        "fields": {
            "course": 1, 
            "video": 8, 
            "student": 42, 
            "start_seconds": 27
        }
    }, 
    {
        "pk": 148, 
        "model": "c2g.videoactivity", 
        "fields": {
            "course": 1, 
            "video": 8, 
            "student": 43, 
            "start_seconds": 729
        }
    }, 
    {
        "pk": 149, 
        "model": "c2g.videoactivity", 
        "fields": {
            "course": 1, 
            "video": 8, 
            "student": 44, 
            "start_seconds": 566
        }
    }, 
    {
        "pk": 150, 
        "model": "c2g.videoactivity", 
        "fields": {
            "course": 1, 
            "video": 8, 
            "student": 45, 
            "start_seconds": 355
        }
    }, 
    {
        "pk": 151, 
        "model": "c2g.videoactivity", 
        "fields": {
            "course": 1, 
            "video": 8, 
            "student": 46, 
            "start_seconds": 82
        }
    }, 
    {
        "pk": 152, 
        "model": "c2g.videoactivity", 
        "fields": {
            "course": 1, 
            "video": 8, 
            "student": 47, 
            "start_seconds": 708
        }
    }, 
    {
        "pk": 153, 
        "model": "c2g.videoactivity", 
        "fields": {
            "course": 1, 
            "video": 8, 
            "student": 48, 
            "start_seconds": 161
        }
    }, 
    {
        "pk": 154, 
        "model": "c2g.videoactivity", 
        "fields": {
            "course": 1, 
            "video": 8, 
            "student": 49, 
            "start_seconds": 485
        }
    }, 
    {
        "pk": 155, 
        "model": "c2g.videoactivity", 
        "fields": {
            "course": 1, 
            "video": 8, 
            "student": 50, 
            "start_seconds": 556
        }
    }, 
    {
        "pk": 156, 
        "model": "c2g.videoactivity", 
        "fields": {
            "course": 1, 
            "video": 8, 
            "student": 51, 
            "start_seconds": 340
        }
    }, 
    {
        "pk": 157, 
        "model": "c2g.videoactivity", 
        "fields": {
            "course": 1, 
            "video": 10, 
            "student": 13, 
            "start_seconds": 422
        }
    }, 
    {
        "pk": 158, 
        "model": "c2g.videoactivity", 
        "fields": {
            "course": 1, 
            "video": 10, 
            "student": 14, 
            "start_seconds": 380
        }
    }, 
    {
        "pk": 159, 
        "model": "c2g.videoactivity", 
        "fields": {
            "course": 1, 
            "video": 10, 
            "student": 15, 
            "start_seconds": 296
        }
    }, 
    {
        "pk": 160, 
        "model": "c2g.videoactivity", 
        "fields": {
            "course": 1, 
            "video": 10, 
            "student": 16, 
            "start_seconds": 81
        }
    }, 
    {
        "pk": 161, 
        "model": "c2g.videoactivity", 
        "fields": {
            "course": 1, 
            "video": 10, 
            "student": 17, 
            "start_seconds": 201
        }
    }, 
    {
        "pk": 162, 
        "model": "c2g.videoactivity", 
        "fields": {
            "course": 1, 
            "video": 10, 
            "student": 18, 
            "start_seconds": 16
        }
    }, 
    {
        "pk": 163, 
        "model": "c2g.videoactivity", 
        "fields": {
            "course": 1, 
            "video": 10, 
            "student": 19, 
            "start_seconds": 411
        }
    }, 
    {
        "pk": 164, 
        "model": "c2g.videoactivity", 
        "fields": {
            "course": 1, 
            "video": 10, 
            "student": 20, 
            "start_seconds": 231
        }
    }, 
    {
        "pk": 165, 
        "model": "c2g.videoactivity", 
        "fields": {
            "course": 1, 
            "video": 10, 
            "student": 21, 
            "start_seconds": 353
        }
    }, 
    {
        "pk": 166, 
        "model": "c2g.videoactivity", 
        "fields": {
            "course": 1, 
            "video": 10, 
            "student": 22, 
            "start_seconds": 100
        }
    }, 
    {
        "pk": 167, 
        "model": "c2g.videoactivity", 
        "fields": {
            "course": 1, 
            "video": 10, 
            "student": 23, 
            "start_seconds": 122
        }
    }, 
    {
        "pk": 168, 
        "model": "c2g.videoactivity", 
        "fields": {
            "course": 1, 
            "video": 10, 
            "student": 24, 
            "start_seconds": 244
        }
    }, 
    {
        "pk": 169, 
        "model": "c2g.videoactivity", 
        "fields": {
            "course": 1, 
            "video": 10, 
            "student": 25, 
            "start_seconds": 385
        }
    }, 
    {
        "pk": 170, 
        "model": "c2g.videoactivity", 
        "fields": {
            "course": 1, 
            "video": 10, 
            "student": 26, 
            "start_seconds": 168
        }
    }, 
    {
        "pk": 171, 
        "model": "c2g.videoactivity", 
        "fields": {
            "course": 1, 
            "video": 10, 
            "student": 27, 
            "start_seconds": 33
        }
    }, 
    {
        "pk": 172, 
        "model": "c2g.videoactivity", 
        "fields": {
            "course": 1, 
            "video": 10, 
            "student": 28, 
            "start_seconds": 120
        }
    }, 
    {
        "pk": 173, 
        "model": "c2g.videoactivity", 
        "fields": {
            "course": 1, 
            "video": 10, 
            "student": 29, 
            "start_seconds": 281
        }
    }, 
    {
        "pk": 174, 
        "model": "c2g.videoactivity", 
        "fields": {
            "course": 1, 
            "video": 10, 
            "student": 30, 
            "start_seconds": 26
        }
    }, 
    {
        "pk": 175, 
        "model": "c2g.videoactivity", 
        "fields": {
            "course": 1, 
            "video": 10, 
            "student": 31, 
            "start_seconds": 175
        }
    }, 
    {
        "pk": 176, 
        "model": "c2g.videoactivity", 
        "fields": {
            "course": 1, 
            "video": 10, 
            "student": 32, 
            "start_seconds": 228
        }
    }, 
    {
        "pk": 177, 
        "model": "c2g.videoactivity", 
        "fields": {
            "course": 1, 
            "video": 10, 
            "student": 33, 
            "start_seconds": 358
        }
    }, 
    {
        "pk": 178, 
        "model": "c2g.videoactivity", 
        "fields": {
            "course": 1, 
            "video": 10, 
            "student": 34, 
            "start_seconds": 73
        }
    }, 
    {
        "pk": 179, 
        "model": "c2g.videoactivity", 
        "fields": {
            "course": 1, 
            "video": 10, 
            "student": 35, 
            "start_seconds": 211
        }
    }, 
    {
        "pk": 180, 
        "model": "c2g.videoactivity", 
        "fields": {
            "course": 1, 
            "video": 10, 
            "student": 36, 
            "start_seconds": 302
        }
    }, 
    {
        "pk": 181, 
        "model": "c2g.videoactivity", 
        "fields": {
            "course": 1, 
            "video": 10, 
            "student": 37, 
            "start_seconds": 128
        }
    }, 
    {
        "pk": 182, 
        "model": "c2g.videoactivity", 
        "fields": {
            "course": 1, 
            "video": 10, 
            "student": 38, 
            "start_seconds": 263
        }
    }, 
    {
        "pk": 183, 
        "model": "c2g.videoactivity", 
        "fields": {
            "course": 1, 
            "video": 10, 
            "student": 39, 
            "start_seconds": 314
        }
    }, 
    {
        "pk": 184, 
        "model": "c2g.videoactivity", 
        "fields": {
            "course": 1, 
            "video": 10, 
            "student": 40, 
            "start_seconds": 77
        }
    }, 
    {
        "pk": 185, 
        "model": "c2g.videoactivity", 
        "fields": {
            "course": 1, 
            "video": 10, 
            "student": 41, 
            "start_seconds": 239
        }
    }, 
    {
        "pk": 186, 
        "model": "c2g.videoactivity", 
        "fields": {
            "course": 1, 
            "video": 10, 
            "student": 42, 
            "start_seconds": 213
        }
    }, 
    {
        "pk": 187, 
        "model": "c2g.videoactivity", 
        "fields": {
            "course": 1, 
            "video": 10, 
            "student": 43, 
            "start_seconds": 320
        }
    }, 
    {
        "pk": 188, 
        "model": "c2g.videoactivity", 
        "fields": {
            "course": 1, 
            "video": 10, 
            "student": 44, 
            "start_seconds": 28
        }
    }, 
    {
        "pk": 189, 
        "model": "c2g.videoactivity", 
        "fields": {
            "course": 1, 
            "video": 10, 
            "student": 45, 
            "start_seconds": 368
        }
    }, 
    {
        "pk": 190, 
        "model": "c2g.videoactivity", 
        "fields": {
            "course": 1, 
            "video": 10, 
            "student": 46, 
            "start_seconds": 407
        }
    }, 
    {
        "pk": 191, 
        "model": "c2g.videoactivity", 
        "fields": {
            "course": 1, 
            "video": 10, 
            "student": 47, 
            "start_seconds": 295
        }
    }, 
    {
        "pk": 192, 
        "model": "c2g.videoactivity", 
        "fields": {
            "course": 1, 
            "video": 10, 
            "student": 48, 
            "start_seconds": 371
        }
    }, 
    {
        "pk": 193, 
        "model": "c2g.videoactivity", 
        "fields": {
            "course": 1, 
            "video": 10, 
            "student": 49, 
            "start_seconds": 407
        }
    }, 
    {
        "pk": 194, 
        "model": "c2g.videoactivity", 
        "fields": {
            "course": 1, 
            "video": 10, 
            "student": 50, 
            "start_seconds": 275
        }
    }, 
    {
        "pk": 195, 
        "model": "c2g.videoactivity", 
        "fields": {
            "course": 1, 
            "video": 10, 
            "student": 51, 
            "start_seconds": 179
        }
    }, 
    {
        "pk": 196, 
        "model": "c2g.videoactivity", 
        "fields": {
            "course": 1, 
            "video": 12, 
            "student": 13, 
            "start_seconds": 331
        }
    }, 
    {
        "pk": 197, 
        "model": "c2g.videoactivity", 
        "fields": {
            "course": 1, 
            "video": 12, 
            "student": 14, 
            "start_seconds": 266
        }
    }, 
    {
        "pk": 198, 
        "model": "c2g.videoactivity", 
        "fields": {
            "course": 1, 
            "video": 12, 
            "student": 15, 
            "start_seconds": 67
        }
    }, 
    {
        "pk": 199, 
        "model": "c2g.videoactivity", 
        "fields": {
            "course": 1, 
            "video": 12, 
            "student": 16, 
            "start_seconds": 32
        }
    }, 
    {
        "pk": 200, 
        "model": "c2g.videoactivity", 
        "fields": {
            "course": 1, 
            "video": 12, 
            "student": 17, 
            "start_seconds": 80
        }
    }, 
    {
        "pk": 201, 
        "model": "c2g.videoactivity", 
        "fields": {
            "course": 1, 
            "video": 12, 
            "student": 18, 
            "start_seconds": 32
        }
    }, 
    {
        "pk": 202, 
        "model": "c2g.videoactivity", 
        "fields": {
            "course": 1, 
            "video": 12, 
            "student": 19, 
            "start_seconds": 72
        }
    }, 
    {
        "pk": 203, 
        "model": "c2g.videoactivity", 
        "fields": {
            "course": 1, 
            "video": 12, 
            "student": 20, 
            "start_seconds": 295
        }
    }, 
    {
        "pk": 204, 
        "model": "c2g.videoactivity", 
        "fields": {
            "course": 1, 
            "video": 12, 
            "student": 21, 
            "start_seconds": 251
        }
    }, 
    {
        "pk": 205, 
        "model": "c2g.videoactivity", 
        "fields": {
            "course": 1, 
            "video": 12, 
            "student": 22, 
            "start_seconds": 304
        }
    }, 
    {
        "pk": 206, 
        "model": "c2g.videoactivity", 
        "fields": {
            "course": 1, 
            "video": 12, 
            "student": 23, 
            "start_seconds": 316
        }
    }, 
    {
        "pk": 207, 
        "model": "c2g.videoactivity", 
        "fields": {
            "course": 1, 
            "video": 12, 
            "student": 24, 
            "start_seconds": 28
        }
    }, 
    {
        "pk": 208, 
        "model": "c2g.videoactivity", 
        "fields": {
            "course": 1, 
            "video": 12, 
            "student": 25, 
            "start_seconds": 69
        }
    }, 
    {
        "pk": 209, 
        "model": "c2g.videoactivity", 
        "fields": {
            "course": 1, 
            "video": 12, 
            "student": 26, 
            "start_seconds": 114
        }
    }, 
    {
        "pk": 210, 
        "model": "c2g.videoactivity", 
        "fields": {
            "course": 1, 
            "video": 12, 
            "student": 27, 
            "start_seconds": 326
        }
    }, 
    {
        "pk": 211, 
        "model": "c2g.videoactivity", 
        "fields": {
            "course": 1, 
            "video": 12, 
            "student": 28, 
            "start_seconds": 139
        }
    }, 
    {
        "pk": 212, 
        "model": "c2g.videoactivity", 
        "fields": {
            "course": 1, 
            "video": 12, 
            "student": 29, 
            "start_seconds": 335
        }
    }, 
    {
        "pk": 213, 
        "model": "c2g.videoactivity", 
        "fields": {
            "course": 1, 
            "video": 12, 
            "student": 30, 
            "start_seconds": 124
        }
    }, 
    {
        "pk": 214, 
        "model": "c2g.videoactivity", 
        "fields": {
            "course": 1, 
            "video": 12, 
            "student": 31, 
            "start_seconds": 172
        }
    }, 
    {
        "pk": 215, 
        "model": "c2g.videoactivity", 
        "fields": {
            "course": 1, 
            "video": 12, 
            "student": 32, 
            "start_seconds": 64
        }
    }, 
    {
        "pk": 216, 
        "model": "c2g.videoactivity", 
        "fields": {
            "course": 1, 
            "video": 12, 
            "student": 33, 
            "start_seconds": 257
        }
    }, 
    {
        "pk": 217, 
        "model": "c2g.videoactivity", 
        "fields": {
            "course": 1, 
            "video": 12, 
            "student": 34, 
            "start_seconds": 203
        }
    }, 
    {
        "pk": 218, 
        "model": "c2g.videoactivity", 
        "fields": {
            "course": 1, 
            "video": 12, 
            "student": 35, 
            "start_seconds": 211
        }
    }, 
    {
        "pk": 219, 
        "model": "c2g.videoactivity", 
        "fields": {
            "course": 1, 
            "video": 12, 
            "student": 36, 
            "start_seconds": 49
        }
    }, 
    {
        "pk": 220, 
        "model": "c2g.videoactivity", 
        "fields": {
            "course": 1, 
            "video": 12, 
            "student": 37, 
            "start_seconds": 305
        }
    }, 
    {
        "pk": 221, 
        "model": "c2g.videoactivity", 
        "fields": {
            "course": 1, 
            "video": 12, 
            "student": 38, 
            "start_seconds": 257
        }
    }, 
    {
        "pk": 222, 
        "model": "c2g.videoactivity", 
        "fields": {
            "course": 1, 
            "video": 12, 
            "student": 39, 
            "start_seconds": 104
        }
    }, 
    {
        "pk": 223, 
        "model": "c2g.videoactivity", 
        "fields": {
            "course": 1, 
            "video": 12, 
            "student": 40, 
            "start_seconds": 107
        }
    }, 
    {
        "pk": 224, 
        "model": "c2g.videoactivity", 
        "fields": {
            "course": 1, 
            "video": 12, 
            "student": 41, 
            "start_seconds": 207
        }
    }, 
    {
        "pk": 225, 
        "model": "c2g.videoactivity", 
        "fields": {
            "course": 1, 
            "video": 12, 
            "student": 42, 
            "start_seconds": 352
        }
    }, 
    {
        "pk": 226, 
        "model": "c2g.videoactivity", 
        "fields": {
            "course": 1, 
            "video": 12, 
            "student": 43, 
            "start_seconds": 202
        }
    }, 
    {
        "pk": 227, 
        "model": "c2g.videoactivity", 
        "fields": {
            "course": 1, 
            "video": 12, 
            "student": 44, 
            "start_seconds": 54
        }
    }, 
    {
        "pk": 228, 
        "model": "c2g.videoactivity", 
        "fields": {
            "course": 1, 
            "video": 12, 
            "student": 45, 
            "start_seconds": 113
        }
    }, 
    {
        "pk": 229, 
        "model": "c2g.videoactivity", 
        "fields": {
            "course": 1, 
            "video": 12, 
            "student": 46, 
            "start_seconds": 284
        }
    }, 
    {
        "pk": 230, 
        "model": "c2g.videoactivity", 
        "fields": {
            "course": 1, 
            "video": 12, 
            "student": 47, 
            "start_seconds": 13
        }
    }, 
    {
        "pk": 231, 
        "model": "c2g.videoactivity", 
        "fields": {
            "course": 1, 
            "video": 12, 
            "student": 48, 
            "start_seconds": 326
        }
    }, 
    {
        "pk": 232, 
        "model": "c2g.videoactivity", 
        "fields": {
            "course": 1, 
            "video": 12, 
            "student": 49, 
            "start_seconds": 177
        }
    }, 
    {
        "pk": 233, 
        "model": "c2g.videoactivity", 
        "fields": {
            "course": 1, 
            "video": 12, 
            "student": 50, 
            "start_seconds": 215
        }
    }, 
    {
        "pk": 234, 
        "model": "c2g.videoactivity", 
        "fields": {
            "course": 1, 
            "video": 12, 
            "student": 51, 
            "start_seconds": 115
        }
    }, 
    {
        "pk": 235, 
        "model": "c2g.videoactivity", 
        "fields": {
            "course": 1, 
            "video": 14, 
            "student": 13, 
            "start_seconds": 160
        }
    }, 
    {
        "pk": 236, 
        "model": "c2g.videoactivity", 
        "fields": {
            "course": 1, 
            "video": 14, 
            "student": 14, 
            "start_seconds": 24
        }
    }, 
    {
        "pk": 237, 
        "model": "c2g.videoactivity", 
        "fields": {
            "course": 1, 
            "video": 14, 
            "student": 15, 
            "start_seconds": 268
        }
    }, 
    {
        "pk": 238, 
        "model": "c2g.videoactivity", 
        "fields": {
            "course": 1, 
            "video": 14, 
            "student": 16, 
            "start_seconds": 412
        }
    }, 
    {
        "pk": 239, 
        "model": "c2g.videoactivity", 
        "fields": {
            "course": 1, 
            "video": 14, 
            "student": 17, 
            "start_seconds": 281
        }
    }, 
    {
        "pk": 240, 
        "model": "c2g.videoactivity", 
        "fields": {
            "course": 1, 
            "video": 14, 
            "student": 18, 
            "start_seconds": 50
        }
    }, 
    {
        "pk": 241, 
        "model": "c2g.videoactivity", 
        "fields": {
            "course": 1, 
            "video": 14, 
            "student": 19, 
            "start_seconds": 132
        }
    }, 
    {
        "pk": 242, 
        "model": "c2g.videoactivity", 
        "fields": {
            "course": 1, 
            "video": 14, 
            "student": 20, 
            "start_seconds": 54
        }
    }, 
    {
        "pk": 243, 
        "model": "c2g.videoactivity", 
        "fields": {
            "course": 1, 
            "video": 14, 
            "student": 21, 
            "start_seconds": 445
        }
    }, 
    {
        "pk": 244, 
        "model": "c2g.videoactivity", 
        "fields": {
            "course": 1, 
            "video": 14, 
            "student": 22, 
            "start_seconds": 267
        }
    }, 
    {
        "pk": 245, 
        "model": "c2g.videoactivity", 
        "fields": {
            "course": 1, 
            "video": 14, 
            "student": 23, 
            "start_seconds": 192
        }
    }, 
    {
        "pk": 246, 
        "model": "c2g.videoactivity", 
        "fields": {
            "course": 1, 
            "video": 14, 
            "student": 24, 
            "start_seconds": 453
        }
    }, 
    {
        "pk": 247, 
        "model": "c2g.videoactivity", 
        "fields": {
            "course": 1, 
            "video": 14, 
            "student": 25, 
            "start_seconds": 295
        }
    }, 
    {
        "pk": 248, 
        "model": "c2g.videoactivity", 
        "fields": {
            "course": 1, 
            "video": 14, 
            "student": 26, 
            "start_seconds": 493
        }
    }, 
    {
        "pk": 249, 
        "model": "c2g.videoactivity", 
        "fields": {
            "course": 1, 
            "video": 14, 
            "student": 27, 
            "start_seconds": 264
        }
    }, 
    {
        "pk": 250, 
        "model": "c2g.videoactivity", 
        "fields": {
            "course": 1, 
            "video": 14, 
            "student": 28, 
            "start_seconds": 402
        }
    }, 
    {
        "pk": 251, 
        "model": "c2g.videoactivity", 
        "fields": {
            "course": 1, 
            "video": 14, 
            "student": 29, 
            "start_seconds": 325
        }
    }, 
    {
        "pk": 252, 
        "model": "c2g.videoactivity", 
        "fields": {
            "course": 1, 
            "video": 14, 
            "student": 30, 
            "start_seconds": 146
        }
    }, 
    {
        "pk": 253, 
        "model": "c2g.videoactivity", 
        "fields": {
            "course": 1, 
            "video": 14, 
            "student": 31, 
            "start_seconds": 24
        }
    }, 
    {
        "pk": 254, 
        "model": "c2g.videoactivity", 
        "fields": {
            "course": 1, 
            "video": 14, 
            "student": 32, 
            "start_seconds": 339
        }
    }, 
    {
        "pk": 255, 
        "model": "c2g.videoactivity", 
        "fields": {
            "course": 1, 
            "video": 14, 
            "student": 33, 
            "start_seconds": 140
        }
    }, 
    {
        "pk": 256, 
        "model": "c2g.videoactivity", 
        "fields": {
            "course": 1, 
            "video": 14, 
            "student": 34, 
            "start_seconds": 472
        }
    }, 
    {
        "pk": 257, 
        "model": "c2g.videoactivity", 
        "fields": {
            "course": 1, 
            "video": 14, 
            "student": 35, 
            "start_seconds": 125
        }
    }, 
    {
        "pk": 258, 
        "model": "c2g.videoactivity", 
        "fields": {
            "course": 1, 
            "video": 14, 
            "student": 36, 
            "start_seconds": 485
        }
    }, 
    {
        "pk": 259, 
        "model": "c2g.videoactivity", 
        "fields": {
            "course": 1, 
            "video": 14, 
            "student": 37, 
            "start_seconds": 304
        }
    }, 
    {
        "pk": 260, 
        "model": "c2g.videoactivity", 
        "fields": {
            "course": 1, 
            "video": 14, 
            "student": 38, 
            "start_seconds": 346
        }
    }, 
    {
        "pk": 261, 
        "model": "c2g.videoactivity", 
        "fields": {
            "course": 1, 
            "video": 14, 
            "student": 39, 
            "start_seconds": 374
        }
    }, 
    {
        "pk": 262, 
        "model": "c2g.videoactivity", 
        "fields": {
            "course": 1, 
            "video": 14, 
            "student": 40, 
            "start_seconds": 4
        }
    }, 
    {
        "pk": 263, 
        "model": "c2g.videoactivity", 
        "fields": {
            "course": 1, 
            "video": 14, 
            "student": 41, 
            "start_seconds": 335
        }
    }, 
    {
        "pk": 264, 
        "model": "c2g.videoactivity", 
        "fields": {
            "course": 1, 
            "video": 14, 
            "student": 42, 
            "start_seconds": 50
        }
    }, 
    {
        "pk": 265, 
        "model": "c2g.videoactivity", 
        "fields": {
            "course": 1, 
            "video": 14, 
            "student": 43, 
            "start_seconds": 289
        }
    }, 
    {
        "pk": 266, 
        "model": "c2g.videoactivity", 
        "fields": {
            "course": 1, 
            "video": 14, 
            "student": 44, 
            "start_seconds": 246
        }
    }, 
    {
        "pk": 267, 
        "model": "c2g.videoactivity", 
        "fields": {
            "course": 1, 
            "video": 14, 
            "student": 45, 
            "start_seconds": 189
        }
    }, 
    {
        "pk": 268, 
        "model": "c2g.videoactivity", 
        "fields": {
            "course": 1, 
            "video": 14, 
            "student": 46, 
            "start_seconds": 124
        }
    }, 
    {
        "pk": 269, 
        "model": "c2g.videoactivity", 
        "fields": {
            "course": 1, 
            "video": 14, 
            "student": 47, 
            "start_seconds": 427
        }
    }, 
    {
        "pk": 270, 
        "model": "c2g.videoactivity", 
        "fields": {
            "course": 1, 
            "video": 14, 
            "student": 48, 
            "start_seconds": 356
        }
    }, 
    {
        "pk": 271, 
        "model": "c2g.videoactivity", 
        "fields": {
            "course": 1, 
            "video": 14, 
            "student": 49, 
            "start_seconds": 419
        }
    }, 
    {
        "pk": 272, 
        "model": "c2g.videoactivity", 
        "fields": {
            "course": 1, 
            "video": 14, 
            "student": 50, 
            "start_seconds": 157
        }
    }, 
    {
        "pk": 273, 
        "model": "c2g.videoactivity", 
        "fields": {
            "course": 1, 
            "video": 14, 
            "student": 51, 
            "start_seconds": 65
        }
    }, 
    {
        "pk": 274, 
        "model": "c2g.videoactivity", 
        "fields": {
            "course": 3, 
            "video": 16, 
            "student": 13, 
            "start_seconds": 229
        }
    }, 
    {
        "pk": 275, 
        "model": "c2g.videoactivity", 
        "fields": {
            "course": 3, 
            "video": 16, 
            "student": 14, 
            "start_seconds": 410
        }
    }, 
    {
        "pk": 276, 
        "model": "c2g.videoactivity", 
        "fields": {
            "course": 3, 
            "video": 16, 
            "student": 15, 
            "start_seconds": 432
        }
    }, 
    {
        "pk": 277, 
        "model": "c2g.videoactivity", 
        "fields": {
            "course": 3, 
            "video": 16, 
            "student": 16, 
            "start_seconds": 572
        }
    }, 
    {
        "pk": 278, 
        "model": "c2g.videoactivity", 
        "fields": {
            "course": 3, 
            "video": 16, 
            "student": 17, 
            "start_seconds": 100
        }
    }, 
    {
        "pk": 279, 
        "model": "c2g.videoactivity", 
        "fields": {
            "course": 3, 
            "video": 16, 
            "student": 18, 
            "start_seconds": 205
        }
    }, 
    {
        "pk": 280, 
        "model": "c2g.videoactivity", 
        "fields": {
            "course": 3, 
            "video": 16, 
            "student": 19, 
            "start_seconds": 107
        }
    }, 
    {
        "pk": 281, 
        "model": "c2g.videoactivity", 
        "fields": {
            "course": 3, 
            "video": 16, 
            "student": 20, 
            "start_seconds": 454
        }
    }, 
    {
        "pk": 282, 
        "model": "c2g.videoactivity", 
        "fields": {
            "course": 3, 
            "video": 16, 
            "student": 21, 
            "start_seconds": 6
        }
    }, 
    {
        "pk": 283, 
        "model": "c2g.videoactivity", 
        "fields": {
            "course": 3, 
            "video": 16, 
            "student": 22, 
            "start_seconds": 93
        }
    }, 
    {
        "pk": 284, 
        "model": "c2g.videoactivity", 
        "fields": {
            "course": 3, 
            "video": 16, 
            "student": 23, 
            "start_seconds": 406
        }
    }, 
    {
        "pk": 285, 
        "model": "c2g.videoactivity", 
        "fields": {
            "course": 3, 
            "video": 16, 
            "student": 24, 
            "start_seconds": 412
        }
    }, 
    {
        "pk": 286, 
        "model": "c2g.videoactivity", 
        "fields": {
            "course": 3, 
            "video": 16, 
            "student": 25, 
            "start_seconds": 742
        }
    }, 
    {
        "pk": 287, 
        "model": "c2g.videoactivity", 
        "fields": {
            "course": 3, 
            "video": 16, 
            "student": 26, 
            "start_seconds": 139
        }
    }, 
    {
        "pk": 288, 
        "model": "c2g.videoactivity", 
        "fields": {
            "course": 3, 
            "video": 16, 
            "student": 27, 
            "start_seconds": 215
        }
    }, 
    {
        "pk": 289, 
        "model": "c2g.videoactivity", 
        "fields": {
            "course": 3, 
            "video": 16, 
            "student": 28, 
            "start_seconds": 400
        }
    }, 
    {
        "pk": 290, 
        "model": "c2g.videoactivity", 
        "fields": {
            "course": 3, 
            "video": 16, 
            "student": 29, 
            "start_seconds": 486
        }
    }, 
    {
        "pk": 291, 
        "model": "c2g.videoactivity", 
        "fields": {
            "course": 3, 
            "video": 16, 
            "student": 30, 
            "start_seconds": 668
        }
    }, 
    {
        "pk": 292, 
        "model": "c2g.videoactivity", 
        "fields": {
            "course": 3, 
            "video": 16, 
            "student": 31, 
            "start_seconds": 2
        }
    }, 
    {
        "pk": 293, 
        "model": "c2g.videoactivity", 
        "fields": {
            "course": 3, 
            "video": 16, 
            "student": 32, 
            "start_seconds": 9
        }
    }, 
    {
        "pk": 294, 
        "model": "c2g.videoactivity", 
        "fields": {
            "course": 3, 
            "video": 16, 
            "student": 33, 
            "start_seconds": 36
        }
    }, 
    {
        "pk": 295, 
        "model": "c2g.videoactivity", 
        "fields": {
            "course": 3, 
            "video": 16, 
            "student": 34, 
            "start_seconds": 729
        }
    }, 
    {
        "pk": 296, 
        "model": "c2g.videoactivity", 
        "fields": {
            "course": 3, 
            "video": 16, 
            "student": 35, 
            "start_seconds": 172
        }
    }, 
    {
        "pk": 297, 
        "model": "c2g.videoactivity", 
        "fields": {
            "course": 3, 
            "video": 16, 
            "student": 36, 
            "start_seconds": 399
        }
    }, 
    {
        "pk": 298, 
        "model": "c2g.videoactivity", 
        "fields": {
            "course": 3, 
            "video": 16, 
            "student": 37, 
            "start_seconds": 261
        }
    }, 
    {
        "pk": 299, 
        "model": "c2g.videoactivity", 
        "fields": {
            "course": 3, 
            "video": 16, 
            "student": 38, 
            "start_seconds": 761
        }
    }, 
    {
        "pk": 300, 
        "model": "c2g.videoactivity", 
        "fields": {
            "course": 3, 
            "video": 16, 
            "student": 39, 
            "start_seconds": 261
        }
    }, 
    {
        "pk": 301, 
        "model": "c2g.videoactivity", 
        "fields": {
            "course": 3, 
            "video": 16, 
            "student": 40, 
            "start_seconds": 279
        }
    }, 
    {
        "pk": 302, 
        "model": "c2g.videoactivity", 
        "fields": {
            "course": 3, 
            "video": 16, 
            "student": 41, 
            "start_seconds": 405
        }
    }, 
    {
        "pk": 303, 
        "model": "c2g.videoactivity", 
        "fields": {
            "course": 3, 
            "video": 16, 
            "student": 42, 
            "start_seconds": 514
        }
    }, 
    {
        "pk": 304, 
        "model": "c2g.videoactivity", 
        "fields": {
            "course": 3, 
            "video": 16, 
            "student": 43, 
            "start_seconds": 549
        }
    }, 
    {
        "pk": 305, 
        "model": "c2g.videoactivity", 
        "fields": {
            "course": 3, 
            "video": 16, 
            "student": 44, 
            "start_seconds": 468
        }
    }, 
    {
        "pk": 306, 
        "model": "c2g.videoactivity", 
        "fields": {
            "course": 3, 
            "video": 16, 
            "student": 45, 
            "start_seconds": 340
        }
    }, 
    {
        "pk": 307, 
        "model": "c2g.videoactivity", 
        "fields": {
            "course": 3, 
            "video": 16, 
            "student": 46, 
            "start_seconds": 747
        }
    }, 
    {
        "pk": 308, 
        "model": "c2g.videoactivity", 
        "fields": {
            "course": 3, 
            "video": 16, 
            "student": 47, 
            "start_seconds": 269
        }
    }, 
    {
        "pk": 309, 
        "model": "c2g.videoactivity", 
        "fields": {
            "course": 3, 
            "video": 16, 
            "student": 48, 
            "start_seconds": 311
        }
    }, 
    {
        "pk": 310, 
        "model": "c2g.videoactivity", 
        "fields": {
            "course": 3, 
            "video": 16, 
            "student": 49, 
            "start_seconds": 643
        }
    }, 
    {
        "pk": 311, 
        "model": "c2g.videoactivity", 
        "fields": {
            "course": 3, 
            "video": 16, 
            "student": 50, 
            "start_seconds": 655
        }
    }, 
    {
        "pk": 312, 
        "model": "c2g.videoactivity", 
        "fields": {
            "course": 3, 
            "video": 16, 
            "student": 51, 
            "start_seconds": 737
        }
    }, 
    {
        "pk": 313, 
        "model": "c2g.videoactivity", 
        "fields": {
            "course": 3, 
            "video": 18, 
            "student": 13, 
            "start_seconds": 396
        }
    }, 
    {
        "pk": 314, 
        "model": "c2g.videoactivity", 
        "fields": {
            "course": 3, 
            "video": 18, 
            "student": 14, 
            "start_seconds": 522
        }
    }, 
    {
        "pk": 315, 
        "model": "c2g.videoactivity", 
        "fields": {
            "course": 3, 
            "video": 18, 
            "student": 15, 
            "start_seconds": 627
        }
    }, 
    {
        "pk": 316, 
        "model": "c2g.videoactivity", 
        "fields": {
            "course": 3, 
            "video": 18, 
            "student": 16, 
            "start_seconds": 3
        }
    }, 
    {
        "pk": 317, 
        "model": "c2g.videoactivity", 
        "fields": {
            "course": 3, 
            "video": 18, 
            "student": 17, 
            "start_seconds": 138
        }
    }, 
    {
        "pk": 318, 
        "model": "c2g.videoactivity", 
        "fields": {
            "course": 3, 
            "video": 18, 
            "student": 18, 
            "start_seconds": 59
        }
    }, 
    {
        "pk": 319, 
        "model": "c2g.videoactivity", 
        "fields": {
            "course": 3, 
            "video": 18, 
            "student": 19, 
            "start_seconds": 397
        }
    }, 
    {
        "pk": 320, 
        "model": "c2g.videoactivity", 
        "fields": {
            "course": 3, 
            "video": 18, 
            "student": 20, 
            "start_seconds": 0
        }
    }, 
    {
        "pk": 321, 
        "model": "c2g.videoactivity", 
        "fields": {
            "course": 3, 
            "video": 18, 
            "student": 21, 
            "start_seconds": 181
        }
    }, 
    {
        "pk": 322, 
        "model": "c2g.videoactivity", 
        "fields": {
            "course": 3, 
            "video": 18, 
            "student": 22, 
            "start_seconds": 79
        }
    }, 
    {
        "pk": 323, 
        "model": "c2g.videoactivity", 
        "fields": {
            "course": 3, 
            "video": 18, 
            "student": 23, 
            "start_seconds": 582
        }
    }, 
    {
        "pk": 324, 
        "model": "c2g.videoactivity", 
        "fields": {
            "course": 3, 
            "video": 18, 
            "student": 24, 
            "start_seconds": 177
        }
    }, 
    {
        "pk": 325, 
        "model": "c2g.videoactivity", 
        "fields": {
            "course": 3, 
            "video": 18, 
            "student": 25, 
            "start_seconds": 221
        }
    }, 
    {
        "pk": 326, 
        "model": "c2g.videoactivity", 
        "fields": {
            "course": 3, 
            "video": 18, 
            "student": 26, 
            "start_seconds": 116
        }
    }, 
    {
        "pk": 327, 
        "model": "c2g.videoactivity", 
        "fields": {
            "course": 3, 
            "video": 18, 
            "student": 27, 
            "start_seconds": 551
        }
    }, 
    {
        "pk": 328, 
        "model": "c2g.videoactivity", 
        "fields": {
            "course": 3, 
            "video": 18, 
            "student": 28, 
            "start_seconds": 289
        }
    }, 
    {
        "pk": 329, 
        "model": "c2g.videoactivity", 
        "fields": {
            "course": 3, 
            "video": 18, 
            "student": 29, 
            "start_seconds": 133
        }
    }, 
    {
        "pk": 330, 
        "model": "c2g.videoactivity", 
        "fields": {
            "course": 3, 
            "video": 18, 
            "student": 30, 
            "start_seconds": 48
        }
    }, 
    {
        "pk": 331, 
        "model": "c2g.videoactivity", 
        "fields": {
            "course": 3, 
            "video": 18, 
            "student": 31, 
            "start_seconds": 298
        }
    }, 
    {
        "pk": 332, 
        "model": "c2g.videoactivity", 
        "fields": {
            "course": 3, 
            "video": 18, 
            "student": 32, 
            "start_seconds": 560
        }
    }, 
    {
        "pk": 333, 
        "model": "c2g.videoactivity", 
        "fields": {
            "course": 3, 
            "video": 18, 
            "student": 33, 
            "start_seconds": 153
        }
    }, 
    {
        "pk": 334, 
        "model": "c2g.videoactivity", 
        "fields": {
            "course": 3, 
            "video": 18, 
            "student": 34, 
            "start_seconds": 236
        }
    }, 
    {
        "pk": 335, 
        "model": "c2g.videoactivity", 
        "fields": {
            "course": 3, 
            "video": 18, 
            "student": 35, 
            "start_seconds": 216
        }
    }, 
    {
        "pk": 336, 
        "model": "c2g.videoactivity", 
        "fields": {
            "course": 3, 
            "video": 18, 
            "student": 36, 
            "start_seconds": 98
        }
    }, 
    {
        "pk": 337, 
        "model": "c2g.videoactivity", 
        "fields": {
            "course": 3, 
            "video": 18, 
            "student": 37, 
            "start_seconds": 552
        }
    }, 
    {
        "pk": 338, 
        "model": "c2g.videoactivity", 
        "fields": {
            "course": 3, 
            "video": 18, 
            "student": 38, 
            "start_seconds": 479
        }
    }, 
    {
        "pk": 339, 
        "model": "c2g.videoactivity", 
        "fields": {
            "course": 3, 
            "video": 18, 
            "student": 39, 
            "start_seconds": 651
        }
    }, 
    {
        "pk": 340, 
        "model": "c2g.videoactivity", 
        "fields": {
            "course": 3, 
            "video": 18, 
            "student": 40, 
            "start_seconds": 101
        }
    }, 
    {
        "pk": 341, 
        "model": "c2g.videoactivity", 
        "fields": {
            "course": 3, 
            "video": 18, 
            "student": 41, 
            "start_seconds": 494
        }
    }, 
    {
        "pk": 342, 
        "model": "c2g.videoactivity", 
        "fields": {
            "course": 3, 
            "video": 18, 
            "student": 42, 
            "start_seconds": 51
        }
    }, 
    {
        "pk": 343, 
        "model": "c2g.videoactivity", 
        "fields": {
            "course": 3, 
            "video": 18, 
            "student": 43, 
            "start_seconds": 462
        }
    }, 
    {
        "pk": 344, 
        "model": "c2g.videoactivity", 
        "fields": {
            "course": 3, 
            "video": 18, 
            "student": 44, 
            "start_seconds": 424
        }
    }, 
    {
        "pk": 345, 
        "model": "c2g.videoactivity", 
        "fields": {
            "course": 3, 
            "video": 18, 
            "student": 45, 
            "start_seconds": 280
        }
    }, 
    {
        "pk": 346, 
        "model": "c2g.videoactivity", 
        "fields": {
            "course": 3, 
            "video": 18, 
            "student": 46, 
            "start_seconds": 491
        }
    }, 
    {
        "pk": 347, 
        "model": "c2g.videoactivity", 
        "fields": {
            "course": 3, 
            "video": 18, 
            "student": 47, 
            "start_seconds": 393
        }
    }, 
    {
        "pk": 348, 
        "model": "c2g.videoactivity", 
        "fields": {
            "course": 3, 
            "video": 18, 
            "student": 48, 
            "start_seconds": 305
        }
    }, 
    {
        "pk": 349, 
        "model": "c2g.videoactivity", 
        "fields": {
            "course": 3, 
            "video": 18, 
            "student": 49, 
            "start_seconds": 314
        }
    }, 
    {
        "pk": 350, 
        "model": "c2g.videoactivity", 
        "fields": {
            "course": 3, 
            "video": 18, 
            "student": 50, 
            "start_seconds": 67
        }
    }, 
    {
        "pk": 351, 
        "model": "c2g.videoactivity", 
        "fields": {
            "course": 3, 
            "video": 18, 
            "student": 51, 
            "start_seconds": 142
        }
    }, 
    {
        "pk": 352, 
        "model": "c2g.videoactivity", 
        "fields": {
            "course": 3, 
            "video": 20, 
            "student": 13, 
            "start_seconds": 124
        }
    }, 
    {
        "pk": 353, 
        "model": "c2g.videoactivity", 
        "fields": {
            "course": 3, 
            "video": 20, 
            "student": 14, 
            "start_seconds": 196
        }
    }, 
    {
        "pk": 354, 
        "model": "c2g.videoactivity", 
        "fields": {
            "course": 3, 
            "video": 20, 
            "student": 15, 
            "start_seconds": 129
        }
    }, 
    {
        "pk": 355, 
        "model": "c2g.videoactivity", 
        "fields": {
            "course": 3, 
            "video": 20, 
            "student": 16, 
            "start_seconds": 116
        }
    }, 
    {
        "pk": 356, 
        "model": "c2g.videoactivity", 
        "fields": {
            "course": 3, 
            "video": 20, 
            "student": 17, 
            "start_seconds": 60
        }
    }, 
    {
        "pk": 357, 
        "model": "c2g.videoactivity", 
        "fields": {
            "course": 3, 
            "video": 20, 
            "student": 18, 
            "start_seconds": 12
        }
    }, 
    {
        "pk": 358, 
        "model": "c2g.videoactivity", 
        "fields": {
            "course": 3, 
            "video": 20, 
            "student": 19, 
            "start_seconds": 335
        }
    }, 
    {
        "pk": 359, 
        "model": "c2g.videoactivity", 
        "fields": {
            "course": 3, 
            "video": 20, 
            "student": 20, 
            "start_seconds": 280
        }
    }, 
    {
        "pk": 360, 
        "model": "c2g.videoactivity", 
        "fields": {
            "course": 3, 
            "video": 20, 
            "student": 21, 
            "start_seconds": 87
        }
    }, 
    {
        "pk": 361, 
        "model": "c2g.videoactivity", 
        "fields": {
            "course": 3, 
            "video": 20, 
            "student": 22, 
            "start_seconds": 172
        }
    }, 
    {
        "pk": 362, 
        "model": "c2g.videoactivity", 
        "fields": {
            "course": 3, 
            "video": 20, 
            "student": 23, 
            "start_seconds": 139
        }
    }, 
    {
        "pk": 363, 
        "model": "c2g.videoactivity", 
        "fields": {
            "course": 3, 
            "video": 20, 
            "student": 24, 
            "start_seconds": 182
        }
    }, 
    {
        "pk": 364, 
        "model": "c2g.videoactivity", 
        "fields": {
            "course": 3, 
            "video": 20, 
            "student": 25, 
            "start_seconds": 90
        }
    }, 
    {
        "pk": 365, 
        "model": "c2g.videoactivity", 
        "fields": {
            "course": 3, 
            "video": 20, 
            "student": 26, 
            "start_seconds": 125
        }
    }, 
    {
        "pk": 366, 
        "model": "c2g.videoactivity", 
        "fields": {
            "course": 3, 
            "video": 20, 
            "student": 27, 
            "start_seconds": 310
        }
    }, 
    {
        "pk": 367, 
        "model": "c2g.videoactivity", 
        "fields": {
            "course": 3, 
            "video": 20, 
            "student": 28, 
            "start_seconds": 142
        }
    }, 
    {
        "pk": 368, 
        "model": "c2g.videoactivity", 
        "fields": {
            "course": 3, 
            "video": 20, 
            "student": 29, 
            "start_seconds": 39
        }
    }, 
    {
        "pk": 369, 
        "model": "c2g.videoactivity", 
        "fields": {
            "course": 3, 
            "video": 20, 
            "student": 30, 
            "start_seconds": 318
        }
    }, 
    {
        "pk": 370, 
        "model": "c2g.videoactivity", 
        "fields": {
            "course": 3, 
            "video": 20, 
            "student": 31, 
            "start_seconds": 32
        }
    }, 
    {
        "pk": 371, 
        "model": "c2g.videoactivity", 
        "fields": {
            "course": 3, 
            "video": 20, 
            "student": 32, 
            "start_seconds": 157
        }
    }, 
    {
        "pk": 372, 
        "model": "c2g.videoactivity", 
        "fields": {
            "course": 3, 
            "video": 20, 
            "student": 33, 
            "start_seconds": 243
        }
    }, 
    {
        "pk": 373, 
        "model": "c2g.videoactivity", 
        "fields": {
            "course": 3, 
            "video": 20, 
            "student": 34, 
            "start_seconds": 348
        }
    }, 
    {
        "pk": 374, 
        "model": "c2g.videoactivity", 
        "fields": {
            "course": 3, 
            "video": 20, 
            "student": 35, 
            "start_seconds": 9
        }
    }, 
    {
        "pk": 375, 
        "model": "c2g.videoactivity", 
        "fields": {
            "course": 3, 
            "video": 20, 
            "student": 36, 
            "start_seconds": 109
        }
    }, 
    {
        "pk": 376, 
        "model": "c2g.videoactivity", 
        "fields": {
            "course": 3, 
            "video": 20, 
            "student": 37, 
            "start_seconds": 253
        }
    }, 
    {
        "pk": 377, 
        "model": "c2g.videoactivity", 
        "fields": {
            "course": 3, 
            "video": 20, 
            "student": 38, 
            "start_seconds": 210
        }
    }, 
    {
        "pk": 378, 
        "model": "c2g.videoactivity", 
        "fields": {
            "course": 3, 
            "video": 20, 
            "student": 39, 
            "start_seconds": 294
        }
    }, 
    {
        "pk": 379, 
        "model": "c2g.videoactivity", 
        "fields": {
            "course": 3, 
            "video": 20, 
            "student": 40, 
            "start_seconds": 281
        }
    }, 
    {
        "pk": 380, 
        "model": "c2g.videoactivity", 
        "fields": {
            "course": 3, 
            "video": 20, 
            "student": 41, 
            "start_seconds": 249
        }
    }, 
    {
        "pk": 381, 
        "model": "c2g.videoactivity", 
        "fields": {
            "course": 3, 
            "video": 20, 
            "student": 42, 
            "start_seconds": 169
        }
    }, 
    {
        "pk": 382, 
        "model": "c2g.videoactivity", 
        "fields": {
            "course": 3, 
            "video": 20, 
            "student": 43, 
            "start_seconds": 33
        }
    }, 
    {
        "pk": 383, 
        "model": "c2g.videoactivity", 
        "fields": {
            "course": 3, 
            "video": 20, 
            "student": 44, 
            "start_seconds": 254
        }
    }, 
    {
        "pk": 384, 
        "model": "c2g.videoactivity", 
        "fields": {
            "course": 3, 
            "video": 20, 
            "student": 45, 
            "start_seconds": 127
        }
    }, 
    {
        "pk": 385, 
        "model": "c2g.videoactivity", 
        "fields": {
            "course": 3, 
            "video": 20, 
            "student": 46, 
            "start_seconds": 95
        }
    }, 
    {
        "pk": 386, 
        "model": "c2g.videoactivity", 
        "fields": {
            "course": 3, 
            "video": 20, 
            "student": 47, 
            "start_seconds": 329
        }
    }, 
    {
        "pk": 387, 
        "model": "c2g.videoactivity", 
        "fields": {
            "course": 3, 
            "video": 20, 
            "student": 48, 
            "start_seconds": 242
        }
    }, 
    {
        "pk": 388, 
        "model": "c2g.videoactivity", 
        "fields": {
            "course": 3, 
            "video": 20, 
            "student": 49, 
            "start_seconds": 293
        }
    }, 
    {
        "pk": 389, 
        "model": "c2g.videoactivity", 
        "fields": {
            "course": 3, 
            "video": 20, 
            "student": 50, 
            "start_seconds": 292
        }
    }, 
    {
        "pk": 390, 
        "model": "c2g.videoactivity", 
        "fields": {
            "course": 3, 
            "video": 20, 
            "student": 51, 
            "start_seconds": 95
        }
    }, 
    {
        "pk": 391, 
        "model": "c2g.videoactivity", 
        "fields": {
            "course": 3, 
            "video": 22, 
            "student": 13, 
            "start_seconds": 265
        }
    }, 
    {
        "pk": 392, 
        "model": "c2g.videoactivity", 
        "fields": {
            "course": 3, 
            "video": 22, 
            "student": 14, 
            "start_seconds": 331
        }
    }, 
    {
        "pk": 393, 
        "model": "c2g.videoactivity", 
        "fields": {
            "course": 3, 
            "video": 22, 
            "student": 15, 
            "start_seconds": 252
        }
    }, 
    {
        "pk": 394, 
        "model": "c2g.videoactivity", 
        "fields": {
            "course": 3, 
            "video": 22, 
            "student": 16, 
            "start_seconds": 810
        }
    }, 
    {
        "pk": 395, 
        "model": "c2g.videoactivity", 
        "fields": {
            "course": 3, 
            "video": 22, 
            "student": 17, 
            "start_seconds": 650
        }
    }, 
    {
        "pk": 396, 
        "model": "c2g.videoactivity", 
        "fields": {
            "course": 3, 
            "video": 22, 
            "student": 18, 
            "start_seconds": 864
        }
    }, 
    {
        "pk": 397, 
        "model": "c2g.videoactivity", 
        "fields": {
            "course": 3, 
            "video": 22, 
            "student": 19, 
            "start_seconds": 104
        }
    }, 
    {
        "pk": 398, 
        "model": "c2g.videoactivity", 
        "fields": {
            "course": 3, 
            "video": 22, 
            "student": 20, 
            "start_seconds": 348
        }
    }, 
    {
        "pk": 399, 
        "model": "c2g.videoactivity", 
        "fields": {
            "course": 3, 
            "video": 22, 
            "student": 21, 
            "start_seconds": 594
        }
    }, 
    {
        "pk": 400, 
        "model": "c2g.videoactivity", 
        "fields": {
            "course": 3, 
            "video": 22, 
            "student": 22, 
            "start_seconds": 107
        }
    }, 
    {
        "pk": 401, 
        "model": "c2g.videoactivity", 
        "fields": {
            "course": 3, 
            "video": 22, 
            "student": 23, 
            "start_seconds": 332
        }
    }, 
    {
        "pk": 402, 
        "model": "c2g.videoactivity", 
        "fields": {
            "course": 3, 
            "video": 22, 
            "student": 24, 
            "start_seconds": 223
        }
    }, 
    {
        "pk": 403, 
        "model": "c2g.videoactivity", 
        "fields": {
            "course": 3, 
            "video": 22, 
            "student": 25, 
            "start_seconds": 849
        }
    }, 
    {
        "pk": 404, 
        "model": "c2g.videoactivity", 
        "fields": {
            "course": 3, 
            "video": 22, 
            "student": 26, 
            "start_seconds": 627
        }
    }, 
    {
        "pk": 405, 
        "model": "c2g.videoactivity", 
        "fields": {
            "course": 3, 
            "video": 22, 
            "student": 27, 
            "start_seconds": 293
        }
    }, 
    {
        "pk": 406, 
        "model": "c2g.videoactivity", 
        "fields": {
            "course": 3, 
            "video": 22, 
            "student": 28, 
            "start_seconds": 265
        }
    }, 
    {
        "pk": 407, 
        "model": "c2g.videoactivity", 
        "fields": {
            "course": 3, 
            "video": 22, 
            "student": 29, 
            "start_seconds": 461
        }
    }, 
    {
        "pk": 408, 
        "model": "c2g.videoactivity", 
        "fields": {
            "course": 3, 
            "video": 22, 
            "student": 30, 
            "start_seconds": 304
        }
    }, 
    {
        "pk": 409, 
        "model": "c2g.videoactivity", 
        "fields": {
            "course": 3, 
            "video": 22, 
            "student": 31, 
            "start_seconds": 654
        }
    }, 
    {
        "pk": 410, 
        "model": "c2g.videoactivity", 
        "fields": {
            "course": 3, 
            "video": 22, 
            "student": 32, 
            "start_seconds": 820
        }
    }, 
    {
        "pk": 411, 
        "model": "c2g.videoactivity", 
        "fields": {
            "course": 3, 
            "video": 22, 
            "student": 33, 
            "start_seconds": 554
        }
    }, 
    {
        "pk": 412, 
        "model": "c2g.videoactivity", 
        "fields": {
            "course": 3, 
            "video": 22, 
            "student": 34, 
            "start_seconds": 755
        }
    }, 
    {
        "pk": 413, 
        "model": "c2g.videoactivity", 
        "fields": {
            "course": 3, 
            "video": 22, 
            "student": 35, 
            "start_seconds": 282
        }
    }, 
    {
        "pk": 414, 
        "model": "c2g.videoactivity", 
        "fields": {
            "course": 3, 
            "video": 22, 
            "student": 36, 
            "start_seconds": 299
        }
    }, 
    {
        "pk": 415, 
        "model": "c2g.videoactivity", 
        "fields": {
            "course": 3, 
            "video": 22, 
            "student": 37, 
            "start_seconds": 362
        }
    }, 
    {
        "pk": 416, 
        "model": "c2g.videoactivity", 
        "fields": {
            "course": 3, 
            "video": 22, 
            "student": 38, 
            "start_seconds": 629
        }
    }, 
    {
        "pk": 417, 
        "model": "c2g.videoactivity", 
        "fields": {
            "course": 3, 
            "video": 22, 
            "student": 39, 
            "start_seconds": 284
        }
    }, 
    {
        "pk": 418, 
        "model": "c2g.videoactivity", 
        "fields": {
            "course": 3, 
            "video": 22, 
            "student": 40, 
            "start_seconds": 296
        }
    }, 
    {
        "pk": 419, 
        "model": "c2g.videoactivity", 
        "fields": {
            "course": 3, 
            "video": 22, 
            "student": 41, 
            "start_seconds": 793
        }
    }, 
    {
        "pk": 420, 
        "model": "c2g.videoactivity", 
        "fields": {
            "course": 3, 
            "video": 22, 
            "student": 42, 
            "start_seconds": 173
        }
    }, 
    {
        "pk": 421, 
        "model": "c2g.videoactivity", 
        "fields": {
            "course": 3, 
            "video": 22, 
            "student": 43, 
            "start_seconds": 606
        }
    }, 
    {
        "pk": 422, 
        "model": "c2g.videoactivity", 
        "fields": {
            "course": 3, 
            "video": 22, 
            "student": 44, 
            "start_seconds": 164
        }
    }, 
    {
        "pk": 423, 
        "model": "c2g.videoactivity", 
        "fields": {
            "course": 3, 
            "video": 22, 
            "student": 45, 
            "start_seconds": 505
        }
    }, 
    {
        "pk": 424, 
        "model": "c2g.videoactivity", 
        "fields": {
            "course": 3, 
            "video": 22, 
            "student": 46, 
            "start_seconds": 453
        }
    }, 
    {
        "pk": 425, 
        "model": "c2g.videoactivity", 
        "fields": {
            "course": 3, 
            "video": 22, 
            "student": 47, 
            "start_seconds": 19
        }
    }, 
    {
        "pk": 426, 
        "model": "c2g.videoactivity", 
        "fields": {
            "course": 3, 
            "video": 22, 
            "student": 48, 
            "start_seconds": 98
        }
    }, 
    {
        "pk": 427, 
        "model": "c2g.videoactivity", 
        "fields": {
            "course": 3, 
            "video": 22, 
            "student": 49, 
            "start_seconds": 230
        }
    }, 
    {
        "pk": 428, 
        "model": "c2g.videoactivity", 
        "fields": {
            "course": 3, 
            "video": 22, 
            "student": 50, 
            "start_seconds": 129
        }
    }, 
    {
        "pk": 429, 
        "model": "c2g.videoactivity", 
        "fields": {
            "course": 3, 
            "video": 22, 
            "student": 51, 
            "start_seconds": 631
        }
    }, 
    {
        "pk": 430, 
        "model": "c2g.videoactivity", 
        "fields": {
            "course": 3, 
            "video": 24, 
            "student": 13, 
            "start_seconds": 284
        }
    }, 
    {
        "pk": 431, 
        "model": "c2g.videoactivity", 
        "fields": {
            "course": 3, 
            "video": 24, 
            "student": 14, 
            "start_seconds": 52
        }
    }, 
    {
        "pk": 432, 
        "model": "c2g.videoactivity", 
        "fields": {
            "course": 3, 
            "video": 24, 
            "student": 15, 
            "start_seconds": 391
        }
    }, 
    {
        "pk": 433, 
        "model": "c2g.videoactivity", 
        "fields": {
            "course": 3, 
            "video": 24, 
            "student": 16, 
            "start_seconds": 422
        }
    }, 
    {
        "pk": 434, 
        "model": "c2g.videoactivity", 
        "fields": {
            "course": 3, 
            "video": 24, 
            "student": 17, 
            "start_seconds": 199
        }
    }, 
    {
        "pk": 435, 
        "model": "c2g.videoactivity", 
        "fields": {
            "course": 3, 
            "video": 24, 
            "student": 18, 
            "start_seconds": 24
        }
    }, 
    {
        "pk": 436, 
        "model": "c2g.videoactivity", 
        "fields": {
            "course": 3, 
            "video": 24, 
            "student": 19, 
            "start_seconds": 73
        }
    }, 
    {
        "pk": 437, 
        "model": "c2g.videoactivity", 
        "fields": {
            "course": 3, 
            "video": 24, 
            "student": 20, 
            "start_seconds": 399
        }
    }, 
    {
        "pk": 438, 
        "model": "c2g.videoactivity", 
        "fields": {
            "course": 3, 
            "video": 24, 
            "student": 21, 
            "start_seconds": 239
        }
    }, 
    {
        "pk": 439, 
        "model": "c2g.videoactivity", 
        "fields": {
            "course": 3, 
            "video": 24, 
            "student": 22, 
            "start_seconds": 191
        }
    }, 
    {
        "pk": 440, 
        "model": "c2g.videoactivity", 
        "fields": {
            "course": 3, 
            "video": 24, 
            "student": 23, 
            "start_seconds": 311
        }
    }, 
    {
        "pk": 441, 
        "model": "c2g.videoactivity", 
        "fields": {
            "course": 3, 
            "video": 24, 
            "student": 24, 
            "start_seconds": 69
        }
    }, 
    {
        "pk": 442, 
        "model": "c2g.videoactivity", 
        "fields": {
            "course": 3, 
            "video": 24, 
            "student": 25, 
            "start_seconds": 222
        }
    }, 
    {
        "pk": 443, 
        "model": "c2g.videoactivity", 
        "fields": {
            "course": 3, 
            "video": 24, 
            "student": 26, 
            "start_seconds": 241
        }
    }, 
    {
        "pk": 444, 
        "model": "c2g.videoactivity", 
        "fields": {
            "course": 3, 
            "video": 24, 
            "student": 27, 
            "start_seconds": 5
        }
    }, 
    {
        "pk": 445, 
        "model": "c2g.videoactivity", 
        "fields": {
            "course": 3, 
            "video": 24, 
            "student": 28, 
            "start_seconds": 211
        }
    }, 
    {
        "pk": 446, 
        "model": "c2g.videoactivity", 
        "fields": {
            "course": 3, 
            "video": 24, 
            "student": 29, 
            "start_seconds": 242
        }
    }, 
    {
        "pk": 447, 
        "model": "c2g.videoactivity", 
        "fields": {
            "course": 3, 
            "video": 24, 
            "student": 30, 
            "start_seconds": 111
        }
    }, 
    {
        "pk": 448, 
        "model": "c2g.videoactivity", 
        "fields": {
            "course": 3, 
            "video": 24, 
            "student": 31, 
            "start_seconds": 240
        }
    }, 
    {
        "pk": 449, 
        "model": "c2g.videoactivity", 
        "fields": {
            "course": 3, 
            "video": 24, 
            "student": 32, 
            "start_seconds": 383
        }
    }, 
    {
        "pk": 450, 
        "model": "c2g.videoactivity", 
        "fields": {
            "course": 3, 
            "video": 24, 
            "student": 33, 
            "start_seconds": 164
        }
    }, 
    {
        "pk": 451, 
        "model": "c2g.videoactivity", 
        "fields": {
            "course": 3, 
            "video": 24, 
            "student": 34, 
            "start_seconds": 32
        }
    }, 
    {
        "pk": 452, 
        "model": "c2g.videoactivity", 
        "fields": {
            "course": 3, 
            "video": 24, 
            "student": 35, 
            "start_seconds": 130
        }
    }, 
    {
        "pk": 453, 
        "model": "c2g.videoactivity", 
        "fields": {
            "course": 3, 
            "video": 24, 
            "student": 36, 
            "start_seconds": 405
        }
    }, 
    {
        "pk": 454, 
        "model": "c2g.videoactivity", 
        "fields": {
            "course": 3, 
            "video": 24, 
            "student": 37, 
            "start_seconds": 368
        }
    }, 
    {
        "pk": 455, 
        "model": "c2g.videoactivity", 
        "fields": {
            "course": 3, 
            "video": 24, 
            "student": 38, 
            "start_seconds": 286
        }
    }, 
    {
        "pk": 456, 
        "model": "c2g.videoactivity", 
        "fields": {
            "course": 3, 
            "video": 24, 
            "student": 39, 
            "start_seconds": 212
        }
    }, 
    {
        "pk": 457, 
        "model": "c2g.videoactivity", 
        "fields": {
            "course": 3, 
            "video": 24, 
            "student": 40, 
            "start_seconds": 91
        }
    }, 
    {
        "pk": 458, 
        "model": "c2g.videoactivity", 
        "fields": {
            "course": 3, 
            "video": 24, 
            "student": 41, 
            "start_seconds": 76
        }
    }, 
    {
        "pk": 459, 
        "model": "c2g.videoactivity", 
        "fields": {
            "course": 3, 
            "video": 24, 
            "student": 42, 
            "start_seconds": 80
        }
    }, 
    {
        "pk": 460, 
        "model": "c2g.videoactivity", 
        "fields": {
            "course": 3, 
            "video": 24, 
            "student": 43, 
            "start_seconds": 143
        }
    }, 
    {
        "pk": 461, 
        "model": "c2g.videoactivity", 
        "fields": {
            "course": 3, 
            "video": 24, 
            "student": 44, 
            "start_seconds": 244
        }
    }, 
    {
        "pk": 462, 
        "model": "c2g.videoactivity", 
        "fields": {
            "course": 3, 
            "video": 24, 
            "student": 45, 
            "start_seconds": 81
        }
    }, 
    {
        "pk": 463, 
        "model": "c2g.videoactivity", 
        "fields": {
            "course": 3, 
            "video": 24, 
            "student": 46, 
            "start_seconds": 141
        }
    }, 
    {
        "pk": 464, 
        "model": "c2g.videoactivity", 
        "fields": {
            "course": 3, 
            "video": 24, 
            "student": 47, 
            "start_seconds": 237
        }
    }, 
    {
        "pk": 465, 
        "model": "c2g.videoactivity", 
        "fields": {
            "course": 3, 
            "video": 24, 
            "student": 48, 
            "start_seconds": 424
        }
    }, 
    {
        "pk": 466, 
        "model": "c2g.videoactivity", 
        "fields": {
            "course": 3, 
            "video": 24, 
            "student": 49, 
            "start_seconds": 116
        }
    }, 
    {
        "pk": 467, 
        "model": "c2g.videoactivity", 
        "fields": {
            "course": 3, 
            "video": 24, 
            "student": 50, 
            "start_seconds": 176
        }
    }, 
    {
        "pk": 468, 
        "model": "c2g.videoactivity", 
        "fields": {
            "course": 3, 
            "video": 24, 
            "student": 51, 
            "start_seconds": 35
        }
    }, 
    {
        "pk": 469, 
        "model": "c2g.videoactivity", 
        "fields": {
            "course": 3, 
            "video": 26, 
            "student": 13, 
            "start_seconds": 283
        }
    }, 
    {
        "pk": 470, 
        "model": "c2g.videoactivity", 
        "fields": {
            "course": 3, 
            "video": 26, 
            "student": 14, 
            "start_seconds": 184
        }
    }, 
    {
        "pk": 471, 
        "model": "c2g.videoactivity", 
        "fields": {
            "course": 3, 
            "video": 26, 
            "student": 15, 
            "start_seconds": 141
        }
    }, 
    {
        "pk": 472, 
        "model": "c2g.videoactivity", 
        "fields": {
            "course": 3, 
            "video": 26, 
            "student": 16, 
            "start_seconds": 155
        }
    }, 
    {
        "pk": 473, 
        "model": "c2g.videoactivity", 
        "fields": {
            "course": 3, 
            "video": 26, 
            "student": 17, 
            "start_seconds": 192
        }
    }, 
    {
        "pk": 474, 
        "model": "c2g.videoactivity", 
        "fields": {
            "course": 3, 
            "video": 26, 
            "student": 18, 
            "start_seconds": 197
        }
    }, 
    {
        "pk": 475, 
        "model": "c2g.videoactivity", 
        "fields": {
            "course": 3, 
            "video": 26, 
            "student": 19, 
            "start_seconds": 61
        }
    }, 
    {
        "pk": 476, 
        "model": "c2g.videoactivity", 
        "fields": {
            "course": 3, 
            "video": 26, 
            "student": 20, 
            "start_seconds": 316
        }
    }, 
    {
        "pk": 477, 
        "model": "c2g.videoactivity", 
        "fields": {
            "course": 3, 
            "video": 26, 
            "student": 21, 
            "start_seconds": 70
        }
    }, 
    {
        "pk": 478, 
        "model": "c2g.videoactivity", 
        "fields": {
            "course": 3, 
            "video": 26, 
            "student": 22, 
            "start_seconds": 260
        }
    }, 
    {
        "pk": 479, 
        "model": "c2g.videoactivity", 
        "fields": {
            "course": 3, 
            "video": 26, 
            "student": 23, 
            "start_seconds": 273
        }
    }, 
    {
        "pk": 480, 
        "model": "c2g.videoactivity", 
        "fields": {
            "course": 3, 
            "video": 26, 
            "student": 24, 
            "start_seconds": 195
        }
    }, 
    {
        "pk": 481, 
        "model": "c2g.videoactivity", 
        "fields": {
            "course": 3, 
            "video": 26, 
            "student": 25, 
            "start_seconds": 196
        }
    }, 
    {
        "pk": 482, 
        "model": "c2g.videoactivity", 
        "fields": {
            "course": 3, 
            "video": 26, 
            "student": 26, 
            "start_seconds": 209
        }
    }, 
    {
        "pk": 483, 
        "model": "c2g.videoactivity", 
        "fields": {
            "course": 3, 
            "video": 26, 
            "student": 27, 
            "start_seconds": 324
        }
    }, 
    {
        "pk": 484, 
        "model": "c2g.videoactivity", 
        "fields": {
            "course": 3, 
            "video": 26, 
            "student": 28, 
            "start_seconds": 315
        }
    }, 
    {
        "pk": 485, 
        "model": "c2g.videoactivity", 
        "fields": {
            "course": 3, 
            "video": 26, 
            "student": 29, 
            "start_seconds": 282
        }
    }, 
    {
        "pk": 486, 
        "model": "c2g.videoactivity", 
        "fields": {
            "course": 3, 
            "video": 26, 
            "student": 30, 
            "start_seconds": 125
        }
    }, 
    {
        "pk": 487, 
        "model": "c2g.videoactivity", 
        "fields": {
            "course": 3, 
            "video": 26, 
            "student": 31, 
            "start_seconds": 247
        }
    }, 
    {
        "pk": 488, 
        "model": "c2g.videoactivity", 
        "fields": {
            "course": 3, 
            "video": 26, 
            "student": 32, 
            "start_seconds": 284
        }
    }, 
    {
        "pk": 489, 
        "model": "c2g.videoactivity", 
        "fields": {
            "course": 3, 
            "video": 26, 
            "student": 33, 
            "start_seconds": 102
        }
    }, 
    {
        "pk": 490, 
        "model": "c2g.videoactivity", 
        "fields": {
            "course": 3, 
            "video": 26, 
            "student": 34, 
            "start_seconds": 34
        }
    }, 
    {
        "pk": 491, 
        "model": "c2g.videoactivity", 
        "fields": {
            "course": 3, 
            "video": 26, 
            "student": 35, 
            "start_seconds": 309
        }
    }, 
    {
        "pk": 492, 
        "model": "c2g.videoactivity", 
        "fields": {
            "course": 3, 
            "video": 26, 
            "student": 36, 
            "start_seconds": 100
        }
    }, 
    {
        "pk": 493, 
        "model": "c2g.videoactivity", 
        "fields": {
            "course": 3, 
            "video": 26, 
            "student": 37, 
            "start_seconds": 203
        }
    }, 
    {
        "pk": 494, 
        "model": "c2g.videoactivity", 
        "fields": {
            "course": 3, 
            "video": 26, 
            "student": 38, 
            "start_seconds": 53
        }
    }, 
    {
        "pk": 495, 
        "model": "c2g.videoactivity", 
        "fields": {
            "course": 3, 
            "video": 26, 
            "student": 39, 
            "start_seconds": 23
        }
    }, 
    {
        "pk": 496, 
        "model": "c2g.videoactivity", 
        "fields": {
            "course": 3, 
            "video": 26, 
            "student": 40, 
            "start_seconds": 325
        }
    }, 
    {
        "pk": 497, 
        "model": "c2g.videoactivity", 
        "fields": {
            "course": 3, 
            "video": 26, 
            "student": 41, 
            "start_seconds": 289
        }
    }, 
    {
        "pk": 498, 
        "model": "c2g.videoactivity", 
        "fields": {
            "course": 3, 
            "video": 26, 
            "student": 42, 
            "start_seconds": 41
        }
    }, 
    {
        "pk": 499, 
        "model": "c2g.videoactivity", 
        "fields": {
            "course": 3, 
            "video": 26, 
            "student": 43, 
            "start_seconds": 210
        }
    }, 
    {
        "pk": 500, 
        "model": "c2g.videoactivity", 
        "fields": {
            "course": 3, 
            "video": 26, 
            "student": 44, 
            "start_seconds": 4
        }
    }, 
    {
        "pk": 501, 
        "model": "c2g.videoactivity", 
        "fields": {
            "course": 3, 
            "video": 26, 
            "student": 45, 
            "start_seconds": 241
        }
    }, 
    {
        "pk": 502, 
        "model": "c2g.videoactivity", 
        "fields": {
            "course": 3, 
            "video": 26, 
            "student": 46, 
            "start_seconds": 338
        }
    }, 
    {
        "pk": 503, 
        "model": "c2g.videoactivity", 
        "fields": {
            "course": 3, 
            "video": 26, 
            "student": 47, 
            "start_seconds": 292
        }
    }, 
    {
        "pk": 504, 
        "model": "c2g.videoactivity", 
        "fields": {
            "course": 3, 
            "video": 26, 
            "student": 48, 
            "start_seconds": 156
        }
    }, 
    {
        "pk": 505, 
        "model": "c2g.videoactivity", 
        "fields": {
            "course": 3, 
            "video": 26, 
            "student": 49, 
            "start_seconds": 235
        }
    }, 
    {
        "pk": 506, 
        "model": "c2g.videoactivity", 
        "fields": {
            "course": 3, 
            "video": 26, 
            "student": 50, 
            "start_seconds": 287
        }
    }, 
    {
        "pk": 507, 
        "model": "c2g.videoactivity", 
        "fields": {
            "course": 3, 
            "video": 26, 
            "student": 51, 
            "start_seconds": 88
        }
    }, 
    {
        "pk": 508, 
        "model": "c2g.videoactivity", 
        "fields": {
            "course": 3, 
            "video": 28, 
            "student": 13, 
            "start_seconds": 506
        }
    }, 
    {
        "pk": 509, 
        "model": "c2g.videoactivity", 
        "fields": {
            "course": 3, 
            "video": 28, 
            "student": 14, 
            "start_seconds": 458
        }
    }, 
    {
        "pk": 510, 
        "model": "c2g.videoactivity", 
        "fields": {
            "course": 3, 
            "video": 28, 
            "student": 15, 
            "start_seconds": 500
        }
    }, 
    {
        "pk": 511, 
        "model": "c2g.videoactivity", 
        "fields": {
            "course": 3, 
            "video": 28, 
            "student": 16, 
            "start_seconds": 478
        }
    }, 
    {
        "pk": 512, 
        "model": "c2g.videoactivity", 
        "fields": {
            "course": 3, 
            "video": 28, 
            "student": 17, 
            "start_seconds": 398
        }
    }, 
    {
        "pk": 513, 
        "model": "c2g.videoactivity", 
        "fields": {
            "course": 3, 
            "video": 28, 
            "student": 18, 
            "start_seconds": 451
        }
    }, 
    {
        "pk": 514, 
        "model": "c2g.videoactivity", 
        "fields": {
            "course": 3, 
            "video": 28, 
            "student": 19, 
            "start_seconds": 175
        }
    }, 
    {
        "pk": 515, 
        "model": "c2g.videoactivity", 
        "fields": {
            "course": 3, 
            "video": 28, 
            "student": 20, 
            "start_seconds": 399
        }
    }, 
    {
        "pk": 516, 
        "model": "c2g.videoactivity", 
        "fields": {
            "course": 3, 
            "video": 28, 
            "student": 21, 
            "start_seconds": 47
        }
    }, 
    {
        "pk": 517, 
        "model": "c2g.videoactivity", 
        "fields": {
            "course": 3, 
            "video": 28, 
            "student": 22, 
            "start_seconds": 138
        }
    }, 
    {
        "pk": 518, 
        "model": "c2g.videoactivity", 
        "fields": {
            "course": 3, 
            "video": 28, 
            "student": 23, 
            "start_seconds": 52
        }
    }, 
    {
        "pk": 519, 
        "model": "c2g.videoactivity", 
        "fields": {
            "course": 3, 
            "video": 28, 
            "student": 24, 
            "start_seconds": 243
        }
    }, 
    {
        "pk": 520, 
        "model": "c2g.videoactivity", 
        "fields": {
            "course": 3, 
            "video": 28, 
            "student": 25, 
            "start_seconds": 103
        }
    }, 
    {
        "pk": 521, 
        "model": "c2g.videoactivity", 
        "fields": {
            "course": 3, 
            "video": 28, 
            "student": 26, 
            "start_seconds": 295
        }
    }, 
    {
        "pk": 522, 
        "model": "c2g.videoactivity", 
        "fields": {
            "course": 3, 
            "video": 28, 
            "student": 27, 
            "start_seconds": 147
        }
    }, 
    {
        "pk": 523, 
        "model": "c2g.videoactivity", 
        "fields": {
            "course": 3, 
            "video": 28, 
            "student": 28, 
            "start_seconds": 122
        }
    }, 
    {
        "pk": 524, 
        "model": "c2g.videoactivity", 
        "fields": {
            "course": 3, 
            "video": 28, 
            "student": 29, 
            "start_seconds": 217
        }
    }, 
    {
        "pk": 525, 
        "model": "c2g.videoactivity", 
        "fields": {
            "course": 3, 
            "video": 28, 
            "student": 30, 
            "start_seconds": 377
        }
    }, 
    {
        "pk": 526, 
        "model": "c2g.videoactivity", 
        "fields": {
            "course": 3, 
            "video": 28, 
            "student": 31, 
            "start_seconds": 126
        }
    }, 
    {
        "pk": 527, 
        "model": "c2g.videoactivity", 
        "fields": {
            "course": 3, 
            "video": 28, 
            "student": 32, 
            "start_seconds": 439
        }
    }, 
    {
        "pk": 528, 
        "model": "c2g.videoactivity", 
        "fields": {
            "course": 3, 
            "video": 28, 
            "student": 33, 
            "start_seconds": 350
        }
    }, 
    {
        "pk": 529, 
        "model": "c2g.videoactivity", 
        "fields": {
            "course": 3, 
            "video": 28, 
            "student": 34, 
            "start_seconds": 469
        }
    }, 
    {
        "pk": 530, 
        "model": "c2g.videoactivity", 
        "fields": {
            "course": 3, 
            "video": 28, 
            "student": 35, 
            "start_seconds": 470
        }
    }, 
    {
        "pk": 531, 
        "model": "c2g.videoactivity", 
        "fields": {
            "course": 3, 
            "video": 28, 
            "student": 36, 
            "start_seconds": 471
        }
    }, 
    {
        "pk": 532, 
        "model": "c2g.videoactivity", 
        "fields": {
            "course": 3, 
            "video": 28, 
            "student": 37, 
            "start_seconds": 270
        }
    }, 
    {
        "pk": 533, 
        "model": "c2g.videoactivity", 
        "fields": {
            "course": 3, 
            "video": 28, 
            "student": 38, 
            "start_seconds": 28
        }
    }, 
    {
        "pk": 534, 
        "model": "c2g.videoactivity", 
        "fields": {
            "course": 3, 
            "video": 28, 
            "student": 39, 
            "start_seconds": 512
        }
    }, 
    {
        "pk": 535, 
        "model": "c2g.videoactivity", 
        "fields": {
            "course": 3, 
            "video": 28, 
            "student": 40, 
            "start_seconds": 124
        }
    }, 
    {
        "pk": 536, 
        "model": "c2g.videoactivity", 
        "fields": {
            "course": 3, 
            "video": 28, 
            "student": 41, 
            "start_seconds": 400
        }
    }, 
    {
        "pk": 537, 
        "model": "c2g.videoactivity", 
        "fields": {
            "course": 3, 
            "video": 28, 
            "student": 42, 
            "start_seconds": 367
        }
    }, 
    {
        "pk": 538, 
        "model": "c2g.videoactivity", 
        "fields": {
            "course": 3, 
            "video": 28, 
            "student": 43, 
            "start_seconds": 68
        }
    }, 
    {
        "pk": 539, 
        "model": "c2g.videoactivity", 
        "fields": {
            "course": 3, 
            "video": 28, 
            "student": 44, 
            "start_seconds": 159
        }
    }, 
    {
        "pk": 540, 
        "model": "c2g.videoactivity", 
        "fields": {
            "course": 3, 
            "video": 28, 
            "student": 45, 
            "start_seconds": 425
        }
    }, 
    {
        "pk": 541, 
        "model": "c2g.videoactivity", 
        "fields": {
            "course": 3, 
            "video": 28, 
            "student": 46, 
            "start_seconds": 11
        }
    }, 
    {
        "pk": 542, 
        "model": "c2g.videoactivity", 
        "fields": {
            "course": 3, 
            "video": 28, 
            "student": 47, 
            "start_seconds": 328
        }
    }, 
    {
        "pk": 543, 
        "model": "c2g.videoactivity", 
        "fields": {
            "course": 3, 
            "video": 28, 
            "student": 48, 
            "start_seconds": 317
        }
    }, 
    {
        "pk": 544, 
        "model": "c2g.videoactivity", 
        "fields": {
            "course": 3, 
            "video": 28, 
            "student": 49, 
            "start_seconds": 233
        }
    }, 
    {
        "pk": 545, 
        "model": "c2g.videoactivity", 
        "fields": {
            "course": 3, 
            "video": 28, 
            "student": 50, 
            "start_seconds": 14
        }
    }, 
    {
        "pk": 546, 
        "model": "c2g.videoactivity", 
        "fields": {
            "course": 3, 
            "video": 28, 
            "student": 51, 
            "start_seconds": 323
        }
    }
]
