[
    {
        "pk": 6, 
        "model": "auth.group", 
        "fields": {
            "name": "Instructor Group for class2go course crypto--Fall2012 15547315", 
            "permissions": []
        }
    }, 
    {
        "pk": 2, 
        "model": "auth.group", 
        "fields": {
            "name": "Instructor Group for class2go course networking--Fall2012 23411983", 
            "permissions": []
        }
    }, 
    {
        "pk": 8, 
        "model": "auth.group", 
        "fields": {
            "name": "Readonly TAS Group for class2go course crypto--Fall2012 15547315", 
            "permissions": []
        }
    }, 
    {
        "pk": 4, 
        "model": "auth.group", 
        "fields": {
            "name": "Readonly TAS Group for class2go course networking--Fall2012 23411983", 
            "permissions": []
        }
    }, 
    {
        "pk": 5, 
        "model": "auth.group", 
        "fields": {
            "name": "Student Group for class2go course crypto--Fall2012 15547315", 
            "permissions": []
        }
    }, 
    {
        "pk": 1, 
        "model": "auth.group", 
        "fields": {
            "name": "Student Group for class2go course networking--Fall2012 23411983", 
            "permissions": []
        }
    }, 
    {
        "pk": 7, 
        "model": "auth.group", 
        "fields": {
            "name": "TAS Group for class2go course crypto--Fall2012 15547315", 
            "permissions": []
        }
    }, 
    {
        "pk": 3, 
        "model": "auth.group", 
        "fields": {
            "name": "TAS Group for class2go course networking--Fall2012 23411983", 
            "permissions": []
        }
    }, 
    {
        "pk": 1, 
        "model": "auth.user", 
        "fields": {
            "username": "professor_0", 
            "first_name": "Tess", 
            "last_name": "Teacher", 
            "is_active": true, 
            "is_superuser": false, 
            "is_staff": true, 
            "last_login": "2012-11-29T16:19:47", 
            "groups": [
                [
                    "Instructor Group for class2go course networking--Fall2012 23411983"
                ]
            ], 
            "user_permissions": [], 
            "password": "pbkdf2_sha256$10000$VcuXTG1s5WUx$S9ASLtiy1MuQIXIM3DOJKIF5PzYs9pKk3bLGziuleMw=", 
            "email": "professor_0@stanford.edu", 
            "date_joined": "2012-11-29T16:19:47"
        }
    }, 
    {
        "pk": 2, 
        "model": "auth.user", 
        "fields": {
            "username": "professor_1", 
            "first_name": "Tess", 
            "last_name": "Teacher", 
            "is_active": true, 
            "is_superuser": false, 
            "is_staff": true, 
            "last_login": "2012-11-29T16:19:47", 
            "groups": [
                [
                    "Instructor Group for class2go course networking--Fall2012 23411983"
                ]
            ], 
            "user_permissions": [], 
            "password": "pbkdf2_sha256$10000$u6Ms3gSTGKN5$jbG+Vd2XvlD2w+h8P7nrx1KLvJPlun4P0qg82/Hn2/I=", 
            "email": "professor_1@stanford.edu", 
            "date_joined": "2012-11-29T16:19:47"
        }
    }, 
    {
        "pk": 3, 
        "model": "auth.user", 
        "fields": {
            "username": "professor_2", 
            "first_name": "Tess", 
            "last_name": "Teacher", 
            "is_active": true, 
            "is_superuser": false, 
            "is_staff": true, 
            "last_login": "2012-11-29T16:19:47", 
            "groups": [
                [
                    "Instructor Group for class2go course networking--Fall2012 23411983"
                ]
            ], 
            "user_permissions": [], 
            "password": "pbkdf2_sha256$10000$UDiJOUsXBABj$KQGiknbJSMHy6x7uqdvze48perr2dA0WdymRzuDIyts=", 
            "email": "professor_2@stanford.edu", 
            "date_joined": "2012-11-29T16:19:47"
        }
    }, 
    {
        "pk": 4, 
        "model": "auth.user", 
        "fields": {
            "username": "professor_3", 
            "first_name": "Tess", 
            "last_name": "Teacher", 
            "is_active": true, 
            "is_superuser": false, 
            "is_staff": true, 
            "last_login": "2012-11-29T16:19:47", 
            "groups": [], 
            "user_permissions": [], 
            "password": "pbkdf2_sha256$10000$7K5lK80MVnDU$muYKHpstWB3fWBQdVFs09oSPzRG+sE9teyJxuYzs3XU=", 
            "email": "professor_3@stanford.edu", 
            "date_joined": "2012-11-29T16:19:47"
        }
    }, 
    {
        "pk": 5, 
        "model": "auth.user", 
        "fields": {
            "username": "ta_0", 
            "first_name": "Alan", 
            "last_name": "Assistant", 
            "is_active": true, 
            "is_superuser": false, 
            "is_staff": false, 
            "last_login": "2012-11-29T16:19:47", 
            "groups": [
                [
                    "TAS Group for class2go course networking--Fall2012 23411983"
                ]
            ], 
            "user_permissions": [], 
            "password": "pbkdf2_sha256$10000$WosiIA5B20pD$QdZeXZvxnil3Ny/AJU70ZlplQu8UzM3zocuVLCaWnh8=", 
            "email": "ta_0@stanford.edu", 
            "date_joined": "2012-11-29T16:19:47"
        }
    }, 
    {
        "pk": 6, 
        "model": "auth.user", 
        "fields": {
            "username": "ta_1", 
            "first_name": "Alan", 
            "last_name": "Assistant", 
            "is_active": true, 
            "is_superuser": false, 
            "is_staff": false, 
            "last_login": "2012-11-29T16:19:48", 
            "groups": [
                [
                    "TAS Group for class2go course networking--Fall2012 23411983"
                ]
            ], 
            "user_permissions": [], 
            "password": "pbkdf2_sha256$10000$caI2WTozb8lv$53d5IZjLVTzBcFinQ8Z4X4YSjN5A+EemMreuy2EtDXU=", 
            "email": "ta_1@stanford.edu", 
            "date_joined": "2012-11-29T16:19:48"
        }
    }, 
    {
        "pk": 7, 
        "model": "auth.user", 
        "fields": {
            "username": "ta_2", 
            "first_name": "Alan", 
            "last_name": "Assistant", 
            "is_active": true, 
            "is_superuser": false, 
            "is_staff": false, 
            "last_login": "2012-11-29T16:19:48", 
            "groups": [
                [
                    "TAS Group for class2go course networking--Fall2012 23411983"
                ]
            ], 
            "user_permissions": [], 
            "password": "pbkdf2_sha256$10000$Ban9fwfmcGmT$QICUQNCCduDivZmgXcygV54XAdj1c3GJ8JHwDco0LD4=", 
            "email": "ta_2@stanford.edu", 
            "date_joined": "2012-11-29T16:19:48"
        }
    }, 
    {
        "pk": 8, 
        "model": "auth.user", 
        "fields": {
            "username": "ta_3", 
            "first_name": "Alan", 
            "last_name": "Assistant", 
            "is_active": true, 
            "is_superuser": false, 
            "is_staff": false, 
            "last_login": "2012-11-29T16:19:48", 
            "groups": [], 
            "user_permissions": [], 
            "password": "pbkdf2_sha256$10000$DWF0nj6Dwfeu$Vg9Y1/f8x753UR5nLglIJd94N537zQNmdUe+/eNyoOw=", 
            "email": "ta_3@stanford.edu", 
            "date_joined": "2012-11-29T16:19:48"
        }
    }, 
    {
        "pk": 9, 
        "model": "auth.user", 
        "fields": {
            "username": "readonly_ta_0", 
            "first_name": "Roger", 
            "last_name": "Readonly", 
            "is_active": true, 
            "is_superuser": false, 
            "is_staff": false, 
            "last_login": "2012-11-29T16:19:48", 
            "groups": [
                [
                    "Readonly TAS Group for class2go course networking--Fall2012 23411983"
                ]
            ], 
            "user_permissions": [], 
            "password": "pbkdf2_sha256$10000$tkBwG9vrTznX$dzeBQR0BEVc8SzDJaDDmlX0Ur6XLnb0DcbQK1kp0X00=", 
            "email": "readonly_ta_0@stanford.edu", 
            "date_joined": "2012-11-29T16:19:48"
        }
    }, 
    {
        "pk": 10, 
        "model": "auth.user", 
        "fields": {
            "username": "readonly_ta_1", 
            "first_name": "Roger", 
            "last_name": "Readonly", 
            "is_active": true, 
            "is_superuser": false, 
            "is_staff": false, 
            "last_login": "2012-11-29T16:19:48", 
            "groups": [
                [
                    "Readonly TAS Group for class2go course networking--Fall2012 23411983"
                ]
            ], 
            "user_permissions": [], 
            "password": "pbkdf2_sha256$10000$2naHy2NE8eA8$tjSWDp5z3AxHW8PVAA8iedti6IQN6NjF7nt027Ad72k=", 
            "email": "readonly_ta_1@stanford.edu", 
            "date_joined": "2012-11-29T16:19:48"
        }
    }, 
    {
        "pk": 11, 
        "model": "auth.user", 
        "fields": {
            "username": "readonly_ta_2", 
            "first_name": "Roger", 
            "last_name": "Readonly", 
            "is_active": true, 
            "is_superuser": false, 
            "is_staff": false, 
            "last_login": "2012-11-29T16:19:49", 
            "groups": [
                [
                    "Readonly TAS Group for class2go course networking--Fall2012 23411983"
                ]
            ], 
            "user_permissions": [], 
            "password": "pbkdf2_sha256$10000$alRRRmwpyLoi$NIJ2H3/d2pTXa9POTn1A+tZeHHfyCjsg3Cp27Z24lTM=", 
            "email": "readonly_ta_2@stanford.edu", 
            "date_joined": "2012-11-29T16:19:49"
        }
    }, 
    {
        "pk": 12, 
        "model": "auth.user", 
        "fields": {
            "username": "readonly_ta_3", 
            "first_name": "Roger", 
            "last_name": "Readonly", 
            "is_active": true, 
            "is_superuser": false, 
            "is_staff": false, 
            "last_login": "2012-11-29T16:19:49", 
            "groups": [], 
            "user_permissions": [], 
            "password": "pbkdf2_sha256$10000$qRrArdf88Y3H$3s2cGhoBiFMYgN/+MStUSxTCrv+EeLUKKO1z9xmyxWg=", 
            "email": "readonly_ta_3@stanford.edu", 
            "date_joined": "2012-11-29T16:19:49"
        }
    }, 
    {
        "pk": 13, 
        "model": "auth.user", 
        "fields": {
            "username": "student_0", 
            "first_name": "Sarah", 
            "last_name": "Student", 
            "is_active": true, 
            "is_superuser": false, 
            "is_staff": false, 
            "last_login": "2012-11-29T16:19:49", 
            "groups": [
                [
                    "Student Group for class2go course networking--Fall2012 23411983"
                ]
            ], 
            "user_permissions": [], 
            "password": "pbkdf2_sha256$10000$WnOyWiR3QlWC$eLiOHO6CjoQoabk1XNvEamSnHoXvbEvsJtF1kNYgRxM=", 
            "email": "student_0@stanford.edu", 
            "date_joined": "2012-11-29T16:19:49"
        }
    }, 
    {
        "pk": 14, 
        "model": "auth.user", 
        "fields": {
            "username": "student_1", 
            "first_name": "Sarah", 
            "last_name": "Student", 
            "is_active": true, 
            "is_superuser": false, 
            "is_staff": false, 
            "last_login": "2012-11-29T16:19:49", 
            "groups": [
                [
                    "Student Group for class2go course networking--Fall2012 23411983"
                ]
            ], 
            "user_permissions": [], 
            "password": "pbkdf2_sha256$10000$XuijzuHhHv0c$rmfnE7hFTSScJXHDXbfQji4ganyHOvmu6bb0D3TOiq0=", 
            "email": "student_1@stanford.edu", 
            "date_joined": "2012-11-29T16:19:49"
        }
    }, 
    {
        "pk": 15, 
        "model": "auth.user", 
        "fields": {
            "username": "student_2", 
            "first_name": "Sarah", 
            "last_name": "Student", 
            "is_active": true, 
            "is_superuser": false, 
            "is_staff": false, 
            "last_login": "2012-11-29T16:19:50", 
            "groups": [
                [
                    "Student Group for class2go course networking--Fall2012 23411983"
                ]
            ], 
            "user_permissions": [], 
            "password": "pbkdf2_sha256$10000$Jg1anEanHUyJ$mKf0XI4sqSoKYCnRr3pNBMzV9YAZFflBJIIXsvzqzbg=", 
            "email": "student_2@stanford.edu", 
            "date_joined": "2012-11-29T16:19:50"
        }
    }, 
    {
        "pk": 16, 
        "model": "auth.user", 
        "fields": {
            "username": "student_3", 
            "first_name": "Sarah", 
            "last_name": "Student", 
            "is_active": true, 
            "is_superuser": false, 
            "is_staff": false, 
            "last_login": "2012-11-29T16:19:50", 
            "groups": [
                [
                    "Student Group for class2go course networking--Fall2012 23411983"
                ]
            ], 
            "user_permissions": [], 
            "password": "pbkdf2_sha256$10000$eY2WRKAL4fKM$IrQ9MDVnzYGFxkpixAJIv3krD+CNomdBf0VtKPqEezM=", 
            "email": "student_3@stanford.edu", 
            "date_joined": "2012-11-29T16:19:50"
        }
    }, 
    {
        "pk": 17, 
        "model": "auth.user", 
        "fields": {
            "username": "student_4", 
            "first_name": "Sarah", 
            "last_name": "Student", 
            "is_active": true, 
            "is_superuser": false, 
            "is_staff": false, 
            "last_login": "2012-11-29T16:19:51", 
            "groups": [
                [
                    "Student Group for class2go course networking--Fall2012 23411983"
                ]
            ], 
            "user_permissions": [], 
            "password": "pbkdf2_sha256$10000$JXIukDjtihf4$XO0r4hJHngVtHIdZ1gcMCzI+nwvwyf3yubaPj1KnNFs=", 
            "email": "student_4@stanford.edu", 
            "date_joined": "2012-11-29T16:19:51"
        }
    }, 
    {
        "pk": 18, 
        "model": "auth.user", 
        "fields": {
            "username": "student_5", 
            "first_name": "Sarah", 
            "last_name": "Student", 
            "is_active": true, 
            "is_superuser": false, 
            "is_staff": false, 
            "last_login": "2012-11-29T16:19:51", 
            "groups": [
                [
                    "Student Group for class2go course networking--Fall2012 23411983"
                ]
            ], 
            "user_permissions": [], 
            "password": "pbkdf2_sha256$10000$YtqqFtpPks8X$s0q0Sw+nWJZtZ5o+i3WtWjovDH+8VyJzMLs539yooRk=", 
            "email": "student_5@stanford.edu", 
            "date_joined": "2012-11-29T16:19:51"
        }
    }, 
    {
        "pk": 19, 
        "model": "auth.user", 
        "fields": {
            "username": "student_6", 
            "first_name": "Sarah", 
            "last_name": "Student", 
            "is_active": true, 
            "is_superuser": false, 
            "is_staff": false, 
            "last_login": "2012-11-29T16:19:51", 
            "groups": [
                [
                    "Student Group for class2go course networking--Fall2012 23411983"
                ]
            ], 
            "user_permissions": [], 
            "password": "pbkdf2_sha256$10000$XgakLci6GdwI$hE183aUfobiWWiIc0+8XK3a55a3JGFFTa2G43VPJFNA=", 
            "email": "student_6@stanford.edu", 
            "date_joined": "2012-11-29T16:19:51"
        }
    }, 
    {
        "pk": 20, 
        "model": "auth.user", 
        "fields": {
            "username": "student_7", 
            "first_name": "Sarah", 
            "last_name": "Student", 
            "is_active": true, 
            "is_superuser": false, 
            "is_staff": false, 
            "last_login": "2012-11-29T16:19:51", 
            "groups": [
                [
                    "Student Group for class2go course networking--Fall2012 23411983"
                ]
            ], 
            "user_permissions": [], 
            "password": "pbkdf2_sha256$10000$QzKuUPzvntPb$uVRi0visq3tFWHm3gNoEzvltfns1PxD3o2IWtg2J2CM=", 
            "email": "student_7@stanford.edu", 
            "date_joined": "2012-11-29T16:19:51"
        }
    }, 
    {
        "pk": 21, 
        "model": "auth.user", 
        "fields": {
            "username": "student_8", 
            "first_name": "Sarah", 
            "last_name": "Student", 
            "is_active": true, 
            "is_superuser": false, 
            "is_staff": false, 
            "last_login": "2012-11-29T16:19:51", 
            "groups": [
                [
                    "Student Group for class2go course networking--Fall2012 23411983"
                ]
            ], 
            "user_permissions": [], 
            "password": "pbkdf2_sha256$10000$LfNFYVGSkBMh$91SFLbtvs1WG/xAs9eM057Ccpu+iZbIse44xEUsLcAs=", 
            "email": "student_8@stanford.edu", 
            "date_joined": "2012-11-29T16:19:51"
        }
    }, 
    {
        "pk": 22, 
        "model": "auth.user", 
        "fields": {
            "username": "student_9", 
            "first_name": "Sarah", 
            "last_name": "Student", 
            "is_active": true, 
            "is_superuser": false, 
            "is_staff": false, 
            "last_login": "2012-11-29T16:19:51", 
            "groups": [
                [
                    "Student Group for class2go course networking--Fall2012 23411983"
                ]
            ], 
            "user_permissions": [], 
            "password": "pbkdf2_sha256$10000$Fzmny3yTHNHB$NYFJm9qcg71dBwf54wEPbVOrplOnrHUjUY9YeFjFhos=", 
            "email": "student_9@stanford.edu", 
            "date_joined": "2012-11-29T16:19:51"
        }
    }, 
    {
        "pk": 23, 
        "model": "auth.user", 
        "fields": {
            "username": "student_10", 
            "first_name": "Sarah", 
            "last_name": "Student", 
            "is_active": true, 
            "is_superuser": false, 
            "is_staff": false, 
            "last_login": "2012-11-29T16:19:52", 
            "groups": [
                [
                    "Student Group for class2go course networking--Fall2012 23411983"
                ]
            ], 
            "user_permissions": [], 
            "password": "pbkdf2_sha256$10000$x9TNib4DXiuu$cAaoPYKNjM94VRucY4sAo1WFtxGg9UfYbKHPk7hZmCg=", 
            "email": "student_10@stanford.edu", 
            "date_joined": "2012-11-29T16:19:52"
        }
    }, 
    {
        "pk": 24, 
        "model": "auth.user", 
        "fields": {
            "username": "student_11", 
            "first_name": "Sarah", 
            "last_name": "Student", 
            "is_active": true, 
            "is_superuser": false, 
            "is_staff": false, 
            "last_login": "2012-11-29T16:19:52", 
            "groups": [
                [
                    "Student Group for class2go course networking--Fall2012 23411983"
                ]
            ], 
            "user_permissions": [], 
            "password": "pbkdf2_sha256$10000$UJlsVI0zdelQ$BWKHfjErrSSa1HeV3uRYPmbHt5wHW0v3lEglmcFH0D0=", 
            "email": "student_11@stanford.edu", 
            "date_joined": "2012-11-29T16:19:52"
        }
    }, 
    {
        "pk": 25, 
        "model": "auth.user", 
        "fields": {
            "username": "student_12", 
            "first_name": "Sarah", 
            "last_name": "Student", 
            "is_active": true, 
            "is_superuser": false, 
            "is_staff": false, 
            "last_login": "2012-11-29T16:19:52", 
            "groups": [
                [
                    "Student Group for class2go course networking--Fall2012 23411983"
                ]
            ], 
            "user_permissions": [], 
            "password": "pbkdf2_sha256$10000$n1DTD3ASIluM$+hNyEbSvH9qdEd0cZB8mITY1czgM6m+igs6JS/9DU18=", 
            "email": "student_12@stanford.edu", 
            "date_joined": "2012-11-29T16:19:52"
        }
    }, 
    {
        "pk": 26, 
        "model": "auth.user", 
        "fields": {
            "username": "student_13", 
            "first_name": "Sarah", 
            "last_name": "Student", 
            "is_active": true, 
            "is_superuser": false, 
            "is_staff": false, 
            "last_login": "2012-11-29T16:19:52", 
            "groups": [
                [
                    "Student Group for class2go course networking--Fall2012 23411983"
                ]
            ], 
            "user_permissions": [], 
            "password": "pbkdf2_sha256$10000$oyhXC8qKDaa1$MLZkAFghwJi8+PZ22h7kr2rlcv8sdv5Fu2Xoumr3WYo=", 
            "email": "student_13@stanford.edu", 
            "date_joined": "2012-11-29T16:19:52"
        }
    }, 
    {
        "pk": 27, 
        "model": "auth.user", 
        "fields": {
            "username": "student_14", 
            "first_name": "Sarah", 
            "last_name": "Student", 
            "is_active": true, 
            "is_superuser": false, 
            "is_staff": false, 
            "last_login": "2012-11-29T16:19:52", 
            "groups": [
                [
                    "Student Group for class2go course networking--Fall2012 23411983"
                ]
            ], 
            "user_permissions": [], 
            "password": "pbkdf2_sha256$10000$mSc9iDaocLEq$JoRClw0qsdMwsiSHDPnzsucgrdjexPqJnYjOkLmEboY=", 
            "email": "student_14@stanford.edu", 
            "date_joined": "2012-11-29T16:19:52"
        }
    }, 
    {
        "pk": 28, 
        "model": "auth.user", 
        "fields": {
            "username": "student_15", 
            "first_name": "Sarah", 
            "last_name": "Student", 
            "is_active": true, 
            "is_superuser": false, 
            "is_staff": false, 
            "last_login": "2012-11-29T16:19:53", 
            "groups": [
                [
                    "Student Group for class2go course networking--Fall2012 23411983"
                ]
            ], 
            "user_permissions": [], 
            "password": "pbkdf2_sha256$10000$tZgC686m72h0$MNastzUXivatV2iaUOhl1AOmOgQ5A+0/nCIRSUs7wIM=", 
            "email": "student_15@stanford.edu", 
            "date_joined": "2012-11-29T16:19:53"
        }
    }, 
    {
        "pk": 29, 
        "model": "auth.user", 
        "fields": {
            "username": "student_16", 
            "first_name": "Sarah", 
            "last_name": "Student", 
            "is_active": true, 
            "is_superuser": false, 
            "is_staff": false, 
            "last_login": "2012-11-29T16:19:53", 
            "groups": [
                [
                    "Student Group for class2go course networking--Fall2012 23411983"
                ]
            ], 
            "user_permissions": [], 
            "password": "pbkdf2_sha256$10000$pL7kbcShnwDL$hSryKV8F/VDwA9uWXsTIRaYRq1GGpzMv9ZofLOozXUk=", 
            "email": "student_16@stanford.edu", 
            "date_joined": "2012-11-29T16:19:53"
        }
    }, 
    {
        "pk": 30, 
        "model": "auth.user", 
        "fields": {
            "username": "student_17", 
            "first_name": "Sarah", 
            "last_name": "Student", 
            "is_active": true, 
            "is_superuser": false, 
            "is_staff": false, 
            "last_login": "2012-11-29T16:19:53", 
            "groups": [
                [
                    "Student Group for class2go course networking--Fall2012 23411983"
                ]
            ], 
            "user_permissions": [], 
            "password": "pbkdf2_sha256$10000$Ktj9v4ViUApw$SRbOy+9WvZXzYDSiWst3FALLiy5inmt4/tzR7Cn8gns=", 
            "email": "student_17@stanford.edu", 
            "date_joined": "2012-11-29T16:19:53"
        }
    }, 
    {
        "pk": 31, 
        "model": "auth.user", 
        "fields": {
            "username": "student_18", 
            "first_name": "Sarah", 
            "last_name": "Student", 
            "is_active": true, 
            "is_superuser": false, 
            "is_staff": false, 
            "last_login": "2012-11-29T16:19:53", 
            "groups": [
                [
                    "Student Group for class2go course networking--Fall2012 23411983"
                ]
            ], 
            "user_permissions": [], 
            "password": "pbkdf2_sha256$10000$sc1loEJ8pdSJ$bsMwIg609m2hji4uFl3xeY0+mgTtbLKOeE+w57ttcb4=", 
            "email": "student_18@stanford.edu", 
            "date_joined": "2012-11-29T16:19:53"
        }
    }, 
    {
        "pk": 32, 
        "model": "auth.user", 
        "fields": {
            "username": "student_19", 
            "first_name": "Sarah", 
            "last_name": "Student", 
            "is_active": true, 
            "is_superuser": false, 
            "is_staff": false, 
            "last_login": "2012-11-29T16:19:53", 
            "groups": [
                [
                    "Student Group for class2go course networking--Fall2012 23411983"
                ]
            ], 
            "user_permissions": [], 
            "password": "pbkdf2_sha256$10000$uFCyU9R3p7mM$jed/ebqMxyNvJl2zmmB/eiDoIsbgeYh/+J0b9jBmHbQ=", 
            "email": "student_19@stanford.edu", 
            "date_joined": "2012-11-29T16:19:53"
        }
    }, 
    {
        "pk": 33, 
        "model": "auth.user", 
        "fields": {
            "username": "student_20", 
            "first_name": "Sarah", 
            "last_name": "Student", 
            "is_active": true, 
            "is_superuser": false, 
            "is_staff": false, 
            "last_login": "2012-11-29T16:19:54", 
            "groups": [
                [
                    "Student Group for class2go course networking--Fall2012 23411983"
                ]
            ], 
            "user_permissions": [], 
            "password": "pbkdf2_sha256$10000$hz1ScCEfadRt$DgeYFHO8FX4DDr3zeVGD1V9nI84SIJU+zqXh3Z9JwA0=", 
            "email": "student_20@stanford.edu", 
            "date_joined": "2012-11-29T16:19:54"
        }
    }, 
    {
        "pk": 34, 
        "model": "auth.user", 
        "fields": {
            "username": "student_21", 
            "first_name": "Sarah", 
            "last_name": "Student", 
            "is_active": true, 
            "is_superuser": false, 
            "is_staff": false, 
            "last_login": "2012-11-29T16:19:54", 
            "groups": [
                [
                    "Student Group for class2go course networking--Fall2012 23411983"
                ]
            ], 
            "user_permissions": [], 
            "password": "pbkdf2_sha256$10000$IwRDQwKRVEhY$OSWUxjR1FUkpOIwdU9uJydjqCdNBqcym5C6bPmvxu+Q=", 
            "email": "student_21@stanford.edu", 
            "date_joined": "2012-11-29T16:19:54"
        }
    }, 
    {
        "pk": 35, 
        "model": "auth.user", 
        "fields": {
            "username": "student_22", 
            "first_name": "Sarah", 
            "last_name": "Student", 
            "is_active": true, 
            "is_superuser": false, 
            "is_staff": false, 
            "last_login": "2012-11-29T16:19:54", 
            "groups": [
                [
                    "Student Group for class2go course networking--Fall2012 23411983"
                ]
            ], 
            "user_permissions": [], 
            "password": "pbkdf2_sha256$10000$FBtMiNh2RJ0i$p/EsdjEzCQJOuFu3ZwFpnJ4rsJvQ5a7UvxRVg1arhNg=", 
            "email": "student_22@stanford.edu", 
            "date_joined": "2012-11-29T16:19:54"
        }
    }, 
    {
        "pk": 36, 
        "model": "auth.user", 
        "fields": {
            "username": "student_23", 
            "first_name": "Sarah", 
            "last_name": "Student", 
            "is_active": true, 
            "is_superuser": false, 
            "is_staff": false, 
            "last_login": "2012-11-29T16:19:54", 
            "groups": [
                [
                    "Student Group for class2go course networking--Fall2012 23411983"
                ]
            ], 
            "user_permissions": [], 
            "password": "pbkdf2_sha256$10000$qkhlJ5CGewvD$9g7qIRmCDbFIf1S3BryiSJ/5BHGbOwATGk9iuyaDWOo=", 
            "email": "student_23@stanford.edu", 
            "date_joined": "2012-11-29T16:19:54"
        }
    }, 
    {
        "pk": 37, 
        "model": "auth.user", 
        "fields": {
            "username": "student_24", 
            "first_name": "Sarah", 
            "last_name": "Student", 
            "is_active": true, 
            "is_superuser": false, 
            "is_staff": false, 
            "last_login": "2012-11-29T16:19:54", 
            "groups": [
                [
                    "Student Group for class2go course networking--Fall2012 23411983"
                ]
            ], 
            "user_permissions": [], 
            "password": "pbkdf2_sha256$10000$7Jgq048x7dlW$veVuulVZRzrGRahSzyb70lg9nXjpBqVsjNwnFuYekeA=", 
            "email": "student_24@stanford.edu", 
            "date_joined": "2012-11-29T16:19:54"
        }
    }, 
    {
        "pk": 38, 
        "model": "auth.user", 
        "fields": {
            "username": "student_25", 
            "first_name": "Sarah", 
            "last_name": "Student", 
            "is_active": true, 
            "is_superuser": false, 
            "is_staff": false, 
            "last_login": "2012-11-29T16:19:55", 
            "groups": [
                [
                    "Student Group for class2go course networking--Fall2012 23411983"
                ]
            ], 
            "user_permissions": [], 
            "password": "pbkdf2_sha256$10000$npGwxzy2TFhG$naEqXqIGxtrAIGxnA5s7RP1nHhnPLD31NPLv7cAF/Qs=", 
            "email": "student_25@stanford.edu", 
            "date_joined": "2012-11-29T16:19:55"
        }
    }, 
    {
        "pk": 39, 
        "model": "auth.user", 
        "fields": {
            "username": "student_26", 
            "first_name": "Sarah", 
            "last_name": "Student", 
            "is_active": true, 
            "is_superuser": false, 
            "is_staff": false, 
            "last_login": "2012-11-29T16:19:55", 
            "groups": [
                [
                    "Student Group for class2go course networking--Fall2012 23411983"
                ]
            ], 
            "user_permissions": [], 
            "password": "pbkdf2_sha256$10000$PZpPQj6biLva$hcZAfFEBrbzwZF9z2PWmc64SOF2cMorma1wq19b7wRk=", 
            "email": "student_26@stanford.edu", 
            "date_joined": "2012-11-29T16:19:55"
        }
    }, 
    {
        "pk": 40, 
        "model": "auth.user", 
        "fields": {
            "username": "student_27", 
            "first_name": "Sarah", 
            "last_name": "Student", 
            "is_active": true, 
            "is_superuser": false, 
            "is_staff": false, 
            "last_login": "2012-11-29T16:19:55", 
            "groups": [
                [
                    "Student Group for class2go course networking--Fall2012 23411983"
                ]
            ], 
            "user_permissions": [], 
            "password": "pbkdf2_sha256$10000$URxD7KvxtKRx$euGVfnv2LGQIgdc4Zmx4eSIYYYWDBrSqEJIEiEV9gPI=", 
            "email": "student_27@stanford.edu", 
            "date_joined": "2012-11-29T16:19:55"
        }
    }, 
    {
        "pk": 41, 
        "model": "auth.user", 
        "fields": {
            "username": "student_28", 
            "first_name": "Sarah", 
            "last_name": "Student", 
            "is_active": true, 
            "is_superuser": false, 
            "is_staff": false, 
            "last_login": "2012-11-29T16:19:55", 
            "groups": [
                [
                    "Student Group for class2go course networking--Fall2012 23411983"
                ]
            ], 
            "user_permissions": [], 
            "password": "pbkdf2_sha256$10000$okGhdUdMTN8W$3DHSO53bVdjRUkP2+Cyos3aLyvrNxqIAPL6CeJofD+g=", 
            "email": "student_28@stanford.edu", 
            "date_joined": "2012-11-29T16:19:55"
        }
    }, 
    {
        "pk": 42, 
        "model": "auth.user", 
        "fields": {
            "username": "student_29", 
            "first_name": "Sarah", 
            "last_name": "Student", 
            "is_active": true, 
            "is_superuser": false, 
            "is_staff": false, 
            "last_login": "2012-11-29T16:19:55", 
            "groups": [
                [
                    "Student Group for class2go course networking--Fall2012 23411983"
                ]
            ], 
            "user_permissions": [], 
            "password": "pbkdf2_sha256$10000$qXnJ0ktsbpFh$9u5zDGMHoAAEHMknySiR9URsHPJZRxcwEy/zOvsUPgU=", 
            "email": "student_29@stanford.edu", 
            "date_joined": "2012-11-29T16:19:55"
        }
    }, 
    {
        "pk": 43, 
        "model": "auth.user", 
        "fields": {
            "username": "student_30", 
            "first_name": "Sarah", 
            "last_name": "Student", 
            "is_active": true, 
            "is_superuser": false, 
            "is_staff": false, 
            "last_login": "2012-11-29T16:19:55", 
            "groups": [
                [
                    "Student Group for class2go course networking--Fall2012 23411983"
                ]
            ], 
            "user_permissions": [], 
            "password": "pbkdf2_sha256$10000$ziWtsxUdyU04$o50gBR0fdgnOBtPRGNzPOJEXLChcmLU05pyKu7XQZOk=", 
            "email": "student_30@stanford.edu", 
            "date_joined": "2012-11-29T16:19:55"
        }
    }, 
    {
        "pk": 44, 
        "model": "auth.user", 
        "fields": {
            "username": "student_31", 
            "first_name": "Sarah", 
            "last_name": "Student", 
            "is_active": true, 
            "is_superuser": false, 
            "is_staff": false, 
            "last_login": "2012-11-29T16:19:56", 
            "groups": [
                [
                    "Student Group for class2go course networking--Fall2012 23411983"
                ]
            ], 
            "user_permissions": [], 
            "password": "pbkdf2_sha256$10000$wdYy8r207nRx$BFOB870SzQB+xf6wlxkENWewvgIppcCZpPAySBqIMI0=", 
            "email": "student_31@stanford.edu", 
            "date_joined": "2012-11-29T16:19:56"
        }
    }, 
    {
        "pk": 45, 
        "model": "auth.user", 
        "fields": {
            "username": "student_32", 
            "first_name": "Sarah", 
            "last_name": "Student", 
            "is_active": true, 
            "is_superuser": false, 
            "is_staff": false, 
            "last_login": "2012-11-29T16:19:56", 
            "groups": [
                [
                    "Student Group for class2go course networking--Fall2012 23411983"
                ]
            ], 
            "user_permissions": [], 
            "password": "pbkdf2_sha256$10000$YnNk3reWbcKj$XGiHUOkM4gh27adkiHprBSO9KTCcW/4mRPjTWjMFcYY=", 
            "email": "student_32@stanford.edu", 
            "date_joined": "2012-11-29T16:19:56"
        }
    }, 
    {
        "pk": 46, 
        "model": "auth.user", 
        "fields": {
            "username": "student_33", 
            "first_name": "Sarah", 
            "last_name": "Student", 
            "is_active": true, 
            "is_superuser": false, 
            "is_staff": false, 
            "last_login": "2012-11-29T16:19:56", 
            "groups": [
                [
                    "Student Group for class2go course networking--Fall2012 23411983"
                ]
            ], 
            "user_permissions": [], 
            "password": "pbkdf2_sha256$10000$4UUmIW5feXwa$0U5A1eSPMRs8Ez2pyCQUDkV6p51nI0KPQ+ArHpfKHQk=", 
            "email": "student_33@stanford.edu", 
            "date_joined": "2012-11-29T16:19:56"
        }
    }, 
    {
        "pk": 47, 
        "model": "auth.user", 
        "fields": {
            "username": "student_34", 
            "first_name": "Sarah", 
            "last_name": "Student", 
            "is_active": true, 
            "is_superuser": false, 
            "is_staff": false, 
            "last_login": "2012-11-29T16:19:56", 
            "groups": [
                [
                    "Student Group for class2go course networking--Fall2012 23411983"
                ]
            ], 
            "user_permissions": [], 
            "password": "pbkdf2_sha256$10000$6KBv0jb1vcg2$SqlkcE0pVoZ/oNHK9pFfyNDOwLIYMo7o/MkKshK173g=", 
            "email": "student_34@stanford.edu", 
            "date_joined": "2012-11-29T16:19:56"
        }
    }, 
    {
        "pk": 48, 
        "model": "auth.user", 
        "fields": {
            "username": "student_35", 
            "first_name": "Sarah", 
            "last_name": "Student", 
            "is_active": true, 
            "is_superuser": false, 
            "is_staff": false, 
            "last_login": "2012-11-29T16:19:56", 
            "groups": [
                [
                    "Student Group for class2go course networking--Fall2012 23411983"
                ]
            ], 
            "user_permissions": [], 
            "password": "pbkdf2_sha256$10000$QRUBTTIX3o59$2AwXF3zgtB4WApgqavNmw3qT4d1JZj1Ht0J6lHNP+bs=", 
            "email": "student_35@stanford.edu", 
            "date_joined": "2012-11-29T16:19:56"
        }
    }, 
    {
        "pk": 49, 
        "model": "auth.user", 
        "fields": {
            "username": "student_36", 
            "first_name": "Sarah", 
            "last_name": "Student", 
            "is_active": true, 
            "is_superuser": false, 
            "is_staff": false, 
            "last_login": "2012-11-29T16:19:57", 
            "groups": [
                [
                    "Student Group for class2go course networking--Fall2012 23411983"
                ]
            ], 
            "user_permissions": [], 
            "password": "pbkdf2_sha256$10000$m0LzeqFtDISx$D8VDhmwM2+SyomhqwP8Cuqb/o/qtiYFxEf2Gl685I64=", 
            "email": "student_36@stanford.edu", 
            "date_joined": "2012-11-29T16:19:57"
        }
    }, 
    {
        "pk": 50, 
        "model": "auth.user", 
        "fields": {
            "username": "student_37", 
            "first_name": "Sarah", 
            "last_name": "Student", 
            "is_active": true, 
            "is_superuser": false, 
            "is_staff": false, 
            "last_login": "2012-11-29T16:19:57", 
            "groups": [
                [
                    "Student Group for class2go course networking--Fall2012 23411983"
                ]
            ], 
            "user_permissions": [], 
            "password": "pbkdf2_sha256$10000$ilJ217QZixRS$Y5TyTm04ILB5zRWV3J03wKWe/nfghbOFZWTO5jO/4kc=", 
            "email": "student_37@stanford.edu", 
            "date_joined": "2012-11-29T16:19:57"
        }
    }, 
    {
        "pk": 51, 
        "model": "auth.user", 
        "fields": {
            "username": "student_38", 
            "first_name": "Sarah", 
            "last_name": "Student", 
            "is_active": true, 
            "is_superuser": false, 
            "is_staff": false, 
            "last_login": "2012-11-29T16:19:57", 
            "groups": [
                [
                    "Student Group for class2go course networking--Fall2012 23411983"
                ]
            ], 
            "user_permissions": [], 
            "password": "pbkdf2_sha256$10000$3Na0Urc3QfvQ$Ws/oCq4APcbzqpGNpqY6zlylX05KdGmAA1j7sof0B94=", 
            "email": "student_38@stanford.edu", 
            "date_joined": "2012-11-29T16:19:57"
        }
    }, 
    {
        "pk": 52, 
        "model": "auth.user", 
        "fields": {
            "username": "student_39", 
            "first_name": "Sarah", 
            "last_name": "Student", 
            "is_active": true, 
            "is_superuser": false, 
            "is_staff": false, 
            "last_login": "2012-11-29T16:19:57", 
            "groups": [], 
            "user_permissions": [], 
            "password": "pbkdf2_sha256$10000$5vzx3Qkj1V10$Cj9jHxWdZDCkko130A7BJtSg8h87LagbIHURgAyfCD4=", 
            "email": "student_39@stanford.edu", 
            "date_joined": "2012-11-29T16:19:57"
        }
    }, 
    {
        "pk": 53, 
        "model": "auth.user", 
        "fields": {
            "username": "sefk_auto", 
            "first_name": "Sef", 
            "last_name": "Kloninger", 
            "is_active": true, 
            "is_superuser": false, 
            "is_staff": false, 
            "last_login": "2012-11-29T16:20:11", 
            "groups": [
                [
                    "TAS Group for class2go course crypto--Fall2012 15547315"
                ]
            ], 
            "user_permissions": [], 
            "password": "pbkdf2_sha256$10000$reuODkiE6CqZ$M3PRP2pA1LJqPgkgFP7fNp9JkGyb/vUwwh57vawlVR4=", 
            "email": "sefklon@gmail.com", 
            "date_joined": "2012-11-29T16:20:11"
        }
    }, 
    {
        "pk": 54, 
        "model": "auth.user", 
        "fields": {
            "username": "jbau_auto", 
            "first_name": "Jason", 
            "last_name": "Bau", 
            "is_active": true, 
            "is_superuser": false, 
            "is_staff": false, 
            "last_login": "2012-11-29T16:20:11", 
            "groups": [
                [
                    "Instructor Group for class2go course crypto--Fall2012 15547315"
                ]
            ], 
            "user_permissions": [], 
            "password": "pbkdf2_sha256$10000$AWOGDd3JyPNx$J2FjHUKaLEF3AkE4Yp4wEew2c1R7klHdY6TOYiSo2q4=", 
            "email": "jbau@stanford.edu", 
            "date_joined": "2012-11-29T16:20:11"
        }
    }, 
    {
        "pk": 55, 
        "model": "auth.user", 
        "fields": {
            "username": "wescott_auto", 
            "first_name": "Mike", 
            "last_name": "Wescott", 
            "is_active": true, 
            "is_superuser": false, 
            "is_staff": false, 
            "last_login": "2012-11-29T16:20:12", 
            "groups": [
                [
                    "TAS Group for class2go course crypto--Fall2012 15547315"
                ]
            ], 
            "user_permissions": [], 
            "password": "pbkdf2_sha256$10000$RYBFk2URVc9A$0CmJEswFh1huxdOw0EurYdb8XjEo4+78Ey05bEpIIN4=", 
            "email": "wescott@cs.stanford.edu", 
            "date_joined": "2012-11-29T16:20:12"
        }
    }, 
    {
        "pk": 56, 
        "model": "auth.user", 
        "fields": {
            "username": "dcadams_auto", 
            "first_name": "David", 
            "last_name": "Adams", 
            "is_active": true, 
            "is_superuser": false, 
            "is_staff": false, 
            "last_login": "2012-11-29T16:20:12", 
            "groups": [
                [
                    "Readonly TAS Group for class2go course crypto--Fall2012 15547315"
                ]
            ], 
            "user_permissions": [], 
            "password": "pbkdf2_sha256$10000$z1QLbyLwjufh$Q4B6vjndIb/x1KbG3EtMXuC/ffCXiLEup18wFUm0iT8=", 
            "email": "dcadams@stanford.edu", 
            "date_joined": "2012-11-29T16:20:12"
        }
    }, 
    {
        "pk": 57, 
        "model": "auth.user", 
        "fields": {
            "username": "jinpa_auto", 
            "first_name": "Jane", 
            "last_name": "Manning", 
            "is_active": true, 
            "is_superuser": false, 
            "is_staff": false, 
            "last_login": "2012-11-29T16:20:13", 
            "groups": [
                [
                    "Student Group for class2go course crypto--Fall2012 15547315"
                ]
            ], 
            "user_permissions": [], 
            "password": "pbkdf2_sha256$10000$5bxwZ7RxY2rc$WxzZtb6dgjL8imRwFFRXOZug71KdXBL3yk60PaGit2c=", 
            "email": "jmanning@cs.stanford.edu", 
            "date_joined": "2012-11-29T16:20:13"
        }
    }, 
    {
        "pk": 58, 
        "model": "auth.user", 
        "fields": {
            "username": "halawa_auto", 
            "first_name": "Sherif", 
            "last_name": "Halawa", 
            "is_active": true, 
            "is_superuser": false, 
            "is_staff": false, 
            "last_login": "2012-11-29T16:20:13", 
            "groups": [
                [
                    "Student Group for class2go course crypto--Fall2012 15547315"
                ]
            ], 
            "user_permissions": [], 
            "password": "pbkdf2_sha256$10000$iC8m7KSieHMT$lyFR8msD4r6Tij7Nxd3jMsQESbhFGY+LaTLzhjOMtPY=", 
            "email": "halawa@stanford.edu", 
            "date_joined": "2012-11-29T16:20:13"
        }
    }, 
    {
        "pk": 1, 
        "model": "sites.site", 
        "fields": {
            "domain": "example.com", 
            "name": "example.com"
        }
    }, 
    {
        "pk": 1, 
        "model": "south.migrationhistory", 
        "fields": {
            "applied": "2012-11-29T16:18:47", 
            "app_name": "djcelery", 
            "migration": "0001_initial"
        }
    }, 
    {
        "pk": 2, 
        "model": "south.migrationhistory", 
        "fields": {
            "applied": "2012-11-29T16:18:48", 
            "app_name": "djcelery", 
            "migration": "0002_v25_changes"
        }
    }, 
    {
        "pk": 3, 
        "model": "south.migrationhistory", 
        "fields": {
            "applied": "2012-11-29T16:18:49", 
            "app_name": "djcelery", 
            "migration": "0003_v26_changes"
        }
    }, 
    {
        "pk": 4, 
        "model": "south.migrationhistory", 
        "fields": {
            "applied": "2012-11-29T16:18:49", 
            "app_name": "djcelery", 
            "migration": "0004_v30_changes"
        }
    }, 
    {
        "pk": 5, 
        "model": "south.migrationhistory", 
        "fields": {
            "applied": "2012-11-29T16:19:22", 
            "app_name": "c2g", 
            "migration": "0001_initial"
        }
    }, 
    {
        "pk": 6, 
        "model": "south.migrationhistory", 
        "fields": {
            "applied": "2012-11-29T16:19:23", 
            "app_name": "c2g", 
            "migration": "0002_auto__add_field_emailaddr_optout__add_field_emailaddr_optout_code__add"
        }
    }, 
    {
        "pk": 7, 
        "model": "south.migrationhistory", 
        "fields": {
            "applied": "2012-11-29T16:19:26", 
            "app_name": "c2g", 
            "migration": "0003_auto__add_pagevisitlog__add_videoviewtraces"
        }
    }, 
    {
        "pk": 8, 
        "model": "south.migrationhistory", 
        "fields": {
            "applied": "2012-11-29T16:19:28", 
            "app_name": "c2g", 
            "migration": "0004_auto__add_field_userprofile_piazza_email__add_field_userprofile_piazza"
        }
    }, 
    {
        "pk": 9, 
        "model": "south.migrationhistory", 
        "fields": {
            "applied": "2012-11-29T16:19:29", 
            "app_name": "c2g", 
            "migration": "0005_auto"
        }
    }, 
    {
        "pk": 10, 
        "model": "south.migrationhistory", 
        "fields": {
            "applied": "2012-11-29T16:19:30", 
            "app_name": "c2g", 
            "migration": "0006_auto__add_field_userprofile_email_me"
        }
    }, 
    {
        "pk": 11, 
        "model": "south.migrationhistory", 
        "fields": {
            "applied": "2012-11-29T16:19:31", 
            "app_name": "c2g", 
            "migration": "0007_auto__add_exam"
        }
    }, 
    {
        "pk": 12, 
        "model": "south.migrationhistory", 
        "fields": {
            "applied": "2012-11-29T16:19:32", 
            "app_name": "c2g", 
            "migration": "0008_auto__add_field_exam_due_date__add_field_exam_grace_period"
        }
    }, 
    {
        "pk": 13, 
        "model": "south.migrationhistory", 
        "fields": {
            "applied": "2012-11-29T16:19:34", 
            "app_name": "c2g", 
            "migration": "0009_auto__add_examrecord"
        }
    }, 
    {
        "pk": 14, 
        "model": "south.migrationhistory", 
        "fields": {
            "applied": "2012-11-29T16:19:34", 
            "app_name": "c2g", 
            "migration": "0010_auto__add_field_exam_description"
        }
    }, 
    {
        "pk": 15, 
        "model": "south.migrationhistory", 
        "fields": {
            "applied": "2012-11-29T16:19:37", 
            "app_name": "c2g", 
            "migration": "0011_auto__add_examscorefield__add_examscore"
        }
    }, 
    {
        "pk": 16, 
        "model": "south.migrationhistory", 
        "fields": {
            "applied": "2012-11-29T16:19:37", 
            "app_name": "c2g", 
            "migration": "0012_auto__add_field_exam_total_score"
        }
    }, 
    {
        "pk": 17, 
        "model": "south.migrationhistory", 
        "fields": {
            "applied": "2012-11-29T16:19:41", 
            "app_name": "c2g", 
            "migration": "0013_auto__add_videodownload__add_field_videoactivity_max_end_seconds"
        }
    }, 
    {
        "pk": 18, 
        "model": "south.migrationhistory", 
        "fields": {
            "applied": "2012-11-29T16:19:41", 
            "app_name": "c2g", 
            "migration": "0014_auto__add_field_videodownload_format"
        }
    }, 
    {
        "pk": 19, 
        "model": "south.migrationhistory", 
        "fields": {
            "applied": "2012-11-29T16:19:42", 
            "app_name": "c2g", 
            "migration": "0015_auto__add_field_exam_exam_type"
        }
    }, 
    {
        "pk": 20, 
        "model": "south.migrationhistory", 
        "fields": {
            "applied": "2012-11-29T16:19:42", 
            "app_name": "c2g", 
            "migration": "0016_auto__add_currenttermmap"
        }
    }, 
    {
        "pk": 1, 
        "model": "c2g.institution", 
        "fields": {
            "city": "Palo Alto", 
            "last_updated": "2012-11-29T16:19:57", 
            "title": "Institution_0", 
            "country": "USA", 
            "time_created": "2012-11-29T16:19:57", 
            "domains": "stanford.edu"
        }
    }, 
    {
        "pk": 1, 
        "model": "c2g.course", 
        "fields": {
            "preview_only_mode": true, 
            "image": 2, 
            "time_created": "2012-11-29T16:20:00", 
            "share_to": [], 
            "readonly_tas_group": [
                "Readonly TAS Group for class2go course networking--Fall2012 23411983"
            ], 
            "year": 2012, 
            "last_updated": "2012-11-29T16:20:01", 
            "live_datetime": null, 
            "title": "Natural Language Processing", 
            "calendar_start": "2013-07-27", 
            "syllabus": "", 
            "list_publicly": 1, 
            "handle": "networking--Fall2012", 
            "description": "Natural language processing is the technology for dealing with our most ubiquitous product: human language, as it appears in emails, web pages, tweets, product descriptions, newspaper stories, social media, and scientific articles, in thousands of languages and varieties. In the past decade, successful natural language processing applications have become part of our everyday experience, from spelling and grammar correction in word processors to machine translation on the web, from email spam detection to automatic question answering, from detecting people's opinions about products or services to extracting appointments from your email. In this class, you'll learn the fundamental algorithms and mathematical models for human alanguage processing and how you can use them to solve practical problems in dealing with language data wherever you encounter it.", 
            "piazza_id": null, 
            "instructor_group": [
                "Instructor Group for class2go course networking--Fall2012 23411983"
            ], 
            "student_group": [
                "Student Group for class2go course networking--Fall2012 23411983"
            ], 
            "institution_only": false, 
            "institution": 1, 
            "term": "Fall", 
            "is_deleted": 0, 
            "tas_group": [
                "TAS Group for class2go course networking--Fall2012 23411983"
            ], 
            "contact": null, 
            "calendar_end": "2013-08-12", 
            "mode": "draft"
        }
    }, 
    {
        "pk": 2, 
        "model": "c2g.course", 
        "fields": {
            "preview_only_mode": true, 
            "image": 1, 
            "time_created": "2012-11-29T16:20:00", 
            "share_to": [], 
            "readonly_tas_group": [
                "Readonly TAS Group for class2go course networking--Fall2012 23411983"
            ], 
            "year": 2012, 
            "last_updated": "2012-11-29T16:20:00", 
            "live_datetime": null, 
            "title": "Natural Language Processing", 
            "calendar_start": "2013-07-27", 
            "syllabus": "", 
            "list_publicly": 0, 
            "handle": "networking--Fall2012", 
            "description": "Natural language processing is the technology for dealing with our most ubiquitous product: human language, as it appears in emails, web pages, tweets, product descriptions, newspaper stories, social media, and scientific articles, in thousands of languages and varieties. In the past decade, successful natural language processing applications have become part of our everyday experience, from spelling and grammar correction in word processors to machine translation on the web, from email spam detection to automatic question answering, from detecting people's opinions about products or services to extracting appointments from your email. In this class, you'll learn the fundamental algorithms and mathematical models for human alanguage processing and how you can use them to solve practical problems in dealing with language data wherever you encounter it.", 
            "piazza_id": 1354263600, 
            "instructor_group": [
                "Instructor Group for class2go course networking--Fall2012 23411983"
            ], 
            "student_group": [
                "Student Group for class2go course networking--Fall2012 23411983"
            ], 
            "institution_only": false, 
            "institution": 1, 
            "term": "Fall", 
            "is_deleted": 0, 
            "tas_group": [
                "TAS Group for class2go course networking--Fall2012 23411983"
            ], 
            "contact": null, 
            "calendar_end": "2013-08-12", 
            "mode": "ready"
        }
    }, 
    {
        "pk": 3, 
        "model": "c2g.course", 
        "fields": {
            "preview_only_mode": true, 
            "image": 4, 
            "time_created": "2012-11-29T16:20:14", 
            "share_to": [], 
            "readonly_tas_group": [
                "Readonly TAS Group for class2go course crypto--Fall2012 15547315"
            ], 
            "year": 2012, 
            "last_updated": "2012-11-29T16:20:14", 
            "live_datetime": null, 
            "title": "Introductory Cryptography", 
            "calendar_start": "2013-07-27", 
            "syllabus": "", 
            "list_publicly": 1, 
            "handle": "crypto--Fall2012", 
            "description": "Cryptography is an indispensable tool for protecting information in computer systems. This course explains the inner workings of cryptographic primitives and how to correctly use them. Students will learn how to reason about the security of cryptographic constructions and how to apply this knowledge to real-world applications. The course begins with a detailed discussion of how two parties who have a shared secret key can communicate securely when a powerful adversary eavesdrops and tampers with traffic. We will examine many deployed protocols and analyze mistakes in existing systems. The second half of the course discusses public-key techniques that let two or more parties generate a shared secret key. We will cover the relevant number theory and discuss public-key encryption, digital signatures, and authentication protocols. Towards the end of the course we will cover more advanced topics such as zero-knowledge, distributed protocols such as secure auctions, and a number of privacy mechanisms. Throughout the course students will be exposed to many exciting open problems in the field.The course will include written homeworks and programming labs. The course is self-contained, however it will be helpful to have a basic understanding of discrete probability theory.", 
            "piazza_id": null, 
            "instructor_group": [
                "Instructor Group for class2go course crypto--Fall2012 15547315"
            ], 
            "student_group": [
                "Student Group for class2go course crypto--Fall2012 15547315"
            ], 
            "institution_only": false, 
            "institution": 1, 
            "term": "Fall", 
            "is_deleted": 0, 
            "tas_group": [
                "TAS Group for class2go course crypto--Fall2012 15547315"
            ], 
            "contact": null, 
            "calendar_end": "2013-08-12", 
            "mode": "draft"
        }
    }, 
    {
        "pk": 4, 
        "model": "c2g.course", 
        "fields": {
            "preview_only_mode": true, 
            "image": 3, 
            "time_created": "2012-11-29T16:20:14", 
            "share_to": [], 
            "readonly_tas_group": [
                "Readonly TAS Group for class2go course crypto--Fall2012 15547315"
            ], 
            "year": 2012, 
            "last_updated": "2012-11-29T16:20:14", 
            "live_datetime": null, 
            "title": "Introductory Cryptography", 
            "calendar_start": "2013-07-27", 
            "syllabus": "", 
            "list_publicly": 0, 
            "handle": "crypto--Fall2012", 
            "description": "Cryptography is an indispensable tool for protecting information in computer systems. This course explains the inner workings of cryptographic primitives and how to correctly use them. Students will learn how to reason about the security of cryptographic constructions and how to apply this knowledge to real-world applications. The course begins with a detailed discussion of how two parties who have a shared secret key can communicate securely when a powerful adversary eavesdrops and tampers with traffic. We will examine many deployed protocols and analyze mistakes in existing systems. The second half of the course discusses public-key techniques that let two or more parties generate a shared secret key. We will cover the relevant number theory and discuss public-key encryption, digital signatures, and authentication protocols. Towards the end of the course we will cover more advanced topics such as zero-knowledge, distributed protocols such as secure auctions, and a number of privacy mechanisms. Throughout the course students will be exposed to many exciting open problems in the field.The course will include written homeworks and programming labs. The course is self-contained, however it will be helpful to have a basic understanding of discrete probability theory.", 
            "piazza_id": 1354263614, 
            "instructor_group": [
                "Instructor Group for class2go course crypto--Fall2012 15547315"
            ], 
            "student_group": [
                "Student Group for class2go course crypto--Fall2012 15547315"
            ], 
            "institution_only": false, 
            "institution": 1, 
            "term": "Fall", 
            "is_deleted": 0, 
            "tas_group": [
                "TAS Group for class2go course crypto--Fall2012 15547315"
            ], 
            "contact": null, 
            "calendar_end": "2013-08-12", 
            "mode": "ready"
        }
    }, 
    {
        "pk": 1, 
        "model": "c2g.contentsection", 
        "fields": {
            "index": 0, 
            "live_datetime": null, 
            "last_updated": "2012-11-29T16:20:02", 
            "title": "Introduction and Regular Expressions", 
            "image": 2, 
            "time_created": "2012-11-29T16:20:02", 
            "course": 1, 
            "mode": "draft", 
            "is_deleted": 0
        }
    }, 
    {
        "pk": 2, 
        "model": "c2g.contentsection", 
        "fields": {
            "index": 0, 
            "live_datetime": null, 
            "last_updated": "2012-11-29T16:20:02", 
            "title": "Introduction and Regular Expressions", 
            "image": 1, 
            "time_created": "2012-11-29T16:20:02", 
            "course": 2, 
            "mode": "ready", 
            "is_deleted": 0
        }
    }, 
    {
        "pk": 3, 
        "model": "c2g.contentsection", 
        "fields": {
            "index": 1, 
            "live_datetime": null, 
            "last_updated": "2012-11-29T16:20:02", 
            "title": "Tokenizations and Minimum Edit Distance", 
            "image": 4, 
            "time_created": "2012-11-29T16:20:02", 
            "course": 1, 
            "mode": "draft", 
            "is_deleted": 0
        }
    }, 
    {
        "pk": 4, 
        "model": "c2g.contentsection", 
        "fields": {
            "index": 1, 
            "live_datetime": null, 
            "last_updated": "2012-11-29T16:20:02", 
            "title": "Tokenizations and Minimum Edit Distance", 
            "image": 3, 
            "time_created": "2012-11-29T16:20:02", 
            "course": 2, 
            "mode": "ready", 
            "is_deleted": 0
        }
    }, 
    {
        "pk": 5, 
        "model": "c2g.contentsection", 
        "fields": {
            "index": 2, 
            "live_datetime": null, 
            "last_updated": "2012-11-29T16:20:02", 
            "title": "N-Grams", 
            "image": 6, 
            "time_created": "2012-11-29T16:20:02", 
            "course": 1, 
            "mode": "draft", 
            "is_deleted": 0
        }
    }, 
    {
        "pk": 6, 
        "model": "c2g.contentsection", 
        "fields": {
            "index": 2, 
            "live_datetime": null, 
            "last_updated": "2012-11-29T16:20:02", 
            "title": "N-Grams", 
            "image": 5, 
            "time_created": "2012-11-29T16:20:02", 
            "course": 2, 
            "mode": "ready", 
            "is_deleted": 0
        }
    }, 
    {
        "pk": 7, 
        "model": "c2g.contentsection", 
        "fields": {
            "index": 0, 
            "live_datetime": null, 
            "last_updated": "2012-11-29T16:20:15", 
            "title": "Crypto: Introduction and md5", 
            "image": 8, 
            "time_created": "2012-11-29T16:20:15", 
            "course": 3, 
            "mode": "draft", 
            "is_deleted": 0
        }
    }, 
    {
        "pk": 8, 
        "model": "c2g.contentsection", 
        "fields": {
            "index": 0, 
            "live_datetime": null, 
            "last_updated": "2012-11-29T16:20:15", 
            "title": "Crypto: Introduction and md5", 
            "image": 7, 
            "time_created": "2012-11-29T16:20:15", 
            "course": 4, 
            "mode": "ready", 
            "is_deleted": 0
        }
    }, 
    {
        "pk": 9, 
        "model": "c2g.contentsection", 
        "fields": {
            "index": 1, 
            "live_datetime": null, 
            "last_updated": "2012-11-29T16:20:15", 
            "title": "Crypto: md5 collisions", 
            "image": 10, 
            "time_created": "2012-11-29T16:20:15", 
            "course": 3, 
            "mode": "draft", 
            "is_deleted": 0
        }
    }, 
    {
        "pk": 10, 
        "model": "c2g.contentsection", 
        "fields": {
            "index": 1, 
            "live_datetime": null, 
            "last_updated": "2012-11-29T16:20:15", 
            "title": "Crypto: md5 collisions", 
            "image": 9, 
            "time_created": "2012-11-29T16:20:15", 
            "course": 4, 
            "mode": "ready", 
            "is_deleted": 0
        }
    }, 
    {
        "pk": 11, 
        "model": "c2g.contentsection", 
        "fields": {
            "index": 2, 
            "live_datetime": null, 
            "last_updated": "2012-11-29T16:20:15", 
            "title": "Crypto: Why not to use md5 any more", 
            "image": 12, 
            "time_created": "2012-11-29T16:20:15", 
            "course": 3, 
            "mode": "draft", 
            "is_deleted": 0
        }
    }, 
    {
        "pk": 12, 
        "model": "c2g.contentsection", 
        "fields": {
            "index": 2, 
            "live_datetime": null, 
            "last_updated": "2012-11-29T16:20:15", 
            "title": "Crypto: Why not to use md5 any more", 
            "image": 11, 
            "time_created": "2012-11-29T16:20:15", 
            "course": 4, 
            "mode": "ready", 
            "is_deleted": 0
        }
    }, 
    {
        "pk": 1, 
        "model": "c2g.additionalpage", 
        "fields": {
            "index": 0, 
            "live_datetime": null, 
            "last_updated": "2012-11-29T16:20:01", 
            "description": "Natural language processing is the technology for dealing with our most ubiquitous product: human language, as it appears in emails, web pages, tweets, product descriptions, newspaper stories, social media, and scientific articles, in thousands of languages and varieties. In the past decade, successful natural language processing applications have become part of our everyday experience, from spelling and grammar correction in word processors to machine translation on the web, from email spam detection to automatic question answering, from detecting people's opinions about products or services to extracting appointments from your email. In this class, you'll learn the fundamental algorithms and mathematical models for human alanguage processing and how you can use them to solve practical problems in dealing with language data wherever you encounter it.", 
            "title": "Overview", 
            "menu_slug": "course_info", 
            "image": 2, 
            "time_created": "2012-11-29T16:20:01", 
            "slug": "overview", 
            "course": 1, 
            "mode": "draft", 
            "is_deleted": 0, 
            "section": null
        }
    }, 
    {
        "pk": 2, 
        "model": "c2g.additionalpage", 
        "fields": {
            "index": 0, 
            "live_datetime": null, 
            "last_updated": "2012-11-29T16:20:01", 
            "description": "Natural language processing is the technology for dealing with our most ubiquitous product: human language, as it appears in emails, web pages, tweets, product descriptions, newspaper stories, social media, and scientific articles, in thousands of languages and varieties. In the past decade, successful natural language processing applications have become part of our everyday experience, from spelling and grammar correction in word processors to machine translation on the web, from email spam detection to automatic question answering, from detecting people's opinions about products or services to extracting appointments from your email. In this class, you'll learn the fundamental algorithms and mathematical models for human alanguage processing and how you can use them to solve practical problems in dealing with language data wherever you encounter it.", 
            "title": "Overview", 
            "menu_slug": "course_info", 
            "image": 1, 
            "time_created": "2012-11-29T16:20:01", 
            "slug": "overview", 
            "course": 2, 
            "mode": "ready", 
            "is_deleted": 0, 
            "section": null
        }
    }, 
    {
        "pk": 3, 
        "model": "c2g.additionalpage", 
        "fields": {
            "index": 0, 
            "live_datetime": null, 
            "last_updated": "2012-11-29T16:20:14", 
            "description": "Cryptography is an indispensable tool for protecting information in computer systems. This course explains the inner workings of cryptographic primitives and how to correctly use them. Students will learn how to reason about the security of cryptographic constructions and how to apply this knowledge to real-world applications.", 
            "title": "Overview", 
            "menu_slug": "course_info", 
            "image": 4, 
            "time_created": "2012-11-29T16:20:14", 
            "slug": "overview", 
            "course": 3, 
            "mode": "draft", 
            "is_deleted": 0, 
            "section": null
        }
    }, 
    {
        "pk": 4, 
        "model": "c2g.additionalpage", 
        "fields": {
            "index": 0, 
            "live_datetime": null, 
            "last_updated": "2012-11-29T16:20:14", 
            "description": "Cryptography is an indispensable tool for protecting information in computer systems. This course explains the inner workings of cryptographic primitives and how to correctly use them. Students will learn how to reason about the security of cryptographic constructions and how to apply this knowledge to real-world applications.", 
            "title": "Overview", 
            "menu_slug": "course_info", 
            "image": 3, 
            "time_created": "2012-11-29T16:20:14", 
            "slug": "overview", 
            "course": 4, 
            "mode": "ready", 
            "is_deleted": 0, 
            "section": null
        }
    }, 
    {
        "pk": 1, 
        "model": "c2g.announcement", 
        "fields": {
            "index": 0, 
            "live_datetime": null, 
            "last_updated": "2012-11-29T16:20:02", 
            "description": "Welcome to the course! Check out the links to announcements, news events, assignments and grades.", 
            "title": "Welcome to Natural Language Processing!", 
            "image": 2, 
            "time_created": "2012-11-29T16:20:02", 
            "course": 1, 
            "mode": "draft", 
            "owner": [
                "professor_0"
            ], 
            "is_deleted": 0
        }
    }, 
    {
        "pk": 2, 
        "model": "c2g.announcement", 
        "fields": {
            "index": null, 
            "live_datetime": null, 
            "last_updated": "2012-11-29T16:20:02", 
            "description": "Welcome to the course! Check out the links to announcements, news events, assignments and grades.", 
            "title": "Welcome to Natural Language Processing!", 
            "image": 1, 
            "time_created": "2012-11-29T16:20:02", 
            "course": 2, 
            "mode": "ready", 
            "owner": [
                "professor_0"
            ], 
            "is_deleted": 0
        }
    }, 
    {
        "pk": 3, 
        "model": "c2g.announcement", 
        "fields": {
            "index": 1, 
            "live_datetime": null, 
            "last_updated": "2012-11-29T16:20:02", 
            "description": "The first assignment has been posted.  Visit the assignments link to see the list of assignments and instructions for each assignment.  Be sure to check the additional pages for additional help. If you have any question email us at nlp@stanford.edu.", 
            "title": "Assignment 1 Out", 
            "image": 4, 
            "time_created": "2012-11-29T16:20:02", 
            "course": 1, 
            "mode": "draft", 
            "owner": [
                "professor_0"
            ], 
            "is_deleted": 0
        }
    }, 
    {
        "pk": 4, 
        "model": "c2g.announcement", 
        "fields": {
            "index": null, 
            "live_datetime": null, 
            "last_updated": "2012-11-29T16:20:02", 
            "description": "The first assignment has been posted.  Visit the assignments link to see the list of assignments and instructions for each assignment.  Be sure to check the additional pages for additional help. If you have any question email us at nlp@stanford.edu.", 
            "title": "Assignment 1 Out", 
            "image": 3, 
            "time_created": "2012-11-29T16:20:02", 
            "course": 2, 
            "mode": "ready", 
            "owner": [
                "professor_0"
            ], 
            "is_deleted": 0
        }
    }, 
    {
        "pk": 5, 
        "model": "c2g.announcement", 
        "fields": {
            "index": 2, 
            "live_datetime": null, 
            "last_updated": "2012-11-29T16:20:02", 
            "description": "Because this Friday is Friday the 13th, we do not want to take any chances so class is cancelled. Post any questions on the discussion forum if you have any questions", 
            "title": "Friday Lecture for 7/13 cancelled", 
            "image": 6, 
            "time_created": "2012-11-29T16:20:02", 
            "course": 1, 
            "mode": "draft", 
            "owner": [
                "professor_0"
            ], 
            "is_deleted": 0
        }
    }, 
    {
        "pk": 6, 
        "model": "c2g.announcement", 
        "fields": {
            "index": null, 
            "live_datetime": null, 
            "last_updated": "2012-11-29T16:20:02", 
            "description": "Because this Friday is Friday the 13th, we do not want to take any chances so class is cancelled. Post any questions on the discussion forum if you have any questions", 
            "title": "Friday Lecture for 7/13 cancelled", 
            "image": 5, 
            "time_created": "2012-11-29T16:20:02", 
            "course": 2, 
            "mode": "ready", 
            "owner": [
                "professor_0"
            ], 
            "is_deleted": 0
        }
    }, 
    {
        "pk": 7, 
        "model": "c2g.announcement", 
        "fields": {
            "index": 3, 
            "live_datetime": null, 
            "last_updated": "2012-11-29T16:20:02", 
            "description": "We will be moving the lecture room to the medical school. Sorry for any inconviniences. For those of you without a bike, I am even more sorry. See you next lecture!", 
            "title": "Lecture Room Moved", 
            "image": 8, 
            "time_created": "2012-11-29T16:20:02", 
            "course": 1, 
            "mode": "draft", 
            "owner": [
                "professor_0"
            ], 
            "is_deleted": 0
        }
    }, 
    {
        "pk": 8, 
        "model": "c2g.announcement", 
        "fields": {
            "index": null, 
            "live_datetime": null, 
            "last_updated": "2012-11-29T16:20:02", 
            "description": "We will be moving the lecture room to the medical school. Sorry for any inconviniences. For those of you without a bike, I am even more sorry. See you next lecture!", 
            "title": "Lecture Room Moved", 
            "image": 7, 
            "time_created": "2012-11-29T16:20:02", 
            "course": 2, 
            "mode": "ready", 
            "owner": [
                "professor_0"
            ], 
            "is_deleted": 0
        }
    }, 
    {
        "pk": 9, 
        "model": "c2g.announcement", 
        "fields": {
            "index": 0, 
            "live_datetime": null, 
            "last_updated": "2012-11-29T16:20:14", 
            "description": "Crypto: Welcome to the Crypto course! Check out the links to announcements, news events, assignments and grades.", 
            "title": "Welcome to Crypto 223!", 
            "image": 10, 
            "time_created": "2012-11-29T16:20:14", 
            "course": 3, 
            "mode": "draft", 
            "owner": [
                "professor_0"
            ], 
            "is_deleted": 0
        }
    }, 
    {
        "pk": 10, 
        "model": "c2g.announcement", 
        "fields": {
            "index": null, 
            "live_datetime": null, 
            "last_updated": "2012-11-29T16:20:14", 
            "description": "Crypto: Welcome to the Crypto course! Check out the links to announcements, news events, assignments and grades.", 
            "title": "Welcome to Crypto 223!", 
            "image": 9, 
            "time_created": "2012-11-29T16:20:14", 
            "course": 4, 
            "mode": "ready", 
            "owner": [
                "professor_0"
            ], 
            "is_deleted": 0
        }
    }, 
    {
        "pk": 11, 
        "model": "c2g.announcement", 
        "fields": {
            "index": 1, 
            "live_datetime": null, 
            "last_updated": "2012-11-29T16:20:14", 
            "description": "Crypto: The first assignment has been posted.  Visit the assignments link to see the list of assignments and instructions for each assignment.  Be sure to check the additional pages for additional help. If you have any question email us at nlp@stanford.edu.", 
            "title": "Crypto: Assignment 1 Still Not Out", 
            "image": 12, 
            "time_created": "2012-11-29T16:20:14", 
            "course": 3, 
            "mode": "draft", 
            "owner": [
                "professor_0"
            ], 
            "is_deleted": 0
        }
    }, 
    {
        "pk": 12, 
        "model": "c2g.announcement", 
        "fields": {
            "index": null, 
            "live_datetime": null, 
            "last_updated": "2012-11-29T16:20:14", 
            "description": "Crypto: The first assignment has been posted.  Visit the assignments link to see the list of assignments and instructions for each assignment.  Be sure to check the additional pages for additional help. If you have any question email us at nlp@stanford.edu.", 
            "title": "Crypto: Assignment 1 Still Not Out", 
            "image": 11, 
            "time_created": "2012-11-29T16:20:14", 
            "course": 4, 
            "mode": "ready", 
            "owner": [
                "professor_0"
            ], 
            "is_deleted": 0
        }
    }, 
    {
        "pk": 13, 
        "model": "c2g.announcement", 
        "fields": {
            "index": 2, 
            "live_datetime": null, 
            "last_updated": "2012-11-29T16:20:15", 
            "description": "Crypto: Because this Friday is Friday the 13th, we do not want to take any chances so class is cancelled. Post any questions on the discussion forum if you have any questions", 
            "title": "Crypto: There is no lecture room for this course", 
            "image": 14, 
            "time_created": "2012-11-29T16:20:14", 
            "course": 3, 
            "mode": "draft", 
            "owner": [
                "professor_0"
            ], 
            "is_deleted": 0
        }
    }, 
    {
        "pk": 14, 
        "model": "c2g.announcement", 
        "fields": {
            "index": null, 
            "live_datetime": null, 
            "last_updated": "2012-11-29T16:20:15", 
            "description": "Crypto: Because this Friday is Friday the 13th, we do not want to take any chances so class is cancelled. Post any questions on the discussion forum if you have any questions", 
            "title": "Crypto: There is no lecture room for this course", 
            "image": 13, 
            "time_created": "2012-11-29T16:20:15", 
            "course": 4, 
            "mode": "ready", 
            "owner": [
                "professor_0"
            ], 
            "is_deleted": 0
        }
    }, 
    {
        "pk": 15, 
        "model": "c2g.announcement", 
        "fields": {
            "index": 3, 
            "live_datetime": null, 
            "last_updated": "2012-11-29T16:20:15", 
            "description": "Crypto: We will be moving the lecture room to the medical school. Sorry for any inconviniences. For those of you without a bike, I am even more sorry. See you next lecture!", 
            "title": "Crypto: Yet another assignment.", 
            "image": 16, 
            "time_created": "2012-11-29T16:20:15", 
            "course": 3, 
            "mode": "draft", 
            "owner": [
                "professor_0"
            ], 
            "is_deleted": 0
        }
    }, 
    {
        "pk": 16, 
        "model": "c2g.announcement", 
        "fields": {
            "index": null, 
            "live_datetime": null, 
            "last_updated": "2012-11-29T16:20:15", 
            "description": "Crypto: We will be moving the lecture room to the medical school. Sorry for any inconviniences. For those of you without a bike, I am even more sorry. See you next lecture!", 
            "title": "Crypto: Yet another assignment.", 
            "image": 15, 
            "time_created": "2012-11-29T16:20:15", 
            "course": 4, 
            "mode": "ready", 
            "owner": [
                "professor_0"
            ], 
            "is_deleted": 0
        }
    }, 
    {
        "pk": 1, 
        "model": "c2g.userprofile", 
        "fields": {
            "referrer_first": null, 
            "client_ip": null, 
            "user_agent": null, 
            "last_updated": "2012-11-29T16:19:47", 
            "email_me": true, 
            "piazza_name": "", 
            "gender": null, 
            "work": null, 
            "time_created": "2012-11-29T16:19:47", 
            "client_ip_first": null, 
            "accept_language_first": null, 
            "user": [
                "professor_0"
            ], 
            "piazza_email": "", 
            "referrer": null, 
            "site_data": "", 
            "accept_language": null, 
            "education": null, 
            "user_agent_first": null, 
            "institutions": [], 
            "birth_year": null
        }
    }, 
    {
        "pk": 2, 
        "model": "c2g.userprofile", 
        "fields": {
            "referrer_first": null, 
            "client_ip": null, 
            "user_agent": null, 
            "last_updated": "2012-11-29T16:19:47", 
            "email_me": true, 
            "piazza_name": "", 
            "gender": null, 
            "work": null, 
            "time_created": "2012-11-29T16:19:47", 
            "client_ip_first": null, 
            "accept_language_first": null, 
            "user": [
                "professor_1"
            ], 
            "piazza_email": "", 
            "referrer": null, 
            "site_data": "", 
            "accept_language": null, 
            "education": null, 
            "user_agent_first": null, 
            "institutions": [], 
            "birth_year": null
        }
    }, 
    {
        "pk": 3, 
        "model": "c2g.userprofile", 
        "fields": {
            "referrer_first": null, 
            "client_ip": null, 
            "user_agent": null, 
            "last_updated": "2012-11-29T16:19:47", 
            "email_me": true, 
            "piazza_name": "", 
            "gender": null, 
            "work": null, 
            "time_created": "2012-11-29T16:19:47", 
            "client_ip_first": null, 
            "accept_language_first": null, 
            "user": [
                "professor_2"
            ], 
            "piazza_email": "", 
            "referrer": null, 
            "site_data": "", 
            "accept_language": null, 
            "education": null, 
            "user_agent_first": null, 
            "institutions": [], 
            "birth_year": null
        }
    }, 
    {
        "pk": 4, 
        "model": "c2g.userprofile", 
        "fields": {
            "referrer_first": null, 
            "client_ip": null, 
            "user_agent": null, 
            "last_updated": "2012-11-29T16:19:47", 
            "email_me": true, 
            "piazza_name": "", 
            "gender": null, 
            "work": null, 
            "time_created": "2012-11-29T16:19:47", 
            "client_ip_first": null, 
            "accept_language_first": null, 
            "user": [
                "professor_3"
            ], 
            "piazza_email": "", 
            "referrer": null, 
            "site_data": "", 
            "accept_language": null, 
            "education": null, 
            "user_agent_first": null, 
            "institutions": [], 
            "birth_year": null
        }
    }, 
    {
        "pk": 5, 
        "model": "c2g.userprofile", 
        "fields": {
            "referrer_first": null, 
            "client_ip": null, 
            "user_agent": null, 
            "last_updated": "2012-11-29T16:19:47", 
            "email_me": true, 
            "piazza_name": "", 
            "gender": null, 
            "work": null, 
            "time_created": "2012-11-29T16:19:47", 
            "client_ip_first": null, 
            "accept_language_first": null, 
            "user": [
                "ta_0"
            ], 
            "piazza_email": "", 
            "referrer": null, 
            "site_data": "", 
            "accept_language": null, 
            "education": null, 
            "user_agent_first": null, 
            "institutions": [], 
            "birth_year": null
        }
    }, 
    {
        "pk": 6, 
        "model": "c2g.userprofile", 
        "fields": {
            "referrer_first": null, 
            "client_ip": null, 
            "user_agent": null, 
            "last_updated": "2012-11-29T16:19:48", 
            "email_me": true, 
            "piazza_name": "", 
            "gender": null, 
            "work": null, 
            "time_created": "2012-11-29T16:19:48", 
            "client_ip_first": null, 
            "accept_language_first": null, 
            "user": [
                "ta_1"
            ], 
            "piazza_email": "", 
            "referrer": null, 
            "site_data": "", 
            "accept_language": null, 
            "education": null, 
            "user_agent_first": null, 
            "institutions": [], 
            "birth_year": null
        }
    }, 
    {
        "pk": 7, 
        "model": "c2g.userprofile", 
        "fields": {
            "referrer_first": null, 
            "client_ip": null, 
            "user_agent": null, 
            "last_updated": "2012-11-29T16:19:48", 
            "email_me": true, 
            "piazza_name": "", 
            "gender": null, 
            "work": null, 
            "time_created": "2012-11-29T16:19:48", 
            "client_ip_first": null, 
            "accept_language_first": null, 
            "user": [
                "ta_2"
            ], 
            "piazza_email": "", 
            "referrer": null, 
            "site_data": "", 
            "accept_language": null, 
            "education": null, 
            "user_agent_first": null, 
            "institutions": [], 
            "birth_year": null
        }
    }, 
    {
        "pk": 8, 
        "model": "c2g.userprofile", 
        "fields": {
            "referrer_first": null, 
            "client_ip": null, 
            "user_agent": null, 
            "last_updated": "2012-11-29T16:19:48", 
            "email_me": true, 
            "piazza_name": "", 
            "gender": null, 
            "work": null, 
            "time_created": "2012-11-29T16:19:48", 
            "client_ip_first": null, 
            "accept_language_first": null, 
            "user": [
                "ta_3"
            ], 
            "piazza_email": "", 
            "referrer": null, 
            "site_data": "", 
            "accept_language": null, 
            "education": null, 
            "user_agent_first": null, 
            "institutions": [], 
            "birth_year": null
        }
    }, 
    {
        "pk": 9, 
        "model": "c2g.userprofile", 
        "fields": {
            "referrer_first": null, 
            "client_ip": null, 
            "user_agent": null, 
            "last_updated": "2012-11-29T16:19:48", 
            "email_me": true, 
            "piazza_name": "", 
            "gender": null, 
            "work": null, 
            "time_created": "2012-11-29T16:19:48", 
            "client_ip_first": null, 
            "accept_language_first": null, 
            "user": [
                "readonly_ta_0"
            ], 
            "piazza_email": "", 
            "referrer": null, 
            "site_data": "", 
            "accept_language": null, 
            "education": null, 
            "user_agent_first": null, 
            "institutions": [], 
            "birth_year": null
        }
    }, 
    {
        "pk": 10, 
        "model": "c2g.userprofile", 
        "fields": {
            "referrer_first": null, 
            "client_ip": null, 
            "user_agent": null, 
            "last_updated": "2012-11-29T16:19:48", 
            "email_me": true, 
            "piazza_name": "", 
            "gender": null, 
            "work": null, 
            "time_created": "2012-11-29T16:19:48", 
            "client_ip_first": null, 
            "accept_language_first": null, 
            "user": [
                "readonly_ta_1"
            ], 
            "piazza_email": "", 
            "referrer": null, 
            "site_data": "", 
            "accept_language": null, 
            "education": null, 
            "user_agent_first": null, 
            "institutions": [], 
            "birth_year": null
        }
    }, 
    {
        "pk": 11, 
        "model": "c2g.userprofile", 
        "fields": {
            "referrer_first": null, 
            "client_ip": null, 
            "user_agent": null, 
            "last_updated": "2012-11-29T16:19:49", 
            "email_me": true, 
            "piazza_name": "", 
            "gender": null, 
            "work": null, 
            "time_created": "2012-11-29T16:19:49", 
            "client_ip_first": null, 
            "accept_language_first": null, 
            "user": [
                "readonly_ta_2"
            ], 
            "piazza_email": "", 
            "referrer": null, 
            "site_data": "", 
            "accept_language": null, 
            "education": null, 
            "user_agent_first": null, 
            "institutions": [], 
            "birth_year": null
        }
    }, 
    {
        "pk": 12, 
        "model": "c2g.userprofile", 
        "fields": {
            "referrer_first": null, 
            "client_ip": null, 
            "user_agent": null, 
            "last_updated": "2012-11-29T16:19:49", 
            "email_me": true, 
            "piazza_name": "", 
            "gender": null, 
            "work": null, 
            "time_created": "2012-11-29T16:19:49", 
            "client_ip_first": null, 
            "accept_language_first": null, 
            "user": [
                "readonly_ta_3"
            ], 
            "piazza_email": "", 
            "referrer": null, 
            "site_data": "", 
            "accept_language": null, 
            "education": null, 
            "user_agent_first": null, 
            "institutions": [], 
            "birth_year": null
        }
    }, 
    {
        "pk": 13, 
        "model": "c2g.userprofile", 
        "fields": {
            "referrer_first": null, 
            "client_ip": null, 
            "user_agent": null, 
            "last_updated": "2012-11-29T16:19:49", 
            "email_me": true, 
            "piazza_name": "", 
            "gender": null, 
            "work": null, 
            "time_created": "2012-11-29T16:19:49", 
            "client_ip_first": null, 
            "accept_language_first": null, 
            "user": [
                "student_0"
            ], 
            "piazza_email": "", 
            "referrer": null, 
            "site_data": "", 
            "accept_language": null, 
            "education": null, 
            "user_agent_first": null, 
            "institutions": [], 
            "birth_year": null
        }
    }, 
    {
        "pk": 14, 
        "model": "c2g.userprofile", 
        "fields": {
            "referrer_first": null, 
            "client_ip": null, 
            "user_agent": null, 
            "last_updated": "2012-11-29T16:19:50", 
            "email_me": true, 
            "piazza_name": "", 
            "gender": null, 
            "work": null, 
            "time_created": "2012-11-29T16:19:50", 
            "client_ip_first": null, 
            "accept_language_first": null, 
            "user": [
                "student_1"
            ], 
            "piazza_email": "", 
            "referrer": null, 
            "site_data": "", 
            "accept_language": null, 
            "education": null, 
            "user_agent_first": null, 
            "institutions": [], 
            "birth_year": null
        }
    }, 
    {
        "pk": 15, 
        "model": "c2g.userprofile", 
        "fields": {
            "referrer_first": null, 
            "client_ip": null, 
            "user_agent": null, 
            "last_updated": "2012-11-29T16:19:50", 
            "email_me": true, 
            "piazza_name": "", 
            "gender": null, 
            "work": null, 
            "time_created": "2012-11-29T16:19:50", 
            "client_ip_first": null, 
            "accept_language_first": null, 
            "user": [
                "student_2"
            ], 
            "piazza_email": "", 
            "referrer": null, 
            "site_data": "", 
            "accept_language": null, 
            "education": null, 
            "user_agent_first": null, 
            "institutions": [], 
            "birth_year": null
        }
    }, 
    {
        "pk": 16, 
        "model": "c2g.userprofile", 
        "fields": {
            "referrer_first": null, 
            "client_ip": null, 
            "user_agent": null, 
            "last_updated": "2012-11-29T16:19:50", 
            "email_me": true, 
            "piazza_name": "", 
            "gender": null, 
            "work": null, 
            "time_created": "2012-11-29T16:19:50", 
            "client_ip_first": null, 
            "accept_language_first": null, 
            "user": [
                "student_3"
            ], 
            "piazza_email": "", 
            "referrer": null, 
            "site_data": "", 
            "accept_language": null, 
            "education": null, 
            "user_agent_first": null, 
            "institutions": [], 
            "birth_year": null
        }
    }, 
    {
        "pk": 17, 
        "model": "c2g.userprofile", 
        "fields": {
            "referrer_first": null, 
            "client_ip": null, 
            "user_agent": null, 
            "last_updated": "2012-11-29T16:19:51", 
            "email_me": true, 
            "piazza_name": "", 
            "gender": null, 
            "work": null, 
            "time_created": "2012-11-29T16:19:51", 
            "client_ip_first": null, 
            "accept_language_first": null, 
            "user": [
                "student_4"
            ], 
            "piazza_email": "", 
            "referrer": null, 
            "site_data": "", 
            "accept_language": null, 
            "education": null, 
            "user_agent_first": null, 
            "institutions": [], 
            "birth_year": null
        }
    }, 
    {
        "pk": 18, 
        "model": "c2g.userprofile", 
        "fields": {
            "referrer_first": null, 
            "client_ip": null, 
            "user_agent": null, 
            "last_updated": "2012-11-29T16:19:51", 
            "email_me": true, 
            "piazza_name": "", 
            "gender": null, 
            "work": null, 
            "time_created": "2012-11-29T16:19:51", 
            "client_ip_first": null, 
            "accept_language_first": null, 
            "user": [
                "student_5"
            ], 
            "piazza_email": "", 
            "referrer": null, 
            "site_data": "", 
            "accept_language": null, 
            "education": null, 
            "user_agent_first": null, 
            "institutions": [], 
            "birth_year": null
        }
    }, 
    {
        "pk": 19, 
        "model": "c2g.userprofile", 
        "fields": {
            "referrer_first": null, 
            "client_ip": null, 
            "user_agent": null, 
            "last_updated": "2012-11-29T16:19:51", 
            "email_me": true, 
            "piazza_name": "", 
            "gender": null, 
            "work": null, 
            "time_created": "2012-11-29T16:19:51", 
            "client_ip_first": null, 
            "accept_language_first": null, 
            "user": [
                "student_6"
            ], 
            "piazza_email": "", 
            "referrer": null, 
            "site_data": "", 
            "accept_language": null, 
            "education": null, 
            "user_agent_first": null, 
            "institutions": [], 
            "birth_year": null
        }
    }, 
    {
        "pk": 20, 
        "model": "c2g.userprofile", 
        "fields": {
            "referrer_first": null, 
            "client_ip": null, 
            "user_agent": null, 
            "last_updated": "2012-11-29T16:19:51", 
            "email_me": true, 
            "piazza_name": "", 
            "gender": null, 
            "work": null, 
            "time_created": "2012-11-29T16:19:51", 
            "client_ip_first": null, 
            "accept_language_first": null, 
            "user": [
                "student_7"
            ], 
            "piazza_email": "", 
            "referrer": null, 
            "site_data": "", 
            "accept_language": null, 
            "education": null, 
            "user_agent_first": null, 
            "institutions": [], 
            "birth_year": null
        }
    }, 
    {
        "pk": 21, 
        "model": "c2g.userprofile", 
        "fields": {
            "referrer_first": null, 
            "client_ip": null, 
            "user_agent": null, 
            "last_updated": "2012-11-29T16:19:51", 
            "email_me": true, 
            "piazza_name": "", 
            "gender": null, 
            "work": null, 
            "time_created": "2012-11-29T16:19:51", 
            "client_ip_first": null, 
            "accept_language_first": null, 
            "user": [
                "student_8"
            ], 
            "piazza_email": "", 
            "referrer": null, 
            "site_data": "", 
            "accept_language": null, 
            "education": null, 
            "user_agent_first": null, 
            "institutions": [], 
            "birth_year": null
        }
    }, 
    {
        "pk": 22, 
        "model": "c2g.userprofile", 
        "fields": {
            "referrer_first": null, 
            "client_ip": null, 
            "user_agent": null, 
            "last_updated": "2012-11-29T16:19:52", 
            "email_me": true, 
            "piazza_name": "", 
            "gender": null, 
            "work": null, 
            "time_created": "2012-11-29T16:19:52", 
            "client_ip_first": null, 
            "accept_language_first": null, 
            "user": [
                "student_9"
            ], 
            "piazza_email": "", 
            "referrer": null, 
            "site_data": "", 
            "accept_language": null, 
            "education": null, 
            "user_agent_first": null, 
            "institutions": [], 
            "birth_year": null
        }
    }, 
    {
        "pk": 23, 
        "model": "c2g.userprofile", 
        "fields": {
            "referrer_first": null, 
            "client_ip": null, 
            "user_agent": null, 
            "last_updated": "2012-11-29T16:19:52", 
            "email_me": true, 
            "piazza_name": "", 
            "gender": null, 
            "work": null, 
            "time_created": "2012-11-29T16:19:52", 
            "client_ip_first": null, 
            "accept_language_first": null, 
            "user": [
                "student_10"
            ], 
            "piazza_email": "", 
            "referrer": null, 
            "site_data": "", 
            "accept_language": null, 
            "education": null, 
            "user_agent_first": null, 
            "institutions": [], 
            "birth_year": null
        }
    }, 
    {
        "pk": 24, 
        "model": "c2g.userprofile", 
        "fields": {
            "referrer_first": null, 
            "client_ip": null, 
            "user_agent": null, 
            "last_updated": "2012-11-29T16:19:52", 
            "email_me": true, 
            "piazza_name": "", 
            "gender": null, 
            "work": null, 
            "time_created": "2012-11-29T16:19:52", 
            "client_ip_first": null, 
            "accept_language_first": null, 
            "user": [
                "student_11"
            ], 
            "piazza_email": "", 
            "referrer": null, 
            "site_data": "", 
            "accept_language": null, 
            "education": null, 
            "user_agent_first": null, 
            "institutions": [], 
            "birth_year": null
        }
    }, 
    {
        "pk": 25, 
        "model": "c2g.userprofile", 
        "fields": {
            "referrer_first": null, 
            "client_ip": null, 
            "user_agent": null, 
            "last_updated": "2012-11-29T16:19:52", 
            "email_me": true, 
            "piazza_name": "", 
            "gender": null, 
            "work": null, 
            "time_created": "2012-11-29T16:19:52", 
            "client_ip_first": null, 
            "accept_language_first": null, 
            "user": [
                "student_12"
            ], 
            "piazza_email": "", 
            "referrer": null, 
            "site_data": "", 
            "accept_language": null, 
            "education": null, 
            "user_agent_first": null, 
            "institutions": [], 
            "birth_year": null
        }
    }, 
    {
        "pk": 26, 
        "model": "c2g.userprofile", 
        "fields": {
            "referrer_first": null, 
            "client_ip": null, 
            "user_agent": null, 
            "last_updated": "2012-11-29T16:19:52", 
            "email_me": true, 
            "piazza_name": "", 
            "gender": null, 
            "work": null, 
            "time_created": "2012-11-29T16:19:52", 
            "client_ip_first": null, 
            "accept_language_first": null, 
            "user": [
                "student_13"
            ], 
            "piazza_email": "", 
            "referrer": null, 
            "site_data": "", 
            "accept_language": null, 
            "education": null, 
            "user_agent_first": null, 
            "institutions": [], 
            "birth_year": null
        }
    }, 
    {
        "pk": 27, 
        "model": "c2g.userprofile", 
        "fields": {
            "referrer_first": null, 
            "client_ip": null, 
            "user_agent": null, 
            "last_updated": "2012-11-29T16:19:52", 
            "email_me": true, 
            "piazza_name": "", 
            "gender": null, 
            "work": null, 
            "time_created": "2012-11-29T16:19:52", 
            "client_ip_first": null, 
            "accept_language_first": null, 
            "user": [
                "student_14"
            ], 
            "piazza_email": "", 
            "referrer": null, 
            "site_data": "", 
            "accept_language": null, 
            "education": null, 
            "user_agent_first": null, 
            "institutions": [], 
            "birth_year": null
        }
    }, 
    {
        "pk": 28, 
        "model": "c2g.userprofile", 
        "fields": {
            "referrer_first": null, 
            "client_ip": null, 
            "user_agent": null, 
            "last_updated": "2012-11-29T16:19:53", 
            "email_me": true, 
            "piazza_name": "", 
            "gender": null, 
            "work": null, 
            "time_created": "2012-11-29T16:19:53", 
            "client_ip_first": null, 
            "accept_language_first": null, 
            "user": [
                "student_15"
            ], 
            "piazza_email": "", 
            "referrer": null, 
            "site_data": "", 
            "accept_language": null, 
            "education": null, 
            "user_agent_first": null, 
            "institutions": [], 
            "birth_year": null
        }
    }, 
    {
        "pk": 29, 
        "model": "c2g.userprofile", 
        "fields": {
            "referrer_first": null, 
            "client_ip": null, 
            "user_agent": null, 
            "last_updated": "2012-11-29T16:19:53", 
            "email_me": true, 
            "piazza_name": "", 
            "gender": null, 
            "work": null, 
            "time_created": "2012-11-29T16:19:53", 
            "client_ip_first": null, 
            "accept_language_first": null, 
            "user": [
                "student_16"
            ], 
            "piazza_email": "", 
            "referrer": null, 
            "site_data": "", 
            "accept_language": null, 
            "education": null, 
            "user_agent_first": null, 
            "institutions": [], 
            "birth_year": null
        }
    }, 
    {
        "pk": 30, 
        "model": "c2g.userprofile", 
        "fields": {
            "referrer_first": null, 
            "client_ip": null, 
            "user_agent": null, 
            "last_updated": "2012-11-29T16:19:53", 
            "email_me": true, 
            "piazza_name": "", 
            "gender": null, 
            "work": null, 
            "time_created": "2012-11-29T16:19:53", 
            "client_ip_first": null, 
            "accept_language_first": null, 
            "user": [
                "student_17"
            ], 
            "piazza_email": "", 
            "referrer": null, 
            "site_data": "", 
            "accept_language": null, 
            "education": null, 
            "user_agent_first": null, 
            "institutions": [], 
            "birth_year": null
        }
    }, 
    {
        "pk": 31, 
        "model": "c2g.userprofile", 
        "fields": {
            "referrer_first": null, 
            "client_ip": null, 
            "user_agent": null, 
            "last_updated": "2012-11-29T16:19:53", 
            "email_me": true, 
            "piazza_name": "", 
            "gender": null, 
            "work": null, 
            "time_created": "2012-11-29T16:19:53", 
            "client_ip_first": null, 
            "accept_language_first": null, 
            "user": [
                "student_18"
            ], 
            "piazza_email": "", 
            "referrer": null, 
            "site_data": "", 
            "accept_language": null, 
            "education": null, 
            "user_agent_first": null, 
            "institutions": [], 
            "birth_year": null
        }
    }, 
    {
        "pk": 32, 
        "model": "c2g.userprofile", 
        "fields": {
            "referrer_first": null, 
            "client_ip": null, 
            "user_agent": null, 
            "last_updated": "2012-11-29T16:19:53", 
            "email_me": true, 
            "piazza_name": "", 
            "gender": null, 
            "work": null, 
            "time_created": "2012-11-29T16:19:53", 
            "client_ip_first": null, 
            "accept_language_first": null, 
            "user": [
                "student_19"
            ], 
            "piazza_email": "", 
            "referrer": null, 
            "site_data": "", 
            "accept_language": null, 
            "education": null, 
            "user_agent_first": null, 
            "institutions": [], 
            "birth_year": null
        }
    }, 
    {
        "pk": 33, 
        "model": "c2g.userprofile", 
        "fields": {
            "referrer_first": null, 
            "client_ip": null, 
            "user_agent": null, 
            "last_updated": "2012-11-29T16:19:54", 
            "email_me": true, 
            "piazza_name": "", 
            "gender": null, 
            "work": null, 
            "time_created": "2012-11-29T16:19:54", 
            "client_ip_first": null, 
            "accept_language_first": null, 
            "user": [
                "student_20"
            ], 
            "piazza_email": "", 
            "referrer": null, 
            "site_data": "", 
            "accept_language": null, 
            "education": null, 
            "user_agent_first": null, 
            "institutions": [], 
            "birth_year": null
        }
    }, 
    {
        "pk": 34, 
        "model": "c2g.userprofile", 
        "fields": {
            "referrer_first": null, 
            "client_ip": null, 
            "user_agent": null, 
            "last_updated": "2012-11-29T16:19:54", 
            "email_me": true, 
            "piazza_name": "", 
            "gender": null, 
            "work": null, 
            "time_created": "2012-11-29T16:19:54", 
            "client_ip_first": null, 
            "accept_language_first": null, 
            "user": [
                "student_21"
            ], 
            "piazza_email": "", 
            "referrer": null, 
            "site_data": "", 
            "accept_language": null, 
            "education": null, 
            "user_agent_first": null, 
            "institutions": [], 
            "birth_year": null
        }
    }, 
    {
        "pk": 35, 
        "model": "c2g.userprofile", 
        "fields": {
            "referrer_first": null, 
            "client_ip": null, 
            "user_agent": null, 
            "last_updated": "2012-11-29T16:19:54", 
            "email_me": true, 
            "piazza_name": "", 
            "gender": null, 
            "work": null, 
            "time_created": "2012-11-29T16:19:54", 
            "client_ip_first": null, 
            "accept_language_first": null, 
            "user": [
                "student_22"
            ], 
            "piazza_email": "", 
            "referrer": null, 
            "site_data": "", 
            "accept_language": null, 
            "education": null, 
            "user_agent_first": null, 
            "institutions": [], 
            "birth_year": null
        }
    }, 
    {
        "pk": 36, 
        "model": "c2g.userprofile", 
        "fields": {
            "referrer_first": null, 
            "client_ip": null, 
            "user_agent": null, 
            "last_updated": "2012-11-29T16:19:54", 
            "email_me": true, 
            "piazza_name": "", 
            "gender": null, 
            "work": null, 
            "time_created": "2012-11-29T16:19:54", 
            "client_ip_first": null, 
            "accept_language_first": null, 
            "user": [
                "student_23"
            ], 
            "piazza_email": "", 
            "referrer": null, 
            "site_data": "", 
            "accept_language": null, 
            "education": null, 
            "user_agent_first": null, 
            "institutions": [], 
            "birth_year": null
        }
    }, 
    {
        "pk": 37, 
        "model": "c2g.userprofile", 
        "fields": {
            "referrer_first": null, 
            "client_ip": null, 
            "user_agent": null, 
            "last_updated": "2012-11-29T16:19:54", 
            "email_me": true, 
            "piazza_name": "", 
            "gender": null, 
            "work": null, 
            "time_created": "2012-11-29T16:19:54", 
            "client_ip_first": null, 
            "accept_language_first": null, 
            "user": [
                "student_24"
            ], 
            "piazza_email": "", 
            "referrer": null, 
            "site_data": "", 
            "accept_language": null, 
            "education": null, 
            "user_agent_first": null, 
            "institutions": [], 
            "birth_year": null
        }
    }, 
    {
        "pk": 38, 
        "model": "c2g.userprofile", 
        "fields": {
            "referrer_first": null, 
            "client_ip": null, 
            "user_agent": null, 
            "last_updated": "2012-11-29T16:19:55", 
            "email_me": true, 
            "piazza_name": "", 
            "gender": null, 
            "work": null, 
            "time_created": "2012-11-29T16:19:55", 
            "client_ip_first": null, 
            "accept_language_first": null, 
            "user": [
                "student_25"
            ], 
            "piazza_email": "", 
            "referrer": null, 
            "site_data": "", 
            "accept_language": null, 
            "education": null, 
            "user_agent_first": null, 
            "institutions": [], 
            "birth_year": null
        }
    }, 
    {
        "pk": 39, 
        "model": "c2g.userprofile", 
        "fields": {
            "referrer_first": null, 
            "client_ip": null, 
            "user_agent": null, 
            "last_updated": "2012-11-29T16:19:55", 
            "email_me": true, 
            "piazza_name": "", 
            "gender": null, 
            "work": null, 
            "time_created": "2012-11-29T16:19:55", 
            "client_ip_first": null, 
            "accept_language_first": null, 
            "user": [
                "student_26"
            ], 
            "piazza_email": "", 
            "referrer": null, 
            "site_data": "", 
            "accept_language": null, 
            "education": null, 
            "user_agent_first": null, 
            "institutions": [], 
            "birth_year": null
        }
    }, 
    {
        "pk": 40, 
        "model": "c2g.userprofile", 
        "fields": {
            "referrer_first": null, 
            "client_ip": null, 
            "user_agent": null, 
            "last_updated": "2012-11-29T16:19:55", 
            "email_me": true, 
            "piazza_name": "", 
            "gender": null, 
            "work": null, 
            "time_created": "2012-11-29T16:19:55", 
            "client_ip_first": null, 
            "accept_language_first": null, 
            "user": [
                "student_27"
            ], 
            "piazza_email": "", 
            "referrer": null, 
            "site_data": "", 
            "accept_language": null, 
            "education": null, 
            "user_agent_first": null, 
            "institutions": [], 
            "birth_year": null
        }
    }, 
    {
        "pk": 41, 
        "model": "c2g.userprofile", 
        "fields": {
            "referrer_first": null, 
            "client_ip": null, 
            "user_agent": null, 
            "last_updated": "2012-11-29T16:19:55", 
            "email_me": true, 
            "piazza_name": "", 
            "gender": null, 
            "work": null, 
            "time_created": "2012-11-29T16:19:55", 
            "client_ip_first": null, 
            "accept_language_first": null, 
            "user": [
                "student_28"
            ], 
            "piazza_email": "", 
            "referrer": null, 
            "site_data": "", 
            "accept_language": null, 
            "education": null, 
            "user_agent_first": null, 
            "institutions": [], 
            "birth_year": null
        }
    }, 
    {
        "pk": 42, 
        "model": "c2g.userprofile", 
        "fields": {
            "referrer_first": null, 
            "client_ip": null, 
            "user_agent": null, 
            "last_updated": "2012-11-29T16:19:55", 
            "email_me": true, 
            "piazza_name": "", 
            "gender": null, 
            "work": null, 
            "time_created": "2012-11-29T16:19:55", 
            "client_ip_first": null, 
            "accept_language_first": null, 
            "user": [
                "student_29"
            ], 
            "piazza_email": "", 
            "referrer": null, 
            "site_data": "", 
            "accept_language": null, 
            "education": null, 
            "user_agent_first": null, 
            "institutions": [], 
            "birth_year": null
        }
    }, 
    {
        "pk": 43, 
        "model": "c2g.userprofile", 
        "fields": {
            "referrer_first": null, 
            "client_ip": null, 
            "user_agent": null, 
            "last_updated": "2012-11-29T16:19:55", 
            "email_me": true, 
            "piazza_name": "", 
            "gender": null, 
            "work": null, 
            "time_created": "2012-11-29T16:19:55", 
            "client_ip_first": null, 
            "accept_language_first": null, 
            "user": [
                "student_30"
            ], 
            "piazza_email": "", 
            "referrer": null, 
            "site_data": "", 
            "accept_language": null, 
            "education": null, 
            "user_agent_first": null, 
            "institutions": [], 
            "birth_year": null
        }
    }, 
    {
        "pk": 44, 
        "model": "c2g.userprofile", 
        "fields": {
            "referrer_first": null, 
            "client_ip": null, 
            "user_agent": null, 
            "last_updated": "2012-11-29T16:19:56", 
            "email_me": true, 
            "piazza_name": "", 
            "gender": null, 
            "work": null, 
            "time_created": "2012-11-29T16:19:56", 
            "client_ip_first": null, 
            "accept_language_first": null, 
            "user": [
                "student_31"
            ], 
            "piazza_email": "", 
            "referrer": null, 
            "site_data": "", 
            "accept_language": null, 
            "education": null, 
            "user_agent_first": null, 
            "institutions": [], 
            "birth_year": null
        }
    }, 
    {
        "pk": 45, 
        "model": "c2g.userprofile", 
        "fields": {
            "referrer_first": null, 
            "client_ip": null, 
            "user_agent": null, 
            "last_updated": "2012-11-29T16:19:56", 
            "email_me": true, 
            "piazza_name": "", 
            "gender": null, 
            "work": null, 
            "time_created": "2012-11-29T16:19:56", 
            "client_ip_first": null, 
            "accept_language_first": null, 
            "user": [
                "student_32"
            ], 
            "piazza_email": "", 
            "referrer": null, 
            "site_data": "", 
            "accept_language": null, 
            "education": null, 
            "user_agent_first": null, 
            "institutions": [], 
            "birth_year": null
        }
    }, 
    {
        "pk": 46, 
        "model": "c2g.userprofile", 
        "fields": {
            "referrer_first": null, 
            "client_ip": null, 
            "user_agent": null, 
            "last_updated": "2012-11-29T16:19:56", 
            "email_me": true, 
            "piazza_name": "", 
            "gender": null, 
            "work": null, 
            "time_created": "2012-11-29T16:19:56", 
            "client_ip_first": null, 
            "accept_language_first": null, 
            "user": [
                "student_33"
            ], 
            "piazza_email": "", 
            "referrer": null, 
            "site_data": "", 
            "accept_language": null, 
            "education": null, 
            "user_agent_first": null, 
            "institutions": [], 
            "birth_year": null
        }
    }, 
    {
        "pk": 47, 
        "model": "c2g.userprofile", 
        "fields": {
            "referrer_first": null, 
            "client_ip": null, 
            "user_agent": null, 
            "last_updated": "2012-11-29T16:19:56", 
            "email_me": true, 
            "piazza_name": "", 
            "gender": null, 
            "work": null, 
            "time_created": "2012-11-29T16:19:56", 
            "client_ip_first": null, 
            "accept_language_first": null, 
            "user": [
                "student_34"
            ], 
            "piazza_email": "", 
            "referrer": null, 
            "site_data": "", 
            "accept_language": null, 
            "education": null, 
            "user_agent_first": null, 
            "institutions": [], 
            "birth_year": null
        }
    }, 
    {
        "pk": 48, 
        "model": "c2g.userprofile", 
        "fields": {
            "referrer_first": null, 
            "client_ip": null, 
            "user_agent": null, 
            "last_updated": "2012-11-29T16:19:56", 
            "email_me": true, 
            "piazza_name": "", 
            "gender": null, 
            "work": null, 
            "time_created": "2012-11-29T16:19:56", 
            "client_ip_first": null, 
            "accept_language_first": null, 
            "user": [
                "student_35"
            ], 
            "piazza_email": "", 
            "referrer": null, 
            "site_data": "", 
            "accept_language": null, 
            "education": null, 
            "user_agent_first": null, 
            "institutions": [], 
            "birth_year": null
        }
    }, 
    {
        "pk": 49, 
        "model": "c2g.userprofile", 
        "fields": {
            "referrer_first": null, 
            "client_ip": null, 
            "user_agent": null, 
            "last_updated": "2012-11-29T16:19:57", 
            "email_me": true, 
            "piazza_name": "", 
            "gender": null, 
            "work": null, 
            "time_created": "2012-11-29T16:19:57", 
            "client_ip_first": null, 
            "accept_language_first": null, 
            "user": [
                "student_36"
            ], 
            "piazza_email": "", 
            "referrer": null, 
            "site_data": "", 
            "accept_language": null, 
            "education": null, 
            "user_agent_first": null, 
            "institutions": [], 
            "birth_year": null
        }
    }, 
    {
        "pk": 50, 
        "model": "c2g.userprofile", 
        "fields": {
            "referrer_first": null, 
            "client_ip": null, 
            "user_agent": null, 
            "last_updated": "2012-11-29T16:19:57", 
            "email_me": true, 
            "piazza_name": "", 
            "gender": null, 
            "work": null, 
            "time_created": "2012-11-29T16:19:57", 
            "client_ip_first": null, 
            "accept_language_first": null, 
            "user": [
                "student_37"
            ], 
            "piazza_email": "", 
            "referrer": null, 
            "site_data": "", 
            "accept_language": null, 
            "education": null, 
            "user_agent_first": null, 
            "institutions": [], 
            "birth_year": null
        }
    }, 
    {
        "pk": 51, 
        "model": "c2g.userprofile", 
        "fields": {
            "referrer_first": null, 
            "client_ip": null, 
            "user_agent": null, 
            "last_updated": "2012-11-29T16:19:57", 
            "email_me": true, 
            "piazza_name": "", 
            "gender": null, 
            "work": null, 
            "time_created": "2012-11-29T16:19:57", 
            "client_ip_first": null, 
            "accept_language_first": null, 
            "user": [
                "student_38"
            ], 
            "piazza_email": "", 
            "referrer": null, 
            "site_data": "", 
            "accept_language": null, 
            "education": null, 
            "user_agent_first": null, 
            "institutions": [], 
            "birth_year": null
        }
    }, 
    {
        "pk": 52, 
        "model": "c2g.userprofile", 
        "fields": {
            "referrer_first": null, 
            "client_ip": null, 
            "user_agent": null, 
            "last_updated": "2012-11-29T16:19:57", 
            "email_me": true, 
            "piazza_name": "", 
            "gender": null, 
            "work": null, 
            "time_created": "2012-11-29T16:19:57", 
            "client_ip_first": null, 
            "accept_language_first": null, 
            "user": [
                "student_39"
            ], 
            "piazza_email": "", 
            "referrer": null, 
            "site_data": "", 
            "accept_language": null, 
            "education": null, 
            "user_agent_first": null, 
            "institutions": [], 
            "birth_year": null
        }
    }, 
    {
        "pk": 53, 
        "model": "c2g.userprofile", 
        "fields": {
            "referrer_first": null, 
            "client_ip": null, 
            "user_agent": null, 
            "last_updated": "2012-11-29T16:20:11", 
            "email_me": true, 
            "piazza_name": "", 
            "gender": null, 
            "work": null, 
            "time_created": "2012-11-29T16:20:11", 
            "client_ip_first": null, 
            "accept_language_first": null, 
            "user": [
                "sefk_auto"
            ], 
            "piazza_email": "", 
            "referrer": null, 
            "site_data": "", 
            "accept_language": null, 
            "education": null, 
            "user_agent_first": null, 
            "institutions": [], 
            "birth_year": null
        }
    }, 
    {
        "pk": 54, 
        "model": "c2g.userprofile", 
        "fields": {
            "referrer_first": null, 
            "client_ip": null, 
            "user_agent": null, 
            "last_updated": "2012-11-29T16:20:11", 
            "email_me": true, 
            "piazza_name": "", 
            "gender": null, 
            "work": null, 
            "time_created": "2012-11-29T16:20:11", 
            "client_ip_first": null, 
            "accept_language_first": null, 
            "user": [
                "jbau_auto"
            ], 
            "piazza_email": "", 
            "referrer": null, 
            "site_data": "", 
            "accept_language": null, 
            "education": null, 
            "user_agent_first": null, 
            "institutions": [], 
            "birth_year": null
        }
    }, 
    {
        "pk": 55, 
        "model": "c2g.userprofile", 
        "fields": {
            "referrer_first": null, 
            "client_ip": null, 
            "user_agent": null, 
            "last_updated": "2012-11-29T16:20:12", 
            "email_me": true, 
            "piazza_name": "", 
            "gender": null, 
            "work": null, 
            "time_created": "2012-11-29T16:20:12", 
            "client_ip_first": null, 
            "accept_language_first": null, 
            "user": [
                "wescott_auto"
            ], 
            "piazza_email": "", 
            "referrer": null, 
            "site_data": "", 
            "accept_language": null, 
            "education": null, 
            "user_agent_first": null, 
            "institutions": [], 
            "birth_year": null
        }
    }, 
    {
        "pk": 56, 
        "model": "c2g.userprofile", 
        "fields": {
            "referrer_first": null, 
            "client_ip": null, 
            "user_agent": null, 
            "last_updated": "2012-11-29T16:20:12", 
            "email_me": true, 
            "piazza_name": "", 
            "gender": null, 
            "work": null, 
            "time_created": "2012-11-29T16:20:12", 
            "client_ip_first": null, 
            "accept_language_first": null, 
            "user": [
                "dcadams_auto"
            ], 
            "piazza_email": "", 
            "referrer": null, 
            "site_data": "", 
            "accept_language": null, 
            "education": null, 
            "user_agent_first": null, 
            "institutions": [], 
            "birth_year": null
        }
    }, 
    {
        "pk": 57, 
        "model": "c2g.userprofile", 
        "fields": {
            "referrer_first": null, 
            "client_ip": null, 
            "user_agent": null, 
            "last_updated": "2012-11-29T16:20:13", 
            "email_me": true, 
            "piazza_name": "", 
            "gender": null, 
            "work": null, 
            "time_created": "2012-11-29T16:20:13", 
            "client_ip_first": null, 
            "accept_language_first": null, 
            "user": [
                "jinpa_auto"
            ], 
            "piazza_email": "", 
            "referrer": null, 
            "site_data": "", 
            "accept_language": null, 
            "education": null, 
            "user_agent_first": null, 
            "institutions": [], 
            "birth_year": null
        }
    }, 
    {
        "pk": 58, 
        "model": "c2g.userprofile", 
        "fields": {
            "referrer_first": null, 
            "client_ip": null, 
            "user_agent": null, 
            "last_updated": "2012-11-29T16:20:13", 
            "email_me": true, 
            "piazza_name": "", 
            "gender": null, 
            "work": null, 
            "time_created": "2012-11-29T16:20:13", 
            "client_ip_first": null, 
            "accept_language_first": null, 
            "user": [
                "halawa_auto"
            ], 
            "piazza_email": "", 
            "referrer": null, 
            "site_data": "", 
            "accept_language": null, 
            "education": null, 
            "user_agent_first": null, 
            "institutions": [], 
            "birth_year": null
        }
    }, 
    {
        "pk": 1, 
        "model": "c2g.video", 
        "fields": {
            "handle": "networking--Fall2012", 
            "index": 0, 
            "live_datetime": null, 
            "last_updated": "2012-11-29T16:20:02", 
            "description": "Intro video by Professor Dan Jurafsky and Chris Manning", 
            "title": "Course Introduction", 
            "url": "BJiVRIPVNxU", 
            "image": 2, 
            "time_created": "2012-11-29T16:20:02", 
            "slug": "intro", 
            "course": 1, 
            "mode": "draft", 
            "file": "default", 
            "duration": 772, 
            "is_deleted": 0, 
            "type": "youtube", 
            "section": 1
        }
    }, 
    {
        "pk": 2, 
        "model": "c2g.video", 
        "fields": {
            "handle": "networking--Fall2012", 
            "index": 0, 
            "live_datetime": null, 
            "last_updated": "2012-11-29T16:20:02", 
            "description": "Intro video by Professor Dan Jurafsky and Chris Manning", 
            "title": "Course Introduction", 
            "url": "BJiVRIPVNxU", 
            "image": 1, 
            "time_created": "2012-11-29T16:20:02", 
            "slug": "intro", 
            "course": 2, 
            "mode": "ready", 
            "file": "default", 
            "duration": 772, 
            "is_deleted": 0, 
            "type": "youtube", 
            "section": 2
        }
    }, 
    {
        "pk": 3, 
        "model": "c2g.video", 
        "fields": {
            "handle": "networking--Fall2012", 
            "index": 1, 
            "live_datetime": null, 
            "last_updated": "2012-11-29T16:20:04", 
            "description": "Video on Regular Expressions", 
            "title": "Regular Expressions", 
            "url": "dBVlwb15SBM", 
            "image": 4, 
            "time_created": "2012-11-29T16:20:04", 
            "slug": "regexp", 
            "course": 1, 
            "mode": "draft", 
            "file": "default", 
            "duration": 686, 
            "is_deleted": 0, 
            "type": "youtube", 
            "section": 1
        }
    }, 
    {
        "pk": 4, 
        "model": "c2g.video", 
        "fields": {
            "handle": "networking--Fall2012", 
            "index": 1, 
            "live_datetime": null, 
            "last_updated": "2012-11-29T16:20:04", 
            "description": "Video on Regular Expressions", 
            "title": "Regular Expressions", 
            "url": "dBVlwb15SBM", 
            "image": 3, 
            "time_created": "2012-11-29T16:20:04", 
            "slug": "regexp", 
            "course": 2, 
            "mode": "ready", 
            "file": "default", 
            "duration": 686, 
            "is_deleted": 0, 
            "type": "youtube", 
            "section": 2
        }
    }, 
    {
        "pk": 5, 
        "model": "c2g.video", 
        "fields": {
            "handle": "networking--Fall2012", 
            "index": 2, 
            "live_datetime": null, 
            "last_updated": "2012-11-29T16:20:05", 
            "description": "Video on Regular Expressions in Practical NLP", 
            "title": "Regular Expressions in Practical NLP", 
            "url": "zJSqHRuD2C4", 
            "image": 6, 
            "time_created": "2012-11-29T16:20:05", 
            "slug": "regexp_in_practical_nlp", 
            "course": 1, 
            "mode": "draft", 
            "file": "default", 
            "duration": 366, 
            "is_deleted": 0, 
            "type": "youtube", 
            "section": 1
        }
    }, 
    {
        "pk": 6, 
        "model": "c2g.video", 
        "fields": {
            "handle": "networking--Fall2012", 
            "index": 2, 
            "live_datetime": null, 
            "last_updated": "2012-11-29T16:20:05", 
            "description": "Video on Regular Expressions in Practical NLP", 
            "title": "Regular Expressions in Practical NLP", 
            "url": "zJSqHRuD2C4", 
            "image": 5, 
            "time_created": "2012-11-29T16:20:05", 
            "slug": "regexp_in_practical_nlp", 
            "course": 2, 
            "mode": "ready", 
            "file": "default", 
            "duration": 366, 
            "is_deleted": 0, 
            "type": "youtube", 
            "section": 2
        }
    }, 
    {
        "pk": 7, 
        "model": "c2g.video", 
        "fields": {
            "handle": "networking--Fall2012", 
            "index": 0, 
            "live_datetime": null, 
            "last_updated": "2012-11-29T16:20:06", 
            "description": "Video on Word Tokenization", 
            "title": "Word Tokenization", 
            "url": "WMC3AjgYf3A", 
            "image": 8, 
            "time_created": "2012-11-29T16:20:06", 
            "slug": "tokenization", 
            "course": 1, 
            "mode": "draft", 
            "file": "default", 
            "duration": 866, 
            "is_deleted": 0, 
            "type": "youtube", 
            "section": 3
        }
    }, 
    {
        "pk": 8, 
        "model": "c2g.video", 
        "fields": {
            "handle": "networking--Fall2012", 
            "index": 0, 
            "live_datetime": null, 
            "last_updated": "2012-11-29T16:20:06", 
            "description": "Video on Word Tokenization", 
            "title": "Word Tokenization", 
            "url": "WMC3AjgYf3A", 
            "image": 7, 
            "time_created": "2012-11-29T16:20:06", 
            "slug": "tokenization", 
            "course": 2, 
            "mode": "ready", 
            "file": "default", 
            "duration": 866, 
            "is_deleted": 0, 
            "type": "youtube", 
            "section": 4
        }
    }, 
    {
        "pk": 9, 
        "model": "c2g.video", 
        "fields": {
            "handle": "networking--Fall2012", 
            "index": 1, 
            "live_datetime": null, 
            "last_updated": "2012-11-29T16:20:07", 
            "description": "Video on Defining Minimum Edit Distance", 
            "title": "Defining Minimum Edit Distance", 
            "url": "xOfEYI61f3k", 
            "image": 10, 
            "time_created": "2012-11-29T16:20:07", 
            "slug": "min_edit_distance", 
            "course": 1, 
            "mode": "draft", 
            "file": "default", 
            "duration": 426, 
            "is_deleted": 0, 
            "type": "youtube", 
            "section": 3
        }
    }, 
    {
        "pk": 10, 
        "model": "c2g.video", 
        "fields": {
            "handle": "networking--Fall2012", 
            "index": 1, 
            "live_datetime": null, 
            "last_updated": "2012-11-29T16:20:07", 
            "description": "Video on Defining Minimum Edit Distance", 
            "title": "Defining Minimum Edit Distance", 
            "url": "xOfEYI61f3k", 
            "image": 9, 
            "time_created": "2012-11-29T16:20:07", 
            "slug": "min_edit_distance", 
            "course": 2, 
            "mode": "ready", 
            "file": "default", 
            "duration": 426, 
            "is_deleted": 0, 
            "type": "youtube", 
            "section": 4
        }
    }, 
    {
        "pk": 11, 
        "model": "c2g.video", 
        "fields": {
            "handle": "networking--Fall2012", 
            "index": 2, 
            "live_datetime": null, 
            "last_updated": "2012-11-29T16:20:08", 
            "description": "Video on Computing Minimum Edit Distance", 
            "title": "Computing Minimum Edit Distance", 
            "url": "Gh63CeMzav8", 
            "image": 12, 
            "time_created": "2012-11-29T16:20:08", 
            "slug": "computing_min_edit_distance", 
            "course": 1, 
            "mode": "draft", 
            "file": "default", 
            "duration": 355, 
            "is_deleted": 0, 
            "type": "youtube", 
            "section": 3
        }
    }, 
    {
        "pk": 12, 
        "model": "c2g.video", 
        "fields": {
            "handle": "networking--Fall2012", 
            "index": 2, 
            "live_datetime": null, 
            "last_updated": "2012-11-29T16:20:08", 
            "description": "Video on Computing Minimum Edit Distance", 
            "title": "Computing Minimum Edit Distance", 
            "url": "Gh63CeMzav8", 
            "image": 11, 
            "time_created": "2012-11-29T16:20:08", 
            "slug": "computing_min_edit_distance", 
            "course": 2, 
            "mode": "ready", 
            "file": "default", 
            "duration": 355, 
            "is_deleted": 0, 
            "type": "youtube", 
            "section": 4
        }
    }, 
    {
        "pk": 13, 
        "model": "c2g.video", 
        "fields": {
            "handle": "networking--Fall2012", 
            "index": 0, 
            "live_datetime": null, 
            "last_updated": "2012-11-29T16:20:10", 
            "description": "Video on Introduction to N-grams", 
            "title": "Introduction to N-grams", 
            "url": "LRq7om7vMEc", 
            "image": 14, 
            "time_created": "2012-11-29T16:20:09", 
            "slug": "ngrams", 
            "course": 1, 
            "mode": "draft", 
            "file": "default", 
            "duration": 522, 
            "is_deleted": 0, 
            "type": "youtube", 
            "section": 5
        }
    }, 
    {
        "pk": 14, 
        "model": "c2g.video", 
        "fields": {
            "handle": "networking--Fall2012", 
            "index": 0, 
            "live_datetime": null, 
            "last_updated": "2012-11-29T16:20:10", 
            "description": "Video on Introduction to N-grams", 
            "title": "Introduction to N-grams", 
            "url": "LRq7om7vMEc", 
            "image": 13, 
            "time_created": "2012-11-29T16:20:10", 
            "slug": "ngrams", 
            "course": 2, 
            "mode": "ready", 
            "file": "default", 
            "duration": 522, 
            "is_deleted": 0, 
            "type": "youtube", 
            "section": 6
        }
    }, 
    {
        "pk": 15, 
        "model": "c2g.video", 
        "fields": {
            "handle": "crypto--Fall2012", 
            "index": 0, 
            "live_datetime": null, 
            "last_updated": "2012-11-29T16:20:15", 
            "description": "Intro video by Professor Dan Jurafsky and Chris Manning", 
            "title": "Crypto: Course Introduction", 
            "url": "BJiVRIPVNxU", 
            "image": 16, 
            "time_created": "2012-11-29T16:20:15", 
            "slug": "intro", 
            "course": 3, 
            "mode": "draft", 
            "file": "default", 
            "duration": 772, 
            "is_deleted": 0, 
            "type": "youtube", 
            "section": 7
        }
    }, 
    {
        "pk": 16, 
        "model": "c2g.video", 
        "fields": {
            "handle": "crypto--Fall2012", 
            "index": 0, 
            "live_datetime": null, 
            "last_updated": "2012-11-29T16:20:15", 
            "description": "Intro video by Professor Dan Jurafsky and Chris Manning", 
            "title": "Crypto: Course Introduction", 
            "url": "BJiVRIPVNxU", 
            "image": 15, 
            "time_created": "2012-11-29T16:20:15", 
            "slug": "intro", 
            "course": 4, 
            "mode": "ready", 
            "file": "default", 
            "duration": 772, 
            "is_deleted": 0, 
            "type": "youtube", 
            "section": 8
        }
    }, 
    {
        "pk": 17, 
        "model": "c2g.video", 
        "fields": {
            "handle": "crypto--Fall2012", 
            "index": 1, 
            "live_datetime": null, 
            "last_updated": "2012-11-29T16:20:17", 
            "description": "Video on Regular Expressions", 
            "title": "Crypto: Regular Expressions", 
            "url": "dBVlwb15SBM", 
            "image": 18, 
            "time_created": "2012-11-29T16:20:16", 
            "slug": "regexp", 
            "course": 3, 
            "mode": "draft", 
            "file": "default", 
            "duration": 686, 
            "is_deleted": 0, 
            "type": "youtube", 
            "section": 7
        }
    }, 
    {
        "pk": 18, 
        "model": "c2g.video", 
        "fields": {
            "handle": "crypto--Fall2012", 
            "index": 1, 
            "live_datetime": null, 
            "last_updated": "2012-11-29T16:20:16", 
            "description": "Video on Regular Expressions", 
            "title": "Crypto: Regular Expressions", 
            "url": "dBVlwb15SBM", 
            "image": 17, 
            "time_created": "2012-11-29T16:20:16", 
            "slug": "regexp", 
            "course": 4, 
            "mode": "ready", 
            "file": "default", 
            "duration": 686, 
            "is_deleted": 0, 
            "type": "youtube", 
            "section": 8
        }
    }, 
    {
        "pk": 19, 
        "model": "c2g.video", 
        "fields": {
            "handle": "crypto--Fall2012", 
            "index": 2, 
            "live_datetime": null, 
            "last_updated": "2012-11-29T16:20:18", 
            "description": "Video on Regular Expressions in Practical NLP", 
            "title": "Crypto: Regular Expressions in Practical NLP", 
            "url": "zJSqHRuD2C4", 
            "image": 20, 
            "time_created": "2012-11-29T16:20:18", 
            "slug": "regexp_in_practical_nlp", 
            "course": 3, 
            "mode": "draft", 
            "file": "default", 
            "duration": 366, 
            "is_deleted": 0, 
            "type": "youtube", 
            "section": 7
        }
    }, 
    {
        "pk": 20, 
        "model": "c2g.video", 
        "fields": {
            "handle": "crypto--Fall2012", 
            "index": 2, 
            "live_datetime": null, 
            "last_updated": "2012-11-29T16:20:18", 
            "description": "Video on Regular Expressions in Practical NLP", 
            "title": "Crypto: Regular Expressions in Practical NLP", 
            "url": "zJSqHRuD2C4", 
            "image": 19, 
            "time_created": "2012-11-29T16:20:18", 
            "slug": "regexp_in_practical_nlp", 
            "course": 4, 
            "mode": "ready", 
            "file": "default", 
            "duration": 366, 
            "is_deleted": 0, 
            "type": "youtube", 
            "section": 8
        }
    }, 
    {
        "pk": 21, 
        "model": "c2g.video", 
        "fields": {
            "handle": "crypto--Fall2012", 
            "index": 0, 
            "live_datetime": null, 
            "last_updated": "2012-11-29T16:20:19", 
            "description": "Video on Word Tokenization", 
            "title": "Crypto: Word Tokenization", 
            "url": "WMC3AjgYf3A", 
            "image": 22, 
            "time_created": "2012-11-29T16:20:19", 
            "slug": "tokenization", 
            "course": 3, 
            "mode": "draft", 
            "file": "default", 
            "duration": 866, 
            "is_deleted": 0, 
            "type": "youtube", 
            "section": 9
        }
    }, 
    {
        "pk": 22, 
        "model": "c2g.video", 
        "fields": {
            "handle": "crypto--Fall2012", 
            "index": 0, 
            "live_datetime": null, 
            "last_updated": "2012-11-29T16:20:19", 
            "description": "Video on Word Tokenization", 
            "title": "Crypto: Word Tokenization", 
            "url": "WMC3AjgYf3A", 
            "image": 21, 
            "time_created": "2012-11-29T16:20:19", 
            "slug": "tokenization", 
            "course": 4, 
            "mode": "ready", 
            "file": "default", 
            "duration": 866, 
            "is_deleted": 0, 
            "type": "youtube", 
            "section": 10
        }
    }, 
    {
        "pk": 23, 
        "model": "c2g.video", 
        "fields": {
            "handle": "crypto--Fall2012", 
            "index": 1, 
            "live_datetime": null, 
            "last_updated": "2012-11-29T16:20:20", 
            "description": "Video on Defining Minimum Edit Distance", 
            "title": "Crypto: Defining Minimum Edit Distance", 
            "url": "xOfEYI61f3k", 
            "image": 24, 
            "time_created": "2012-11-29T16:20:20", 
            "slug": "min_edit_distance", 
            "course": 3, 
            "mode": "draft", 
            "file": "default", 
            "duration": 426, 
            "is_deleted": 0, 
            "type": "youtube", 
            "section": 9
        }
    }, 
    {
        "pk": 24, 
        "model": "c2g.video", 
        "fields": {
            "handle": "crypto--Fall2012", 
            "index": 1, 
            "live_datetime": null, 
            "last_updated": "2012-11-29T16:20:20", 
            "description": "Video on Defining Minimum Edit Distance", 
            "title": "Crypto: Defining Minimum Edit Distance", 
            "url": "xOfEYI61f3k", 
            "image": 23, 
            "time_created": "2012-11-29T16:20:20", 
            "slug": "min_edit_distance", 
            "course": 4, 
            "mode": "ready", 
            "file": "default", 
            "duration": 426, 
            "is_deleted": 0, 
            "type": "youtube", 
            "section": 10
        }
    }, 
    {
        "pk": 25, 
        "model": "c2g.video", 
        "fields": {
            "handle": "crypto--Fall2012", 
            "index": 2, 
            "live_datetime": null, 
            "last_updated": "2012-11-29T16:20:22", 
            "description": "Video on Computing Minimum Edit Distance", 
            "title": "Crypto: Computing Minimum Edit Distance", 
            "url": "Gh63CeMzav8", 
            "image": 26, 
            "time_created": "2012-11-29T16:20:22", 
            "slug": "computing_min_edit_distance", 
            "course": 3, 
            "mode": "draft", 
            "file": "default", 
            "duration": 355, 
            "is_deleted": 0, 
            "type": "youtube", 
            "section": 9
        }
    }, 
    {
        "pk": 26, 
        "model": "c2g.video", 
        "fields": {
            "handle": "crypto--Fall2012", 
            "index": 2, 
            "live_datetime": null, 
            "last_updated": "2012-11-29T16:20:22", 
            "description": "Video on Computing Minimum Edit Distance", 
            "title": "Crypto: Computing Minimum Edit Distance", 
            "url": "Gh63CeMzav8", 
            "image": 25, 
            "time_created": "2012-11-29T16:20:22", 
            "slug": "computing_min_edit_distance", 
            "course": 4, 
            "mode": "ready", 
            "file": "default", 
            "duration": 355, 
            "is_deleted": 0, 
            "type": "youtube", 
            "section": 10
        }
    }, 
    {
        "pk": 27, 
        "model": "c2g.video", 
        "fields": {
            "handle": "crypto--Fall2012", 
            "index": 0, 
            "live_datetime": null, 
            "last_updated": "2012-11-29T16:20:23", 
            "description": "Video on Introduction to N-grams", 
            "title": "Crypto: Introduction to N-grams", 
            "url": "LRq7om7vMEc", 
            "image": 28, 
            "time_created": "2012-11-29T16:20:23", 
            "slug": "ngrams", 
            "course": 3, 
            "mode": "draft", 
            "file": "default", 
            "duration": 522, 
            "is_deleted": 0, 
            "type": "youtube", 
            "section": 11
        }
    }, 
    {
        "pk": 28, 
        "model": "c2g.video", 
        "fields": {
            "handle": "crypto--Fall2012", 
            "index": 0, 
            "live_datetime": null, 
            "last_updated": "2012-11-29T16:20:23", 
            "description": "Video on Introduction to N-grams", 
            "title": "Crypto: Introduction to N-grams", 
            "url": "LRq7om7vMEc", 
            "image": 27, 
            "time_created": "2012-11-29T16:20:23", 
            "slug": "ngrams", 
            "course": 4, 
            "mode": "ready", 
            "file": "default", 
            "duration": 522, 
            "is_deleted": 0, 
            "type": "youtube", 
            "section": 12
        }
    }, 
    {
        "pk": 1, 
        "model": "c2g.videoactivity", 
        "fields": {
            "course": 1, 
            "max_end_seconds": 0, 
            "video": 2, 
            "student": [
                "student_0"
            ], 
            "start_seconds": 623
        }
    }, 
    {
        "pk": 2, 
        "model": "c2g.videoactivity", 
        "fields": {
            "course": 1, 
            "max_end_seconds": 0, 
            "video": 2, 
            "student": [
                "student_1"
            ], 
            "start_seconds": 481
        }
    }, 
    {
        "pk": 3, 
        "model": "c2g.videoactivity", 
        "fields": {
            "course": 1, 
            "max_end_seconds": 0, 
            "video": 2, 
            "student": [
                "student_2"
            ], 
            "start_seconds": 578
        }
    }, 
    {
        "pk": 4, 
        "model": "c2g.videoactivity", 
        "fields": {
            "course": 1, 
            "max_end_seconds": 0, 
            "video": 2, 
            "student": [
                "student_3"
            ], 
            "start_seconds": 697
        }
    }, 
    {
        "pk": 5, 
        "model": "c2g.videoactivity", 
        "fields": {
            "course": 1, 
            "max_end_seconds": 0, 
            "video": 2, 
            "student": [
                "student_4"
            ], 
            "start_seconds": 602
        }
    }, 
    {
        "pk": 6, 
        "model": "c2g.videoactivity", 
        "fields": {
            "course": 1, 
            "max_end_seconds": 0, 
            "video": 2, 
            "student": [
                "student_5"
            ], 
            "start_seconds": 290
        }
    }, 
    {
        "pk": 7, 
        "model": "c2g.videoactivity", 
        "fields": {
            "course": 1, 
            "max_end_seconds": 0, 
            "video": 2, 
            "student": [
                "student_6"
            ], 
            "start_seconds": 521
        }
    }, 
    {
        "pk": 8, 
        "model": "c2g.videoactivity", 
        "fields": {
            "course": 1, 
            "max_end_seconds": 0, 
            "video": 2, 
            "student": [
                "student_7"
            ], 
            "start_seconds": 98
        }
    }, 
    {
        "pk": 9, 
        "model": "c2g.videoactivity", 
        "fields": {
            "course": 1, 
            "max_end_seconds": 0, 
            "video": 2, 
            "student": [
                "student_8"
            ], 
            "start_seconds": 418
        }
    }, 
    {
        "pk": 10, 
        "model": "c2g.videoactivity", 
        "fields": {
            "course": 1, 
            "max_end_seconds": 0, 
            "video": 2, 
            "student": [
                "student_9"
            ], 
            "start_seconds": 116
        }
    }, 
    {
        "pk": 11, 
        "model": "c2g.videoactivity", 
        "fields": {
            "course": 1, 
            "max_end_seconds": 0, 
            "video": 2, 
            "student": [
                "student_10"
            ], 
            "start_seconds": 142
        }
    }, 
    {
        "pk": 12, 
        "model": "c2g.videoactivity", 
        "fields": {
            "course": 1, 
            "max_end_seconds": 0, 
            "video": 2, 
            "student": [
                "student_11"
            ], 
            "start_seconds": 351
        }
    }, 
    {
        "pk": 13, 
        "model": "c2g.videoactivity", 
        "fields": {
            "course": 1, 
            "max_end_seconds": 0, 
            "video": 2, 
            "student": [
                "student_12"
            ], 
            "start_seconds": 126
        }
    }, 
    {
        "pk": 14, 
        "model": "c2g.videoactivity", 
        "fields": {
            "course": 1, 
            "max_end_seconds": 0, 
            "video": 2, 
            "student": [
                "student_13"
            ], 
            "start_seconds": 489
        }
    }, 
    {
        "pk": 15, 
        "model": "c2g.videoactivity", 
        "fields": {
            "course": 1, 
            "max_end_seconds": 0, 
            "video": 2, 
            "student": [
                "student_14"
            ], 
            "start_seconds": 324
        }
    }, 
    {
        "pk": 16, 
        "model": "c2g.videoactivity", 
        "fields": {
            "course": 1, 
            "max_end_seconds": 0, 
            "video": 2, 
            "student": [
                "student_15"
            ], 
            "start_seconds": 390
        }
    }, 
    {
        "pk": 17, 
        "model": "c2g.videoactivity", 
        "fields": {
            "course": 1, 
            "max_end_seconds": 0, 
            "video": 2, 
            "student": [
                "student_16"
            ], 
            "start_seconds": 498
        }
    }, 
    {
        "pk": 18, 
        "model": "c2g.videoactivity", 
        "fields": {
            "course": 1, 
            "max_end_seconds": 0, 
            "video": 2, 
            "student": [
                "student_17"
            ], 
            "start_seconds": 705
        }
    }, 
    {
        "pk": 19, 
        "model": "c2g.videoactivity", 
        "fields": {
            "course": 1, 
            "max_end_seconds": 0, 
            "video": 2, 
            "student": [
                "student_18"
            ], 
            "start_seconds": 514
        }
    }, 
    {
        "pk": 20, 
        "model": "c2g.videoactivity", 
        "fields": {
            "course": 1, 
            "max_end_seconds": 0, 
            "video": 2, 
            "student": [
                "student_19"
            ], 
            "start_seconds": 233
        }
    }, 
    {
        "pk": 21, 
        "model": "c2g.videoactivity", 
        "fields": {
            "course": 1, 
            "max_end_seconds": 0, 
            "video": 2, 
            "student": [
                "student_20"
            ], 
            "start_seconds": 299
        }
    }, 
    {
        "pk": 22, 
        "model": "c2g.videoactivity", 
        "fields": {
            "course": 1, 
            "max_end_seconds": 0, 
            "video": 2, 
            "student": [
                "student_21"
            ], 
            "start_seconds": 767
        }
    }, 
    {
        "pk": 23, 
        "model": "c2g.videoactivity", 
        "fields": {
            "course": 1, 
            "max_end_seconds": 0, 
            "video": 2, 
            "student": [
                "student_22"
            ], 
            "start_seconds": 2
        }
    }, 
    {
        "pk": 24, 
        "model": "c2g.videoactivity", 
        "fields": {
            "course": 1, 
            "max_end_seconds": 0, 
            "video": 2, 
            "student": [
                "student_23"
            ], 
            "start_seconds": 169
        }
    }, 
    {
        "pk": 25, 
        "model": "c2g.videoactivity", 
        "fields": {
            "course": 1, 
            "max_end_seconds": 0, 
            "video": 2, 
            "student": [
                "student_24"
            ], 
            "start_seconds": 264
        }
    }, 
    {
        "pk": 26, 
        "model": "c2g.videoactivity", 
        "fields": {
            "course": 1, 
            "max_end_seconds": 0, 
            "video": 2, 
            "student": [
                "student_25"
            ], 
            "start_seconds": 459
        }
    }, 
    {
        "pk": 27, 
        "model": "c2g.videoactivity", 
        "fields": {
            "course": 1, 
            "max_end_seconds": 0, 
            "video": 2, 
            "student": [
                "student_26"
            ], 
            "start_seconds": 232
        }
    }, 
    {
        "pk": 28, 
        "model": "c2g.videoactivity", 
        "fields": {
            "course": 1, 
            "max_end_seconds": 0, 
            "video": 2, 
            "student": [
                "student_27"
            ], 
            "start_seconds": 360
        }
    }, 
    {
        "pk": 29, 
        "model": "c2g.videoactivity", 
        "fields": {
            "course": 1, 
            "max_end_seconds": 0, 
            "video": 2, 
            "student": [
                "student_28"
            ], 
            "start_seconds": 452
        }
    }, 
    {
        "pk": 30, 
        "model": "c2g.videoactivity", 
        "fields": {
            "course": 1, 
            "max_end_seconds": 0, 
            "video": 2, 
            "student": [
                "student_29"
            ], 
            "start_seconds": 0
        }
    }, 
    {
        "pk": 31, 
        "model": "c2g.videoactivity", 
        "fields": {
            "course": 1, 
            "max_end_seconds": 0, 
            "video": 2, 
            "student": [
                "student_30"
            ], 
            "start_seconds": 47
        }
    }, 
    {
        "pk": 32, 
        "model": "c2g.videoactivity", 
        "fields": {
            "course": 1, 
            "max_end_seconds": 0, 
            "video": 2, 
            "student": [
                "student_31"
            ], 
            "start_seconds": 411
        }
    }, 
    {
        "pk": 33, 
        "model": "c2g.videoactivity", 
        "fields": {
            "course": 1, 
            "max_end_seconds": 0, 
            "video": 2, 
            "student": [
                "student_32"
            ], 
            "start_seconds": 9
        }
    }, 
    {
        "pk": 34, 
        "model": "c2g.videoactivity", 
        "fields": {
            "course": 1, 
            "max_end_seconds": 0, 
            "video": 2, 
            "student": [
                "student_33"
            ], 
            "start_seconds": 504
        }
    }, 
    {
        "pk": 35, 
        "model": "c2g.videoactivity", 
        "fields": {
            "course": 1, 
            "max_end_seconds": 0, 
            "video": 2, 
            "student": [
                "student_34"
            ], 
            "start_seconds": 716
        }
    }, 
    {
        "pk": 36, 
        "model": "c2g.videoactivity", 
        "fields": {
            "course": 1, 
            "max_end_seconds": 0, 
            "video": 2, 
            "student": [
                "student_35"
            ], 
            "start_seconds": 650
        }
    }, 
    {
        "pk": 37, 
        "model": "c2g.videoactivity", 
        "fields": {
            "course": 1, 
            "max_end_seconds": 0, 
            "video": 2, 
            "student": [
                "student_36"
            ], 
            "start_seconds": 604
        }
    }, 
    {
        "pk": 38, 
        "model": "c2g.videoactivity", 
        "fields": {
            "course": 1, 
            "max_end_seconds": 0, 
            "video": 2, 
            "student": [
                "student_37"
            ], 
            "start_seconds": 657
        }
    }, 
    {
        "pk": 39, 
        "model": "c2g.videoactivity", 
        "fields": {
            "course": 1, 
            "max_end_seconds": 0, 
            "video": 2, 
            "student": [
                "student_38"
            ], 
            "start_seconds": 135
        }
    }, 
    {
        "pk": 40, 
        "model": "c2g.videoactivity", 
        "fields": {
            "course": 1, 
            "max_end_seconds": 0, 
            "video": 4, 
            "student": [
                "student_0"
            ], 
            "start_seconds": 312
        }
    }, 
    {
        "pk": 41, 
        "model": "c2g.videoactivity", 
        "fields": {
            "course": 1, 
            "max_end_seconds": 0, 
            "video": 4, 
            "student": [
                "student_1"
            ], 
            "start_seconds": 180
        }
    }, 
    {
        "pk": 42, 
        "model": "c2g.videoactivity", 
        "fields": {
            "course": 1, 
            "max_end_seconds": 0, 
            "video": 4, 
            "student": [
                "student_2"
            ], 
            "start_seconds": 158
        }
    }, 
    {
        "pk": 43, 
        "model": "c2g.videoactivity", 
        "fields": {
            "course": 1, 
            "max_end_seconds": 0, 
            "video": 4, 
            "student": [
                "student_3"
            ], 
            "start_seconds": 501
        }
    }, 
    {
        "pk": 44, 
        "model": "c2g.videoactivity", 
        "fields": {
            "course": 1, 
            "max_end_seconds": 0, 
            "video": 4, 
            "student": [
                "student_4"
            ], 
            "start_seconds": 373
        }
    }, 
    {
        "pk": 45, 
        "model": "c2g.videoactivity", 
        "fields": {
            "course": 1, 
            "max_end_seconds": 0, 
            "video": 4, 
            "student": [
                "student_5"
            ], 
            "start_seconds": 529
        }
    }, 
    {
        "pk": 46, 
        "model": "c2g.videoactivity", 
        "fields": {
            "course": 1, 
            "max_end_seconds": 0, 
            "video": 4, 
            "student": [
                "student_6"
            ], 
            "start_seconds": 498
        }
    }, 
    {
        "pk": 47, 
        "model": "c2g.videoactivity", 
        "fields": {
            "course": 1, 
            "max_end_seconds": 0, 
            "video": 4, 
            "student": [
                "student_7"
            ], 
            "start_seconds": 394
        }
    }, 
    {
        "pk": 48, 
        "model": "c2g.videoactivity", 
        "fields": {
            "course": 1, 
            "max_end_seconds": 0, 
            "video": 4, 
            "student": [
                "student_8"
            ], 
            "start_seconds": 632
        }
    }, 
    {
        "pk": 49, 
        "model": "c2g.videoactivity", 
        "fields": {
            "course": 1, 
            "max_end_seconds": 0, 
            "video": 4, 
            "student": [
                "student_9"
            ], 
            "start_seconds": 630
        }
    }, 
    {
        "pk": 50, 
        "model": "c2g.videoactivity", 
        "fields": {
            "course": 1, 
            "max_end_seconds": 0, 
            "video": 4, 
            "student": [
                "student_10"
            ], 
            "start_seconds": 628
        }
    }, 
    {
        "pk": 51, 
        "model": "c2g.videoactivity", 
        "fields": {
            "course": 1, 
            "max_end_seconds": 0, 
            "video": 4, 
            "student": [
                "student_11"
            ], 
            "start_seconds": 196
        }
    }, 
    {
        "pk": 52, 
        "model": "c2g.videoactivity", 
        "fields": {
            "course": 1, 
            "max_end_seconds": 0, 
            "video": 4, 
            "student": [
                "student_12"
            ], 
            "start_seconds": 596
        }
    }, 
    {
        "pk": 53, 
        "model": "c2g.videoactivity", 
        "fields": {
            "course": 1, 
            "max_end_seconds": 0, 
            "video": 4, 
            "student": [
                "student_13"
            ], 
            "start_seconds": 142
        }
    }, 
    {
        "pk": 54, 
        "model": "c2g.videoactivity", 
        "fields": {
            "course": 1, 
            "max_end_seconds": 0, 
            "video": 4, 
            "student": [
                "student_14"
            ], 
            "start_seconds": 643
        }
    }, 
    {
        "pk": 55, 
        "model": "c2g.videoactivity", 
        "fields": {
            "course": 1, 
            "max_end_seconds": 0, 
            "video": 4, 
            "student": [
                "student_15"
            ], 
            "start_seconds": 544
        }
    }, 
    {
        "pk": 56, 
        "model": "c2g.videoactivity", 
        "fields": {
            "course": 1, 
            "max_end_seconds": 0, 
            "video": 4, 
            "student": [
                "student_16"
            ], 
            "start_seconds": 617
        }
    }, 
    {
        "pk": 57, 
        "model": "c2g.videoactivity", 
        "fields": {
            "course": 1, 
            "max_end_seconds": 0, 
            "video": 4, 
            "student": [
                "student_17"
            ], 
            "start_seconds": 400
        }
    }, 
    {
        "pk": 58, 
        "model": "c2g.videoactivity", 
        "fields": {
            "course": 1, 
            "max_end_seconds": 0, 
            "video": 4, 
            "student": [
                "student_18"
            ], 
            "start_seconds": 93
        }
    }, 
    {
        "pk": 59, 
        "model": "c2g.videoactivity", 
        "fields": {
            "course": 1, 
            "max_end_seconds": 0, 
            "video": 4, 
            "student": [
                "student_19"
            ], 
            "start_seconds": 419
        }
    }, 
    {
        "pk": 60, 
        "model": "c2g.videoactivity", 
        "fields": {
            "course": 1, 
            "max_end_seconds": 0, 
            "video": 4, 
            "student": [
                "student_20"
            ], 
            "start_seconds": 500
        }
    }, 
    {
        "pk": 61, 
        "model": "c2g.videoactivity", 
        "fields": {
            "course": 1, 
            "max_end_seconds": 0, 
            "video": 4, 
            "student": [
                "student_21"
            ], 
            "start_seconds": 394
        }
    }, 
    {
        "pk": 62, 
        "model": "c2g.videoactivity", 
        "fields": {
            "course": 1, 
            "max_end_seconds": 0, 
            "video": 4, 
            "student": [
                "student_22"
            ], 
            "start_seconds": 551
        }
    }, 
    {
        "pk": 63, 
        "model": "c2g.videoactivity", 
        "fields": {
            "course": 1, 
            "max_end_seconds": 0, 
            "video": 4, 
            "student": [
                "student_23"
            ], 
            "start_seconds": 227
        }
    }, 
    {
        "pk": 64, 
        "model": "c2g.videoactivity", 
        "fields": {
            "course": 1, 
            "max_end_seconds": 0, 
            "video": 4, 
            "student": [
                "student_24"
            ], 
            "start_seconds": 397
        }
    }, 
    {
        "pk": 65, 
        "model": "c2g.videoactivity", 
        "fields": {
            "course": 1, 
            "max_end_seconds": 0, 
            "video": 4, 
            "student": [
                "student_25"
            ], 
            "start_seconds": 185
        }
    }, 
    {
        "pk": 66, 
        "model": "c2g.videoactivity", 
        "fields": {
            "course": 1, 
            "max_end_seconds": 0, 
            "video": 4, 
            "student": [
                "student_26"
            ], 
            "start_seconds": 342
        }
    }, 
    {
        "pk": 67, 
        "model": "c2g.videoactivity", 
        "fields": {
            "course": 1, 
            "max_end_seconds": 0, 
            "video": 4, 
            "student": [
                "student_27"
            ], 
            "start_seconds": 54
        }
    }, 
    {
        "pk": 68, 
        "model": "c2g.videoactivity", 
        "fields": {
            "course": 1, 
            "max_end_seconds": 0, 
            "video": 4, 
            "student": [
                "student_28"
            ], 
            "start_seconds": 539
        }
    }, 
    {
        "pk": 69, 
        "model": "c2g.videoactivity", 
        "fields": {
            "course": 1, 
            "max_end_seconds": 0, 
            "video": 4, 
            "student": [
                "student_29"
            ], 
            "start_seconds": 682
        }
    }, 
    {
        "pk": 70, 
        "model": "c2g.videoactivity", 
        "fields": {
            "course": 1, 
            "max_end_seconds": 0, 
            "video": 4, 
            "student": [
                "student_30"
            ], 
            "start_seconds": 336
        }
    }, 
    {
        "pk": 71, 
        "model": "c2g.videoactivity", 
        "fields": {
            "course": 1, 
            "max_end_seconds": 0, 
            "video": 4, 
            "student": [
                "student_31"
            ], 
            "start_seconds": 49
        }
    }, 
    {
        "pk": 72, 
        "model": "c2g.videoactivity", 
        "fields": {
            "course": 1, 
            "max_end_seconds": 0, 
            "video": 4, 
            "student": [
                "student_32"
            ], 
            "start_seconds": 597
        }
    }, 
    {
        "pk": 73, 
        "model": "c2g.videoactivity", 
        "fields": {
            "course": 1, 
            "max_end_seconds": 0, 
            "video": 4, 
            "student": [
                "student_33"
            ], 
            "start_seconds": 497
        }
    }, 
    {
        "pk": 74, 
        "model": "c2g.videoactivity", 
        "fields": {
            "course": 1, 
            "max_end_seconds": 0, 
            "video": 4, 
            "student": [
                "student_34"
            ], 
            "start_seconds": 418
        }
    }, 
    {
        "pk": 75, 
        "model": "c2g.videoactivity", 
        "fields": {
            "course": 1, 
            "max_end_seconds": 0, 
            "video": 4, 
            "student": [
                "student_35"
            ], 
            "start_seconds": 335
        }
    }, 
    {
        "pk": 76, 
        "model": "c2g.videoactivity", 
        "fields": {
            "course": 1, 
            "max_end_seconds": 0, 
            "video": 4, 
            "student": [
                "student_36"
            ], 
            "start_seconds": 520
        }
    }, 
    {
        "pk": 77, 
        "model": "c2g.videoactivity", 
        "fields": {
            "course": 1, 
            "max_end_seconds": 0, 
            "video": 4, 
            "student": [
                "student_37"
            ], 
            "start_seconds": 121
        }
    }, 
    {
        "pk": 78, 
        "model": "c2g.videoactivity", 
        "fields": {
            "course": 1, 
            "max_end_seconds": 0, 
            "video": 4, 
            "student": [
                "student_38"
            ], 
            "start_seconds": 13
        }
    }, 
    {
        "pk": 79, 
        "model": "c2g.videoactivity", 
        "fields": {
            "course": 1, 
            "max_end_seconds": 0, 
            "video": 6, 
            "student": [
                "student_0"
            ], 
            "start_seconds": 122
        }
    }, 
    {
        "pk": 80, 
        "model": "c2g.videoactivity", 
        "fields": {
            "course": 1, 
            "max_end_seconds": 0, 
            "video": 6, 
            "student": [
                "student_1"
            ], 
            "start_seconds": 51
        }
    }, 
    {
        "pk": 81, 
        "model": "c2g.videoactivity", 
        "fields": {
            "course": 1, 
            "max_end_seconds": 0, 
            "video": 6, 
            "student": [
                "student_2"
            ], 
            "start_seconds": 312
        }
    }, 
    {
        "pk": 82, 
        "model": "c2g.videoactivity", 
        "fields": {
            "course": 1, 
            "max_end_seconds": 0, 
            "video": 6, 
            "student": [
                "student_3"
            ], 
            "start_seconds": 175
        }
    }, 
    {
        "pk": 83, 
        "model": "c2g.videoactivity", 
        "fields": {
            "course": 1, 
            "max_end_seconds": 0, 
            "video": 6, 
            "student": [
                "student_4"
            ], 
            "start_seconds": 116
        }
    }, 
    {
        "pk": 84, 
        "model": "c2g.videoactivity", 
        "fields": {
            "course": 1, 
            "max_end_seconds": 0, 
            "video": 6, 
            "student": [
                "student_5"
            ], 
            "start_seconds": 180
        }
    }, 
    {
        "pk": 85, 
        "model": "c2g.videoactivity", 
        "fields": {
            "course": 1, 
            "max_end_seconds": 0, 
            "video": 6, 
            "student": [
                "student_6"
            ], 
            "start_seconds": 305
        }
    }, 
    {
        "pk": 86, 
        "model": "c2g.videoactivity", 
        "fields": {
            "course": 1, 
            "max_end_seconds": 0, 
            "video": 6, 
            "student": [
                "student_7"
            ], 
            "start_seconds": 309
        }
    }, 
    {
        "pk": 87, 
        "model": "c2g.videoactivity", 
        "fields": {
            "course": 1, 
            "max_end_seconds": 0, 
            "video": 6, 
            "student": [
                "student_8"
            ], 
            "start_seconds": 287
        }
    }, 
    {
        "pk": 88, 
        "model": "c2g.videoactivity", 
        "fields": {
            "course": 1, 
            "max_end_seconds": 0, 
            "video": 6, 
            "student": [
                "student_9"
            ], 
            "start_seconds": 14
        }
    }, 
    {
        "pk": 89, 
        "model": "c2g.videoactivity", 
        "fields": {
            "course": 1, 
            "max_end_seconds": 0, 
            "video": 6, 
            "student": [
                "student_10"
            ], 
            "start_seconds": 36
        }
    }, 
    {
        "pk": 90, 
        "model": "c2g.videoactivity", 
        "fields": {
            "course": 1, 
            "max_end_seconds": 0, 
            "video": 6, 
            "student": [
                "student_11"
            ], 
            "start_seconds": 194
        }
    }, 
    {
        "pk": 91, 
        "model": "c2g.videoactivity", 
        "fields": {
            "course": 1, 
            "max_end_seconds": 0, 
            "video": 6, 
            "student": [
                "student_12"
            ], 
            "start_seconds": 329
        }
    }, 
    {
        "pk": 92, 
        "model": "c2g.videoactivity", 
        "fields": {
            "course": 1, 
            "max_end_seconds": 0, 
            "video": 6, 
            "student": [
                "student_13"
            ], 
            "start_seconds": 135
        }
    }, 
    {
        "pk": 93, 
        "model": "c2g.videoactivity", 
        "fields": {
            "course": 1, 
            "max_end_seconds": 0, 
            "video": 6, 
            "student": [
                "student_14"
            ], 
            "start_seconds": 198
        }
    }, 
    {
        "pk": 94, 
        "model": "c2g.videoactivity", 
        "fields": {
            "course": 1, 
            "max_end_seconds": 0, 
            "video": 6, 
            "student": [
                "student_15"
            ], 
            "start_seconds": 162
        }
    }, 
    {
        "pk": 95, 
        "model": "c2g.videoactivity", 
        "fields": {
            "course": 1, 
            "max_end_seconds": 0, 
            "video": 6, 
            "student": [
                "student_16"
            ], 
            "start_seconds": 32
        }
    }, 
    {
        "pk": 96, 
        "model": "c2g.videoactivity", 
        "fields": {
            "course": 1, 
            "max_end_seconds": 0, 
            "video": 6, 
            "student": [
                "student_17"
            ], 
            "start_seconds": 341
        }
    }, 
    {
        "pk": 97, 
        "model": "c2g.videoactivity", 
        "fields": {
            "course": 1, 
            "max_end_seconds": 0, 
            "video": 6, 
            "student": [
                "student_18"
            ], 
            "start_seconds": 206
        }
    }, 
    {
        "pk": 98, 
        "model": "c2g.videoactivity", 
        "fields": {
            "course": 1, 
            "max_end_seconds": 0, 
            "video": 6, 
            "student": [
                "student_19"
            ], 
            "start_seconds": 208
        }
    }, 
    {
        "pk": 99, 
        "model": "c2g.videoactivity", 
        "fields": {
            "course": 1, 
            "max_end_seconds": 0, 
            "video": 6, 
            "student": [
                "student_20"
            ], 
            "start_seconds": 191
        }
    }, 
    {
        "pk": 100, 
        "model": "c2g.videoactivity", 
        "fields": {
            "course": 1, 
            "max_end_seconds": 0, 
            "video": 6, 
            "student": [
                "student_21"
            ], 
            "start_seconds": 17
        }
    }, 
    {
        "pk": 101, 
        "model": "c2g.videoactivity", 
        "fields": {
            "course": 1, 
            "max_end_seconds": 0, 
            "video": 6, 
            "student": [
                "student_22"
            ], 
            "start_seconds": 7
        }
    }, 
    {
        "pk": 102, 
        "model": "c2g.videoactivity", 
        "fields": {
            "course": 1, 
            "max_end_seconds": 0, 
            "video": 6, 
            "student": [
                "student_23"
            ], 
            "start_seconds": 4
        }
    }, 
    {
        "pk": 103, 
        "model": "c2g.videoactivity", 
        "fields": {
            "course": 1, 
            "max_end_seconds": 0, 
            "video": 6, 
            "student": [
                "student_24"
            ], 
            "start_seconds": 363
        }
    }, 
    {
        "pk": 104, 
        "model": "c2g.videoactivity", 
        "fields": {
            "course": 1, 
            "max_end_seconds": 0, 
            "video": 6, 
            "student": [
                "student_25"
            ], 
            "start_seconds": 345
        }
    }, 
    {
        "pk": 105, 
        "model": "c2g.videoactivity", 
        "fields": {
            "course": 1, 
            "max_end_seconds": 0, 
            "video": 6, 
            "student": [
                "student_26"
            ], 
            "start_seconds": 35
        }
    }, 
    {
        "pk": 106, 
        "model": "c2g.videoactivity", 
        "fields": {
            "course": 1, 
            "max_end_seconds": 0, 
            "video": 6, 
            "student": [
                "student_27"
            ], 
            "start_seconds": 9
        }
    }, 
    {
        "pk": 107, 
        "model": "c2g.videoactivity", 
        "fields": {
            "course": 1, 
            "max_end_seconds": 0, 
            "video": 6, 
            "student": [
                "student_28"
            ], 
            "start_seconds": 88
        }
    }, 
    {
        "pk": 108, 
        "model": "c2g.videoactivity", 
        "fields": {
            "course": 1, 
            "max_end_seconds": 0, 
            "video": 6, 
            "student": [
                "student_29"
            ], 
            "start_seconds": 219
        }
    }, 
    {
        "pk": 109, 
        "model": "c2g.videoactivity", 
        "fields": {
            "course": 1, 
            "max_end_seconds": 0, 
            "video": 6, 
            "student": [
                "student_30"
            ], 
            "start_seconds": 184
        }
    }, 
    {
        "pk": 110, 
        "model": "c2g.videoactivity", 
        "fields": {
            "course": 1, 
            "max_end_seconds": 0, 
            "video": 6, 
            "student": [
                "student_31"
            ], 
            "start_seconds": 106
        }
    }, 
    {
        "pk": 111, 
        "model": "c2g.videoactivity", 
        "fields": {
            "course": 1, 
            "max_end_seconds": 0, 
            "video": 6, 
            "student": [
                "student_32"
            ], 
            "start_seconds": 125
        }
    }, 
    {
        "pk": 112, 
        "model": "c2g.videoactivity", 
        "fields": {
            "course": 1, 
            "max_end_seconds": 0, 
            "video": 6, 
            "student": [
                "student_33"
            ], 
            "start_seconds": 182
        }
    }, 
    {
        "pk": 113, 
        "model": "c2g.videoactivity", 
        "fields": {
            "course": 1, 
            "max_end_seconds": 0, 
            "video": 6, 
            "student": [
                "student_34"
            ], 
            "start_seconds": 148
        }
    }, 
    {
        "pk": 114, 
        "model": "c2g.videoactivity", 
        "fields": {
            "course": 1, 
            "max_end_seconds": 0, 
            "video": 6, 
            "student": [
                "student_35"
            ], 
            "start_seconds": 90
        }
    }, 
    {
        "pk": 115, 
        "model": "c2g.videoactivity", 
        "fields": {
            "course": 1, 
            "max_end_seconds": 0, 
            "video": 6, 
            "student": [
                "student_36"
            ], 
            "start_seconds": 330
        }
    }, 
    {
        "pk": 116, 
        "model": "c2g.videoactivity", 
        "fields": {
            "course": 1, 
            "max_end_seconds": 0, 
            "video": 6, 
            "student": [
                "student_37"
            ], 
            "start_seconds": 120
        }
    }, 
    {
        "pk": 117, 
        "model": "c2g.videoactivity", 
        "fields": {
            "course": 1, 
            "max_end_seconds": 0, 
            "video": 6, 
            "student": [
                "student_38"
            ], 
            "start_seconds": 307
        }
    }, 
    {
        "pk": 118, 
        "model": "c2g.videoactivity", 
        "fields": {
            "course": 1, 
            "max_end_seconds": 0, 
            "video": 8, 
            "student": [
                "student_0"
            ], 
            "start_seconds": 643
        }
    }, 
    {
        "pk": 119, 
        "model": "c2g.videoactivity", 
        "fields": {
            "course": 1, 
            "max_end_seconds": 0, 
            "video": 8, 
            "student": [
                "student_1"
            ], 
            "start_seconds": 487
        }
    }, 
    {
        "pk": 120, 
        "model": "c2g.videoactivity", 
        "fields": {
            "course": 1, 
            "max_end_seconds": 0, 
            "video": 8, 
            "student": [
                "student_2"
            ], 
            "start_seconds": 649
        }
    }, 
    {
        "pk": 121, 
        "model": "c2g.videoactivity", 
        "fields": {
            "course": 1, 
            "max_end_seconds": 0, 
            "video": 8, 
            "student": [
                "student_3"
            ], 
            "start_seconds": 208
        }
    }, 
    {
        "pk": 122, 
        "model": "c2g.videoactivity", 
        "fields": {
            "course": 1, 
            "max_end_seconds": 0, 
            "video": 8, 
            "student": [
                "student_4"
            ], 
            "start_seconds": 751
        }
    }, 
    {
        "pk": 123, 
        "model": "c2g.videoactivity", 
        "fields": {
            "course": 1, 
            "max_end_seconds": 0, 
            "video": 8, 
            "student": [
                "student_5"
            ], 
            "start_seconds": 694
        }
    }, 
    {
        "pk": 124, 
        "model": "c2g.videoactivity", 
        "fields": {
            "course": 1, 
            "max_end_seconds": 0, 
            "video": 8, 
            "student": [
                "student_6"
            ], 
            "start_seconds": 833
        }
    }, 
    {
        "pk": 125, 
        "model": "c2g.videoactivity", 
        "fields": {
            "course": 1, 
            "max_end_seconds": 0, 
            "video": 8, 
            "student": [
                "student_7"
            ], 
            "start_seconds": 183
        }
    }, 
    {
        "pk": 126, 
        "model": "c2g.videoactivity", 
        "fields": {
            "course": 1, 
            "max_end_seconds": 0, 
            "video": 8, 
            "student": [
                "student_8"
            ], 
            "start_seconds": 773
        }
    }, 
    {
        "pk": 127, 
        "model": "c2g.videoactivity", 
        "fields": {
            "course": 1, 
            "max_end_seconds": 0, 
            "video": 8, 
            "student": [
                "student_9"
            ], 
            "start_seconds": 496
        }
    }, 
    {
        "pk": 128, 
        "model": "c2g.videoactivity", 
        "fields": {
            "course": 1, 
            "max_end_seconds": 0, 
            "video": 8, 
            "student": [
                "student_10"
            ], 
            "start_seconds": 432
        }
    }, 
    {
        "pk": 129, 
        "model": "c2g.videoactivity", 
        "fields": {
            "course": 1, 
            "max_end_seconds": 0, 
            "video": 8, 
            "student": [
                "student_11"
            ], 
            "start_seconds": 609
        }
    }, 
    {
        "pk": 130, 
        "model": "c2g.videoactivity", 
        "fields": {
            "course": 1, 
            "max_end_seconds": 0, 
            "video": 8, 
            "student": [
                "student_12"
            ], 
            "start_seconds": 159
        }
    }, 
    {
        "pk": 131, 
        "model": "c2g.videoactivity", 
        "fields": {
            "course": 1, 
            "max_end_seconds": 0, 
            "video": 8, 
            "student": [
                "student_13"
            ], 
            "start_seconds": 488
        }
    }, 
    {
        "pk": 132, 
        "model": "c2g.videoactivity", 
        "fields": {
            "course": 1, 
            "max_end_seconds": 0, 
            "video": 8, 
            "student": [
                "student_14"
            ], 
            "start_seconds": 496
        }
    }, 
    {
        "pk": 133, 
        "model": "c2g.videoactivity", 
        "fields": {
            "course": 1, 
            "max_end_seconds": 0, 
            "video": 8, 
            "student": [
                "student_15"
            ], 
            "start_seconds": 269
        }
    }, 
    {
        "pk": 134, 
        "model": "c2g.videoactivity", 
        "fields": {
            "course": 1, 
            "max_end_seconds": 0, 
            "video": 8, 
            "student": [
                "student_16"
            ], 
            "start_seconds": 35
        }
    }, 
    {
        "pk": 135, 
        "model": "c2g.videoactivity", 
        "fields": {
            "course": 1, 
            "max_end_seconds": 0, 
            "video": 8, 
            "student": [
                "student_17"
            ], 
            "start_seconds": 377
        }
    }, 
    {
        "pk": 136, 
        "model": "c2g.videoactivity", 
        "fields": {
            "course": 1, 
            "max_end_seconds": 0, 
            "video": 8, 
            "student": [
                "student_18"
            ], 
            "start_seconds": 315
        }
    }, 
    {
        "pk": 137, 
        "model": "c2g.videoactivity", 
        "fields": {
            "course": 1, 
            "max_end_seconds": 0, 
            "video": 8, 
            "student": [
                "student_19"
            ], 
            "start_seconds": 615
        }
    }, 
    {
        "pk": 138, 
        "model": "c2g.videoactivity", 
        "fields": {
            "course": 1, 
            "max_end_seconds": 0, 
            "video": 8, 
            "student": [
                "student_20"
            ], 
            "start_seconds": 353
        }
    }, 
    {
        "pk": 139, 
        "model": "c2g.videoactivity", 
        "fields": {
            "course": 1, 
            "max_end_seconds": 0, 
            "video": 8, 
            "student": [
                "student_21"
            ], 
            "start_seconds": 118
        }
    }, 
    {
        "pk": 140, 
        "model": "c2g.videoactivity", 
        "fields": {
            "course": 1, 
            "max_end_seconds": 0, 
            "video": 8, 
            "student": [
                "student_22"
            ], 
            "start_seconds": 843
        }
    }, 
    {
        "pk": 141, 
        "model": "c2g.videoactivity", 
        "fields": {
            "course": 1, 
            "max_end_seconds": 0, 
            "video": 8, 
            "student": [
                "student_23"
            ], 
            "start_seconds": 480
        }
    }, 
    {
        "pk": 142, 
        "model": "c2g.videoactivity", 
        "fields": {
            "course": 1, 
            "max_end_seconds": 0, 
            "video": 8, 
            "student": [
                "student_24"
            ], 
            "start_seconds": 463
        }
    }, 
    {
        "pk": 143, 
        "model": "c2g.videoactivity", 
        "fields": {
            "course": 1, 
            "max_end_seconds": 0, 
            "video": 8, 
            "student": [
                "student_25"
            ], 
            "start_seconds": 662
        }
    }, 
    {
        "pk": 144, 
        "model": "c2g.videoactivity", 
        "fields": {
            "course": 1, 
            "max_end_seconds": 0, 
            "video": 8, 
            "student": [
                "student_26"
            ], 
            "start_seconds": 709
        }
    }, 
    {
        "pk": 145, 
        "model": "c2g.videoactivity", 
        "fields": {
            "course": 1, 
            "max_end_seconds": 0, 
            "video": 8, 
            "student": [
                "student_27"
            ], 
            "start_seconds": 762
        }
    }, 
    {
        "pk": 146, 
        "model": "c2g.videoactivity", 
        "fields": {
            "course": 1, 
            "max_end_seconds": 0, 
            "video": 8, 
            "student": [
                "student_28"
            ], 
            "start_seconds": 362
        }
    }, 
    {
        "pk": 147, 
        "model": "c2g.videoactivity", 
        "fields": {
            "course": 1, 
            "max_end_seconds": 0, 
            "video": 8, 
            "student": [
                "student_29"
            ], 
            "start_seconds": 299
        }
    }, 
    {
        "pk": 148, 
        "model": "c2g.videoactivity", 
        "fields": {
            "course": 1, 
            "max_end_seconds": 0, 
            "video": 8, 
            "student": [
                "student_30"
            ], 
            "start_seconds": 526
        }
    }, 
    {
        "pk": 149, 
        "model": "c2g.videoactivity", 
        "fields": {
            "course": 1, 
            "max_end_seconds": 0, 
            "video": 8, 
            "student": [
                "student_31"
            ], 
            "start_seconds": 266
        }
    }, 
    {
        "pk": 150, 
        "model": "c2g.videoactivity", 
        "fields": {
            "course": 1, 
            "max_end_seconds": 0, 
            "video": 8, 
            "student": [
                "student_32"
            ], 
            "start_seconds": 25
        }
    }, 
    {
        "pk": 151, 
        "model": "c2g.videoactivity", 
        "fields": {
            "course": 1, 
            "max_end_seconds": 0, 
            "video": 8, 
            "student": [
                "student_33"
            ], 
            "start_seconds": 225
        }
    }, 
    {
        "pk": 152, 
        "model": "c2g.videoactivity", 
        "fields": {
            "course": 1, 
            "max_end_seconds": 0, 
            "video": 8, 
            "student": [
                "student_34"
            ], 
            "start_seconds": 101
        }
    }, 
    {
        "pk": 153, 
        "model": "c2g.videoactivity", 
        "fields": {
            "course": 1, 
            "max_end_seconds": 0, 
            "video": 8, 
            "student": [
                "student_35"
            ], 
            "start_seconds": 703
        }
    }, 
    {
        "pk": 154, 
        "model": "c2g.videoactivity", 
        "fields": {
            "course": 1, 
            "max_end_seconds": 0, 
            "video": 8, 
            "student": [
                "student_36"
            ], 
            "start_seconds": 684
        }
    }, 
    {
        "pk": 155, 
        "model": "c2g.videoactivity", 
        "fields": {
            "course": 1, 
            "max_end_seconds": 0, 
            "video": 8, 
            "student": [
                "student_37"
            ], 
            "start_seconds": 24
        }
    }, 
    {
        "pk": 156, 
        "model": "c2g.videoactivity", 
        "fields": {
            "course": 1, 
            "max_end_seconds": 0, 
            "video": 8, 
            "student": [
                "student_38"
            ], 
            "start_seconds": 57
        }
    }, 
    {
        "pk": 157, 
        "model": "c2g.videoactivity", 
        "fields": {
            "course": 1, 
            "max_end_seconds": 0, 
            "video": 10, 
            "student": [
                "student_0"
            ], 
            "start_seconds": 252
        }
    }, 
    {
        "pk": 158, 
        "model": "c2g.videoactivity", 
        "fields": {
            "course": 1, 
            "max_end_seconds": 0, 
            "video": 10, 
            "student": [
                "student_1"
            ], 
            "start_seconds": 92
        }
    }, 
    {
        "pk": 159, 
        "model": "c2g.videoactivity", 
        "fields": {
            "course": 1, 
            "max_end_seconds": 0, 
            "video": 10, 
            "student": [
                "student_2"
            ], 
            "start_seconds": 36
        }
    }, 
    {
        "pk": 160, 
        "model": "c2g.videoactivity", 
        "fields": {
            "course": 1, 
            "max_end_seconds": 0, 
            "video": 10, 
            "student": [
                "student_3"
            ], 
            "start_seconds": 112
        }
    }, 
    {
        "pk": 161, 
        "model": "c2g.videoactivity", 
        "fields": {
            "course": 1, 
            "max_end_seconds": 0, 
            "video": 10, 
            "student": [
                "student_4"
            ], 
            "start_seconds": 378
        }
    }, 
    {
        "pk": 162, 
        "model": "c2g.videoactivity", 
        "fields": {
            "course": 1, 
            "max_end_seconds": 0, 
            "video": 10, 
            "student": [
                "student_5"
            ], 
            "start_seconds": 330
        }
    }, 
    {
        "pk": 163, 
        "model": "c2g.videoactivity", 
        "fields": {
            "course": 1, 
            "max_end_seconds": 0, 
            "video": 10, 
            "student": [
                "student_6"
            ], 
            "start_seconds": 221
        }
    }, 
    {
        "pk": 164, 
        "model": "c2g.videoactivity", 
        "fields": {
            "course": 1, 
            "max_end_seconds": 0, 
            "video": 10, 
            "student": [
                "student_7"
            ], 
            "start_seconds": 284
        }
    }, 
    {
        "pk": 165, 
        "model": "c2g.videoactivity", 
        "fields": {
            "course": 1, 
            "max_end_seconds": 0, 
            "video": 10, 
            "student": [
                "student_8"
            ], 
            "start_seconds": 177
        }
    }, 
    {
        "pk": 166, 
        "model": "c2g.videoactivity", 
        "fields": {
            "course": 1, 
            "max_end_seconds": 0, 
            "video": 10, 
            "student": [
                "student_9"
            ], 
            "start_seconds": 259
        }
    }, 
    {
        "pk": 167, 
        "model": "c2g.videoactivity", 
        "fields": {
            "course": 1, 
            "max_end_seconds": 0, 
            "video": 10, 
            "student": [
                "student_10"
            ], 
            "start_seconds": 245
        }
    }, 
    {
        "pk": 168, 
        "model": "c2g.videoactivity", 
        "fields": {
            "course": 1, 
            "max_end_seconds": 0, 
            "video": 10, 
            "student": [
                "student_11"
            ], 
            "start_seconds": 143
        }
    }, 
    {
        "pk": 169, 
        "model": "c2g.videoactivity", 
        "fields": {
            "course": 1, 
            "max_end_seconds": 0, 
            "video": 10, 
            "student": [
                "student_12"
            ], 
            "start_seconds": 421
        }
    }, 
    {
        "pk": 170, 
        "model": "c2g.videoactivity", 
        "fields": {
            "course": 1, 
            "max_end_seconds": 0, 
            "video": 10, 
            "student": [
                "student_13"
            ], 
            "start_seconds": 318
        }
    }, 
    {
        "pk": 171, 
        "model": "c2g.videoactivity", 
        "fields": {
            "course": 1, 
            "max_end_seconds": 0, 
            "video": 10, 
            "student": [
                "student_14"
            ], 
            "start_seconds": 50
        }
    }, 
    {
        "pk": 172, 
        "model": "c2g.videoactivity", 
        "fields": {
            "course": 1, 
            "max_end_seconds": 0, 
            "video": 10, 
            "student": [
                "student_15"
            ], 
            "start_seconds": 409
        }
    }, 
    {
        "pk": 173, 
        "model": "c2g.videoactivity", 
        "fields": {
            "course": 1, 
            "max_end_seconds": 0, 
            "video": 10, 
            "student": [
                "student_16"
            ], 
            "start_seconds": 95
        }
    }, 
    {
        "pk": 174, 
        "model": "c2g.videoactivity", 
        "fields": {
            "course": 1, 
            "max_end_seconds": 0, 
            "video": 10, 
            "student": [
                "student_17"
            ], 
            "start_seconds": 87
        }
    }, 
    {
        "pk": 175, 
        "model": "c2g.videoactivity", 
        "fields": {
            "course": 1, 
            "max_end_seconds": 0, 
            "video": 10, 
            "student": [
                "student_18"
            ], 
            "start_seconds": 376
        }
    }, 
    {
        "pk": 176, 
        "model": "c2g.videoactivity", 
        "fields": {
            "course": 1, 
            "max_end_seconds": 0, 
            "video": 10, 
            "student": [
                "student_19"
            ], 
            "start_seconds": 334
        }
    }, 
    {
        "pk": 177, 
        "model": "c2g.videoactivity", 
        "fields": {
            "course": 1, 
            "max_end_seconds": 0, 
            "video": 10, 
            "student": [
                "student_20"
            ], 
            "start_seconds": 286
        }
    }, 
    {
        "pk": 178, 
        "model": "c2g.videoactivity", 
        "fields": {
            "course": 1, 
            "max_end_seconds": 0, 
            "video": 10, 
            "student": [
                "student_21"
            ], 
            "start_seconds": 289
        }
    }, 
    {
        "pk": 179, 
        "model": "c2g.videoactivity", 
        "fields": {
            "course": 1, 
            "max_end_seconds": 0, 
            "video": 10, 
            "student": [
                "student_22"
            ], 
            "start_seconds": 138
        }
    }, 
    {
        "pk": 180, 
        "model": "c2g.videoactivity", 
        "fields": {
            "course": 1, 
            "max_end_seconds": 0, 
            "video": 10, 
            "student": [
                "student_23"
            ], 
            "start_seconds": 172
        }
    }, 
    {
        "pk": 181, 
        "model": "c2g.videoactivity", 
        "fields": {
            "course": 1, 
            "max_end_seconds": 0, 
            "video": 10, 
            "student": [
                "student_24"
            ], 
            "start_seconds": 233
        }
    }, 
    {
        "pk": 182, 
        "model": "c2g.videoactivity", 
        "fields": {
            "course": 1, 
            "max_end_seconds": 0, 
            "video": 10, 
            "student": [
                "student_25"
            ], 
            "start_seconds": 334
        }
    }, 
    {
        "pk": 183, 
        "model": "c2g.videoactivity", 
        "fields": {
            "course": 1, 
            "max_end_seconds": 0, 
            "video": 10, 
            "student": [
                "student_26"
            ], 
            "start_seconds": 69
        }
    }, 
    {
        "pk": 184, 
        "model": "c2g.videoactivity", 
        "fields": {
            "course": 1, 
            "max_end_seconds": 0, 
            "video": 10, 
            "student": [
                "student_27"
            ], 
            "start_seconds": 188
        }
    }, 
    {
        "pk": 185, 
        "model": "c2g.videoactivity", 
        "fields": {
            "course": 1, 
            "max_end_seconds": 0, 
            "video": 10, 
            "student": [
                "student_28"
            ], 
            "start_seconds": 351
        }
    }, 
    {
        "pk": 186, 
        "model": "c2g.videoactivity", 
        "fields": {
            "course": 1, 
            "max_end_seconds": 0, 
            "video": 10, 
            "student": [
                "student_29"
            ], 
            "start_seconds": 367
        }
    }, 
    {
        "pk": 187, 
        "model": "c2g.videoactivity", 
        "fields": {
            "course": 1, 
            "max_end_seconds": 0, 
            "video": 10, 
            "student": [
                "student_30"
            ], 
            "start_seconds": 255
        }
    }, 
    {
        "pk": 188, 
        "model": "c2g.videoactivity", 
        "fields": {
            "course": 1, 
            "max_end_seconds": 0, 
            "video": 10, 
            "student": [
                "student_31"
            ], 
            "start_seconds": 300
        }
    }, 
    {
        "pk": 189, 
        "model": "c2g.videoactivity", 
        "fields": {
            "course": 1, 
            "max_end_seconds": 0, 
            "video": 10, 
            "student": [
                "student_32"
            ], 
            "start_seconds": 44
        }
    }, 
    {
        "pk": 190, 
        "model": "c2g.videoactivity", 
        "fields": {
            "course": 1, 
            "max_end_seconds": 0, 
            "video": 10, 
            "student": [
                "student_33"
            ], 
            "start_seconds": 135
        }
    }, 
    {
        "pk": 191, 
        "model": "c2g.videoactivity", 
        "fields": {
            "course": 1, 
            "max_end_seconds": 0, 
            "video": 10, 
            "student": [
                "student_34"
            ], 
            "start_seconds": 113
        }
    }, 
    {
        "pk": 192, 
        "model": "c2g.videoactivity", 
        "fields": {
            "course": 1, 
            "max_end_seconds": 0, 
            "video": 10, 
            "student": [
                "student_35"
            ], 
            "start_seconds": 293
        }
    }, 
    {
        "pk": 193, 
        "model": "c2g.videoactivity", 
        "fields": {
            "course": 1, 
            "max_end_seconds": 0, 
            "video": 10, 
            "student": [
                "student_36"
            ], 
            "start_seconds": 33
        }
    }, 
    {
        "pk": 194, 
        "model": "c2g.videoactivity", 
        "fields": {
            "course": 1, 
            "max_end_seconds": 0, 
            "video": 10, 
            "student": [
                "student_37"
            ], 
            "start_seconds": 281
        }
    }, 
    {
        "pk": 195, 
        "model": "c2g.videoactivity", 
        "fields": {
            "course": 1, 
            "max_end_seconds": 0, 
            "video": 10, 
            "student": [
                "student_38"
            ], 
            "start_seconds": 159
        }
    }, 
    {
        "pk": 196, 
        "model": "c2g.videoactivity", 
        "fields": {
            "course": 1, 
            "max_end_seconds": 0, 
            "video": 12, 
            "student": [
                "student_0"
            ], 
            "start_seconds": 247
        }
    }, 
    {
        "pk": 197, 
        "model": "c2g.videoactivity", 
        "fields": {
            "course": 1, 
            "max_end_seconds": 0, 
            "video": 12, 
            "student": [
                "student_1"
            ], 
            "start_seconds": 219
        }
    }, 
    {
        "pk": 198, 
        "model": "c2g.videoactivity", 
        "fields": {
            "course": 1, 
            "max_end_seconds": 0, 
            "video": 12, 
            "student": [
                "student_2"
            ], 
            "start_seconds": 112
        }
    }, 
    {
        "pk": 199, 
        "model": "c2g.videoactivity", 
        "fields": {
            "course": 1, 
            "max_end_seconds": 0, 
            "video": 12, 
            "student": [
                "student_3"
            ], 
            "start_seconds": 327
        }
    }, 
    {
        "pk": 200, 
        "model": "c2g.videoactivity", 
        "fields": {
            "course": 1, 
            "max_end_seconds": 0, 
            "video": 12, 
            "student": [
                "student_4"
            ], 
            "start_seconds": 162
        }
    }, 
    {
        "pk": 201, 
        "model": "c2g.videoactivity", 
        "fields": {
            "course": 1, 
            "max_end_seconds": 0, 
            "video": 12, 
            "student": [
                "student_5"
            ], 
            "start_seconds": 248
        }
    }, 
    {
        "pk": 202, 
        "model": "c2g.videoactivity", 
        "fields": {
            "course": 1, 
            "max_end_seconds": 0, 
            "video": 12, 
            "student": [
                "student_6"
            ], 
            "start_seconds": 234
        }
    }, 
    {
        "pk": 203, 
        "model": "c2g.videoactivity", 
        "fields": {
            "course": 1, 
            "max_end_seconds": 0, 
            "video": 12, 
            "student": [
                "student_7"
            ], 
            "start_seconds": 190
        }
    }, 
    {
        "pk": 204, 
        "model": "c2g.videoactivity", 
        "fields": {
            "course": 1, 
            "max_end_seconds": 0, 
            "video": 12, 
            "student": [
                "student_8"
            ], 
            "start_seconds": 116
        }
    }, 
    {
        "pk": 205, 
        "model": "c2g.videoactivity", 
        "fields": {
            "course": 1, 
            "max_end_seconds": 0, 
            "video": 12, 
            "student": [
                "student_9"
            ], 
            "start_seconds": 314
        }
    }, 
    {
        "pk": 206, 
        "model": "c2g.videoactivity", 
        "fields": {
            "course": 1, 
            "max_end_seconds": 0, 
            "video": 12, 
            "student": [
                "student_10"
            ], 
            "start_seconds": 134
        }
    }, 
    {
        "pk": 207, 
        "model": "c2g.videoactivity", 
        "fields": {
            "course": 1, 
            "max_end_seconds": 0, 
            "video": 12, 
            "student": [
                "student_11"
            ], 
            "start_seconds": 206
        }
    }, 
    {
        "pk": 208, 
        "model": "c2g.videoactivity", 
        "fields": {
            "course": 1, 
            "max_end_seconds": 0, 
            "video": 12, 
            "student": [
                "student_12"
            ], 
            "start_seconds": 208
        }
    }, 
    {
        "pk": 209, 
        "model": "c2g.videoactivity", 
        "fields": {
            "course": 1, 
            "max_end_seconds": 0, 
            "video": 12, 
            "student": [
                "student_13"
            ], 
            "start_seconds": 51
        }
    }, 
    {
        "pk": 210, 
        "model": "c2g.videoactivity", 
        "fields": {
            "course": 1, 
            "max_end_seconds": 0, 
            "video": 12, 
            "student": [
                "student_14"
            ], 
            "start_seconds": 317
        }
    }, 
    {
        "pk": 211, 
        "model": "c2g.videoactivity", 
        "fields": {
            "course": 1, 
            "max_end_seconds": 0, 
            "video": 12, 
            "student": [
                "student_15"
            ], 
            "start_seconds": 31
        }
    }, 
    {
        "pk": 212, 
        "model": "c2g.videoactivity", 
        "fields": {
            "course": 1, 
            "max_end_seconds": 0, 
            "video": 12, 
            "student": [
                "student_16"
            ], 
            "start_seconds": 15
        }
    }, 
    {
        "pk": 213, 
        "model": "c2g.videoactivity", 
        "fields": {
            "course": 1, 
            "max_end_seconds": 0, 
            "video": 12, 
            "student": [
                "student_17"
            ], 
            "start_seconds": 170
        }
    }, 
    {
        "pk": 214, 
        "model": "c2g.videoactivity", 
        "fields": {
            "course": 1, 
            "max_end_seconds": 0, 
            "video": 12, 
            "student": [
                "student_18"
            ], 
            "start_seconds": 216
        }
    }, 
    {
        "pk": 215, 
        "model": "c2g.videoactivity", 
        "fields": {
            "course": 1, 
            "max_end_seconds": 0, 
            "video": 12, 
            "student": [
                "student_19"
            ], 
            "start_seconds": 23
        }
    }, 
    {
        "pk": 216, 
        "model": "c2g.videoactivity", 
        "fields": {
            "course": 1, 
            "max_end_seconds": 0, 
            "video": 12, 
            "student": [
                "student_20"
            ], 
            "start_seconds": 102
        }
    }, 
    {
        "pk": 217, 
        "model": "c2g.videoactivity", 
        "fields": {
            "course": 1, 
            "max_end_seconds": 0, 
            "video": 12, 
            "student": [
                "student_21"
            ], 
            "start_seconds": 102
        }
    }, 
    {
        "pk": 218, 
        "model": "c2g.videoactivity", 
        "fields": {
            "course": 1, 
            "max_end_seconds": 0, 
            "video": 12, 
            "student": [
                "student_22"
            ], 
            "start_seconds": 155
        }
    }, 
    {
        "pk": 219, 
        "model": "c2g.videoactivity", 
        "fields": {
            "course": 1, 
            "max_end_seconds": 0, 
            "video": 12, 
            "student": [
                "student_23"
            ], 
            "start_seconds": 305
        }
    }, 
    {
        "pk": 220, 
        "model": "c2g.videoactivity", 
        "fields": {
            "course": 1, 
            "max_end_seconds": 0, 
            "video": 12, 
            "student": [
                "student_24"
            ], 
            "start_seconds": 91
        }
    }, 
    {
        "pk": 221, 
        "model": "c2g.videoactivity", 
        "fields": {
            "course": 1, 
            "max_end_seconds": 0, 
            "video": 12, 
            "student": [
                "student_25"
            ], 
            "start_seconds": 59
        }
    }, 
    {
        "pk": 222, 
        "model": "c2g.videoactivity", 
        "fields": {
            "course": 1, 
            "max_end_seconds": 0, 
            "video": 12, 
            "student": [
                "student_26"
            ], 
            "start_seconds": 236
        }
    }, 
    {
        "pk": 223, 
        "model": "c2g.videoactivity", 
        "fields": {
            "course": 1, 
            "max_end_seconds": 0, 
            "video": 12, 
            "student": [
                "student_27"
            ], 
            "start_seconds": 146
        }
    }, 
    {
        "pk": 224, 
        "model": "c2g.videoactivity", 
        "fields": {
            "course": 1, 
            "max_end_seconds": 0, 
            "video": 12, 
            "student": [
                "student_28"
            ], 
            "start_seconds": 156
        }
    }, 
    {
        "pk": 225, 
        "model": "c2g.videoactivity", 
        "fields": {
            "course": 1, 
            "max_end_seconds": 0, 
            "video": 12, 
            "student": [
                "student_29"
            ], 
            "start_seconds": 263
        }
    }, 
    {
        "pk": 226, 
        "model": "c2g.videoactivity", 
        "fields": {
            "course": 1, 
            "max_end_seconds": 0, 
            "video": 12, 
            "student": [
                "student_30"
            ], 
            "start_seconds": 204
        }
    }, 
    {
        "pk": 227, 
        "model": "c2g.videoactivity", 
        "fields": {
            "course": 1, 
            "max_end_seconds": 0, 
            "video": 12, 
            "student": [
                "student_31"
            ], 
            "start_seconds": 66
        }
    }, 
    {
        "pk": 228, 
        "model": "c2g.videoactivity", 
        "fields": {
            "course": 1, 
            "max_end_seconds": 0, 
            "video": 12, 
            "student": [
                "student_32"
            ], 
            "start_seconds": 236
        }
    }, 
    {
        "pk": 229, 
        "model": "c2g.videoactivity", 
        "fields": {
            "course": 1, 
            "max_end_seconds": 0, 
            "video": 12, 
            "student": [
                "student_33"
            ], 
            "start_seconds": 168
        }
    }, 
    {
        "pk": 230, 
        "model": "c2g.videoactivity", 
        "fields": {
            "course": 1, 
            "max_end_seconds": 0, 
            "video": 12, 
            "student": [
                "student_34"
            ], 
            "start_seconds": 45
        }
    }, 
    {
        "pk": 231, 
        "model": "c2g.videoactivity", 
        "fields": {
            "course": 1, 
            "max_end_seconds": 0, 
            "video": 12, 
            "student": [
                "student_35"
            ], 
            "start_seconds": 267
        }
    }, 
    {
        "pk": 232, 
        "model": "c2g.videoactivity", 
        "fields": {
            "course": 1, 
            "max_end_seconds": 0, 
            "video": 12, 
            "student": [
                "student_36"
            ], 
            "start_seconds": 227
        }
    }, 
    {
        "pk": 233, 
        "model": "c2g.videoactivity", 
        "fields": {
            "course": 1, 
            "max_end_seconds": 0, 
            "video": 12, 
            "student": [
                "student_37"
            ], 
            "start_seconds": 15
        }
    }, 
    {
        "pk": 234, 
        "model": "c2g.videoactivity", 
        "fields": {
            "course": 1, 
            "max_end_seconds": 0, 
            "video": 12, 
            "student": [
                "student_38"
            ], 
            "start_seconds": 232
        }
    }, 
    {
        "pk": 235, 
        "model": "c2g.videoactivity", 
        "fields": {
            "course": 1, 
            "max_end_seconds": 0, 
            "video": 14, 
            "student": [
                "student_0"
            ], 
            "start_seconds": 147
        }
    }, 
    {
        "pk": 236, 
        "model": "c2g.videoactivity", 
        "fields": {
            "course": 1, 
            "max_end_seconds": 0, 
            "video": 14, 
            "student": [
                "student_1"
            ], 
            "start_seconds": 428
        }
    }, 
    {
        "pk": 237, 
        "model": "c2g.videoactivity", 
        "fields": {
            "course": 1, 
            "max_end_seconds": 0, 
            "video": 14, 
            "student": [
                "student_2"
            ], 
            "start_seconds": 108
        }
    }, 
    {
        "pk": 238, 
        "model": "c2g.videoactivity", 
        "fields": {
            "course": 1, 
            "max_end_seconds": 0, 
            "video": 14, 
            "student": [
                "student_3"
            ], 
            "start_seconds": 152
        }
    }, 
    {
        "pk": 239, 
        "model": "c2g.videoactivity", 
        "fields": {
            "course": 1, 
            "max_end_seconds": 0, 
            "video": 14, 
            "student": [
                "student_4"
            ], 
            "start_seconds": 520
        }
    }, 
    {
        "pk": 240, 
        "model": "c2g.videoactivity", 
        "fields": {
            "course": 1, 
            "max_end_seconds": 0, 
            "video": 14, 
            "student": [
                "student_5"
            ], 
            "start_seconds": 388
        }
    }, 
    {
        "pk": 241, 
        "model": "c2g.videoactivity", 
        "fields": {
            "course": 1, 
            "max_end_seconds": 0, 
            "video": 14, 
            "student": [
                "student_6"
            ], 
            "start_seconds": 84
        }
    }, 
    {
        "pk": 242, 
        "model": "c2g.videoactivity", 
        "fields": {
            "course": 1, 
            "max_end_seconds": 0, 
            "video": 14, 
            "student": [
                "student_7"
            ], 
            "start_seconds": 237
        }
    }, 
    {
        "pk": 243, 
        "model": "c2g.videoactivity", 
        "fields": {
            "course": 1, 
            "max_end_seconds": 0, 
            "video": 14, 
            "student": [
                "student_8"
            ], 
            "start_seconds": 254
        }
    }, 
    {
        "pk": 244, 
        "model": "c2g.videoactivity", 
        "fields": {
            "course": 1, 
            "max_end_seconds": 0, 
            "video": 14, 
            "student": [
                "student_9"
            ], 
            "start_seconds": 232
        }
    }, 
    {
        "pk": 245, 
        "model": "c2g.videoactivity", 
        "fields": {
            "course": 1, 
            "max_end_seconds": 0, 
            "video": 14, 
            "student": [
                "student_10"
            ], 
            "start_seconds": 154
        }
    }, 
    {
        "pk": 246, 
        "model": "c2g.videoactivity", 
        "fields": {
            "course": 1, 
            "max_end_seconds": 0, 
            "video": 14, 
            "student": [
                "student_11"
            ], 
            "start_seconds": 64
        }
    }, 
    {
        "pk": 247, 
        "model": "c2g.videoactivity", 
        "fields": {
            "course": 1, 
            "max_end_seconds": 0, 
            "video": 14, 
            "student": [
                "student_12"
            ], 
            "start_seconds": 102
        }
    }, 
    {
        "pk": 248, 
        "model": "c2g.videoactivity", 
        "fields": {
            "course": 1, 
            "max_end_seconds": 0, 
            "video": 14, 
            "student": [
                "student_13"
            ], 
            "start_seconds": 80
        }
    }, 
    {
        "pk": 249, 
        "model": "c2g.videoactivity", 
        "fields": {
            "course": 1, 
            "max_end_seconds": 0, 
            "video": 14, 
            "student": [
                "student_14"
            ], 
            "start_seconds": 134
        }
    }, 
    {
        "pk": 250, 
        "model": "c2g.videoactivity", 
        "fields": {
            "course": 1, 
            "max_end_seconds": 0, 
            "video": 14, 
            "student": [
                "student_15"
            ], 
            "start_seconds": 348
        }
    }, 
    {
        "pk": 251, 
        "model": "c2g.videoactivity", 
        "fields": {
            "course": 1, 
            "max_end_seconds": 0, 
            "video": 14, 
            "student": [
                "student_16"
            ], 
            "start_seconds": 217
        }
    }, 
    {
        "pk": 252, 
        "model": "c2g.videoactivity", 
        "fields": {
            "course": 1, 
            "max_end_seconds": 0, 
            "video": 14, 
            "student": [
                "student_17"
            ], 
            "start_seconds": 267
        }
    }, 
    {
        "pk": 253, 
        "model": "c2g.videoactivity", 
        "fields": {
            "course": 1, 
            "max_end_seconds": 0, 
            "video": 14, 
            "student": [
                "student_18"
            ], 
            "start_seconds": 119
        }
    }, 
    {
        "pk": 254, 
        "model": "c2g.videoactivity", 
        "fields": {
            "course": 1, 
            "max_end_seconds": 0, 
            "video": 14, 
            "student": [
                "student_19"
            ], 
            "start_seconds": 379
        }
    }, 
    {
        "pk": 255, 
        "model": "c2g.videoactivity", 
        "fields": {
            "course": 1, 
            "max_end_seconds": 0, 
            "video": 14, 
            "student": [
                "student_20"
            ], 
            "start_seconds": 450
        }
    }, 
    {
        "pk": 256, 
        "model": "c2g.videoactivity", 
        "fields": {
            "course": 1, 
            "max_end_seconds": 0, 
            "video": 14, 
            "student": [
                "student_21"
            ], 
            "start_seconds": 1
        }
    }, 
    {
        "pk": 257, 
        "model": "c2g.videoactivity", 
        "fields": {
            "course": 1, 
            "max_end_seconds": 0, 
            "video": 14, 
            "student": [
                "student_22"
            ], 
            "start_seconds": 156
        }
    }, 
    {
        "pk": 258, 
        "model": "c2g.videoactivity", 
        "fields": {
            "course": 1, 
            "max_end_seconds": 0, 
            "video": 14, 
            "student": [
                "student_23"
            ], 
            "start_seconds": 200
        }
    }, 
    {
        "pk": 259, 
        "model": "c2g.videoactivity", 
        "fields": {
            "course": 1, 
            "max_end_seconds": 0, 
            "video": 14, 
            "student": [
                "student_24"
            ], 
            "start_seconds": 364
        }
    }, 
    {
        "pk": 260, 
        "model": "c2g.videoactivity", 
        "fields": {
            "course": 1, 
            "max_end_seconds": 0, 
            "video": 14, 
            "student": [
                "student_25"
            ], 
            "start_seconds": 66
        }
    }, 
    {
        "pk": 261, 
        "model": "c2g.videoactivity", 
        "fields": {
            "course": 1, 
            "max_end_seconds": 0, 
            "video": 14, 
            "student": [
                "student_26"
            ], 
            "start_seconds": 455
        }
    }, 
    {
        "pk": 262, 
        "model": "c2g.videoactivity", 
        "fields": {
            "course": 1, 
            "max_end_seconds": 0, 
            "video": 14, 
            "student": [
                "student_27"
            ], 
            "start_seconds": 315
        }
    }, 
    {
        "pk": 263, 
        "model": "c2g.videoactivity", 
        "fields": {
            "course": 1, 
            "max_end_seconds": 0, 
            "video": 14, 
            "student": [
                "student_28"
            ], 
            "start_seconds": 464
        }
    }, 
    {
        "pk": 264, 
        "model": "c2g.videoactivity", 
        "fields": {
            "course": 1, 
            "max_end_seconds": 0, 
            "video": 14, 
            "student": [
                "student_29"
            ], 
            "start_seconds": 207
        }
    }, 
    {
        "pk": 265, 
        "model": "c2g.videoactivity", 
        "fields": {
            "course": 1, 
            "max_end_seconds": 0, 
            "video": 14, 
            "student": [
                "student_30"
            ], 
            "start_seconds": 408
        }
    }, 
    {
        "pk": 266, 
        "model": "c2g.videoactivity", 
        "fields": {
            "course": 1, 
            "max_end_seconds": 0, 
            "video": 14, 
            "student": [
                "student_31"
            ], 
            "start_seconds": 212
        }
    }, 
    {
        "pk": 267, 
        "model": "c2g.videoactivity", 
        "fields": {
            "course": 1, 
            "max_end_seconds": 0, 
            "video": 14, 
            "student": [
                "student_32"
            ], 
            "start_seconds": 220
        }
    }, 
    {
        "pk": 268, 
        "model": "c2g.videoactivity", 
        "fields": {
            "course": 1, 
            "max_end_seconds": 0, 
            "video": 14, 
            "student": [
                "student_33"
            ], 
            "start_seconds": 357
        }
    }, 
    {
        "pk": 269, 
        "model": "c2g.videoactivity", 
        "fields": {
            "course": 1, 
            "max_end_seconds": 0, 
            "video": 14, 
            "student": [
                "student_34"
            ], 
            "start_seconds": 95
        }
    }, 
    {
        "pk": 270, 
        "model": "c2g.videoactivity", 
        "fields": {
            "course": 1, 
            "max_end_seconds": 0, 
            "video": 14, 
            "student": [
                "student_35"
            ], 
            "start_seconds": 362
        }
    }, 
    {
        "pk": 271, 
        "model": "c2g.videoactivity", 
        "fields": {
            "course": 1, 
            "max_end_seconds": 0, 
            "video": 14, 
            "student": [
                "student_36"
            ], 
            "start_seconds": 502
        }
    }, 
    {
        "pk": 272, 
        "model": "c2g.videoactivity", 
        "fields": {
            "course": 1, 
            "max_end_seconds": 0, 
            "video": 14, 
            "student": [
                "student_37"
            ], 
            "start_seconds": 12
        }
    }, 
    {
        "pk": 273, 
        "model": "c2g.videoactivity", 
        "fields": {
            "course": 1, 
            "max_end_seconds": 0, 
            "video": 14, 
            "student": [
                "student_38"
            ], 
            "start_seconds": 120
        }
    }, 
    {
        "pk": 274, 
        "model": "c2g.videoactivity", 
        "fields": {
            "course": 3, 
            "max_end_seconds": 0, 
            "video": 16, 
            "student": [
                "student_0"
            ], 
            "start_seconds": 273
        }
    }, 
    {
        "pk": 275, 
        "model": "c2g.videoactivity", 
        "fields": {
            "course": 3, 
            "max_end_seconds": 0, 
            "video": 16, 
            "student": [
                "student_1"
            ], 
            "start_seconds": 181
        }
    }, 
    {
        "pk": 276, 
        "model": "c2g.videoactivity", 
        "fields": {
            "course": 3, 
            "max_end_seconds": 0, 
            "video": 16, 
            "student": [
                "student_2"
            ], 
            "start_seconds": 681
        }
    }, 
    {
        "pk": 277, 
        "model": "c2g.videoactivity", 
        "fields": {
            "course": 3, 
            "max_end_seconds": 0, 
            "video": 16, 
            "student": [
                "student_3"
            ], 
            "start_seconds": 275
        }
    }, 
    {
        "pk": 278, 
        "model": "c2g.videoactivity", 
        "fields": {
            "course": 3, 
            "max_end_seconds": 0, 
            "video": 16, 
            "student": [
                "student_4"
            ], 
            "start_seconds": 636
        }
    }, 
    {
        "pk": 279, 
        "model": "c2g.videoactivity", 
        "fields": {
            "course": 3, 
            "max_end_seconds": 0, 
            "video": 16, 
            "student": [
                "student_5"
            ], 
            "start_seconds": 629
        }
    }, 
    {
        "pk": 280, 
        "model": "c2g.videoactivity", 
        "fields": {
            "course": 3, 
            "max_end_seconds": 0, 
            "video": 16, 
            "student": [
                "student_6"
            ], 
            "start_seconds": 57
        }
    }, 
    {
        "pk": 281, 
        "model": "c2g.videoactivity", 
        "fields": {
            "course": 3, 
            "max_end_seconds": 0, 
            "video": 16, 
            "student": [
                "student_7"
            ], 
            "start_seconds": 500
        }
    }, 
    {
        "pk": 282, 
        "model": "c2g.videoactivity", 
        "fields": {
            "course": 3, 
            "max_end_seconds": 0, 
            "video": 16, 
            "student": [
                "student_8"
            ], 
            "start_seconds": 35
        }
    }, 
    {
        "pk": 283, 
        "model": "c2g.videoactivity", 
        "fields": {
            "course": 3, 
            "max_end_seconds": 0, 
            "video": 16, 
            "student": [
                "student_9"
            ], 
            "start_seconds": 194
        }
    }, 
    {
        "pk": 284, 
        "model": "c2g.videoactivity", 
        "fields": {
            "course": 3, 
            "max_end_seconds": 0, 
            "video": 16, 
            "student": [
                "student_10"
            ], 
            "start_seconds": 641
        }
    }, 
    {
        "pk": 285, 
        "model": "c2g.videoactivity", 
        "fields": {
            "course": 3, 
            "max_end_seconds": 0, 
            "video": 16, 
            "student": [
                "student_11"
            ], 
            "start_seconds": 536
        }
    }, 
    {
        "pk": 286, 
        "model": "c2g.videoactivity", 
        "fields": {
            "course": 3, 
            "max_end_seconds": 0, 
            "video": 16, 
            "student": [
                "student_12"
            ], 
            "start_seconds": 717
        }
    }, 
    {
        "pk": 287, 
        "model": "c2g.videoactivity", 
        "fields": {
            "course": 3, 
            "max_end_seconds": 0, 
            "video": 16, 
            "student": [
                "student_13"
            ], 
            "start_seconds": 133
        }
    }, 
    {
        "pk": 288, 
        "model": "c2g.videoactivity", 
        "fields": {
            "course": 3, 
            "max_end_seconds": 0, 
            "video": 16, 
            "student": [
                "student_14"
            ], 
            "start_seconds": 509
        }
    }, 
    {
        "pk": 289, 
        "model": "c2g.videoactivity", 
        "fields": {
            "course": 3, 
            "max_end_seconds": 0, 
            "video": 16, 
            "student": [
                "student_15"
            ], 
            "start_seconds": 753
        }
    }, 
    {
        "pk": 290, 
        "model": "c2g.videoactivity", 
        "fields": {
            "course": 3, 
            "max_end_seconds": 0, 
            "video": 16, 
            "student": [
                "student_16"
            ], 
            "start_seconds": 521
        }
    }, 
    {
        "pk": 291, 
        "model": "c2g.videoactivity", 
        "fields": {
            "course": 3, 
            "max_end_seconds": 0, 
            "video": 16, 
            "student": [
                "student_17"
            ], 
            "start_seconds": 186
        }
    }, 
    {
        "pk": 292, 
        "model": "c2g.videoactivity", 
        "fields": {
            "course": 3, 
            "max_end_seconds": 0, 
            "video": 16, 
            "student": [
                "student_18"
            ], 
            "start_seconds": 339
        }
    }, 
    {
        "pk": 293, 
        "model": "c2g.videoactivity", 
        "fields": {
            "course": 3, 
            "max_end_seconds": 0, 
            "video": 16, 
            "student": [
                "student_19"
            ], 
            "start_seconds": 423
        }
    }, 
    {
        "pk": 294, 
        "model": "c2g.videoactivity", 
        "fields": {
            "course": 3, 
            "max_end_seconds": 0, 
            "video": 16, 
            "student": [
                "student_20"
            ], 
            "start_seconds": 94
        }
    }, 
    {
        "pk": 295, 
        "model": "c2g.videoactivity", 
        "fields": {
            "course": 3, 
            "max_end_seconds": 0, 
            "video": 16, 
            "student": [
                "student_21"
            ], 
            "start_seconds": 446
        }
    }, 
    {
        "pk": 296, 
        "model": "c2g.videoactivity", 
        "fields": {
            "course": 3, 
            "max_end_seconds": 0, 
            "video": 16, 
            "student": [
                "student_22"
            ], 
            "start_seconds": 713
        }
    }, 
    {
        "pk": 297, 
        "model": "c2g.videoactivity", 
        "fields": {
            "course": 3, 
            "max_end_seconds": 0, 
            "video": 16, 
            "student": [
                "student_23"
            ], 
            "start_seconds": 542
        }
    }, 
    {
        "pk": 298, 
        "model": "c2g.videoactivity", 
        "fields": {
            "course": 3, 
            "max_end_seconds": 0, 
            "video": 16, 
            "student": [
                "student_24"
            ], 
            "start_seconds": 185
        }
    }, 
    {
        "pk": 299, 
        "model": "c2g.videoactivity", 
        "fields": {
            "course": 3, 
            "max_end_seconds": 0, 
            "video": 16, 
            "student": [
                "student_25"
            ], 
            "start_seconds": 390
        }
    }, 
    {
        "pk": 300, 
        "model": "c2g.videoactivity", 
        "fields": {
            "course": 3, 
            "max_end_seconds": 0, 
            "video": 16, 
            "student": [
                "student_26"
            ], 
            "start_seconds": 174
        }
    }, 
    {
        "pk": 301, 
        "model": "c2g.videoactivity", 
        "fields": {
            "course": 3, 
            "max_end_seconds": 0, 
            "video": 16, 
            "student": [
                "student_27"
            ], 
            "start_seconds": 583
        }
    }, 
    {
        "pk": 302, 
        "model": "c2g.videoactivity", 
        "fields": {
            "course": 3, 
            "max_end_seconds": 0, 
            "video": 16, 
            "student": [
                "student_28"
            ], 
            "start_seconds": 156
        }
    }, 
    {
        "pk": 303, 
        "model": "c2g.videoactivity", 
        "fields": {
            "course": 3, 
            "max_end_seconds": 0, 
            "video": 16, 
            "student": [
                "student_29"
            ], 
            "start_seconds": 22
        }
    }, 
    {
        "pk": 304, 
        "model": "c2g.videoactivity", 
        "fields": {
            "course": 3, 
            "max_end_seconds": 0, 
            "video": 16, 
            "student": [
                "student_30"
            ], 
            "start_seconds": 697
        }
    }, 
    {
        "pk": 305, 
        "model": "c2g.videoactivity", 
        "fields": {
            "course": 3, 
            "max_end_seconds": 0, 
            "video": 16, 
            "student": [
                "student_31"
            ], 
            "start_seconds": 730
        }
    }, 
    {
        "pk": 306, 
        "model": "c2g.videoactivity", 
        "fields": {
            "course": 3, 
            "max_end_seconds": 0, 
            "video": 16, 
            "student": [
                "student_32"
            ], 
            "start_seconds": 741
        }
    }, 
    {
        "pk": 307, 
        "model": "c2g.videoactivity", 
        "fields": {
            "course": 3, 
            "max_end_seconds": 0, 
            "video": 16, 
            "student": [
                "student_33"
            ], 
            "start_seconds": 429
        }
    }, 
    {
        "pk": 308, 
        "model": "c2g.videoactivity", 
        "fields": {
            "course": 3, 
            "max_end_seconds": 0, 
            "video": 16, 
            "student": [
                "student_34"
            ], 
            "start_seconds": 444
        }
    }, 
    {
        "pk": 309, 
        "model": "c2g.videoactivity", 
        "fields": {
            "course": 3, 
            "max_end_seconds": 0, 
            "video": 16, 
            "student": [
                "student_35"
            ], 
            "start_seconds": 54
        }
    }, 
    {
        "pk": 310, 
        "model": "c2g.videoactivity", 
        "fields": {
            "course": 3, 
            "max_end_seconds": 0, 
            "video": 16, 
            "student": [
                "student_36"
            ], 
            "start_seconds": 553
        }
    }, 
    {
        "pk": 311, 
        "model": "c2g.videoactivity", 
        "fields": {
            "course": 3, 
            "max_end_seconds": 0, 
            "video": 16, 
            "student": [
                "student_37"
            ], 
            "start_seconds": 352
        }
    }, 
    {
        "pk": 312, 
        "model": "c2g.videoactivity", 
        "fields": {
            "course": 3, 
            "max_end_seconds": 0, 
            "video": 16, 
            "student": [
                "student_38"
            ], 
            "start_seconds": 159
        }
    }, 
    {
        "pk": 313, 
        "model": "c2g.videoactivity", 
        "fields": {
            "course": 3, 
            "max_end_seconds": 0, 
            "video": 18, 
            "student": [
                "student_0"
            ], 
            "start_seconds": 37
        }
    }, 
    {
        "pk": 314, 
        "model": "c2g.videoactivity", 
        "fields": {
            "course": 3, 
            "max_end_seconds": 0, 
            "video": 18, 
            "student": [
                "student_1"
            ], 
            "start_seconds": 206
        }
    }, 
    {
        "pk": 315, 
        "model": "c2g.videoactivity", 
        "fields": {
            "course": 3, 
            "max_end_seconds": 0, 
            "video": 18, 
            "student": [
                "student_2"
            ], 
            "start_seconds": 327
        }
    }, 
    {
        "pk": 316, 
        "model": "c2g.videoactivity", 
        "fields": {
            "course": 3, 
            "max_end_seconds": 0, 
            "video": 18, 
            "student": [
                "student_3"
            ], 
            "start_seconds": 399
        }
    }, 
    {
        "pk": 317, 
        "model": "c2g.videoactivity", 
        "fields": {
            "course": 3, 
            "max_end_seconds": 0, 
            "video": 18, 
            "student": [
                "student_4"
            ], 
            "start_seconds": 261
        }
    }, 
    {
        "pk": 318, 
        "model": "c2g.videoactivity", 
        "fields": {
            "course": 3, 
            "max_end_seconds": 0, 
            "video": 18, 
            "student": [
                "student_5"
            ], 
            "start_seconds": 327
        }
    }, 
    {
        "pk": 319, 
        "model": "c2g.videoactivity", 
        "fields": {
            "course": 3, 
            "max_end_seconds": 0, 
            "video": 18, 
            "student": [
                "student_6"
            ], 
            "start_seconds": 475
        }
    }, 
    {
        "pk": 320, 
        "model": "c2g.videoactivity", 
        "fields": {
            "course": 3, 
            "max_end_seconds": 0, 
            "video": 18, 
            "student": [
                "student_7"
            ], 
            "start_seconds": 450
        }
    }, 
    {
        "pk": 321, 
        "model": "c2g.videoactivity", 
        "fields": {
            "course": 3, 
            "max_end_seconds": 0, 
            "video": 18, 
            "student": [
                "student_8"
            ], 
            "start_seconds": 453
        }
    }, 
    {
        "pk": 322, 
        "model": "c2g.videoactivity", 
        "fields": {
            "course": 3, 
            "max_end_seconds": 0, 
            "video": 18, 
            "student": [
                "student_9"
            ], 
            "start_seconds": 186
        }
    }, 
    {
        "pk": 323, 
        "model": "c2g.videoactivity", 
        "fields": {
            "course": 3, 
            "max_end_seconds": 0, 
            "video": 18, 
            "student": [
                "student_10"
            ], 
            "start_seconds": 166
        }
    }, 
    {
        "pk": 324, 
        "model": "c2g.videoactivity", 
        "fields": {
            "course": 3, 
            "max_end_seconds": 0, 
            "video": 18, 
            "student": [
                "student_11"
            ], 
            "start_seconds": 350
        }
    }, 
    {
        "pk": 325, 
        "model": "c2g.videoactivity", 
        "fields": {
            "course": 3, 
            "max_end_seconds": 0, 
            "video": 18, 
            "student": [
                "student_12"
            ], 
            "start_seconds": 675
        }
    }, 
    {
        "pk": 326, 
        "model": "c2g.videoactivity", 
        "fields": {
            "course": 3, 
            "max_end_seconds": 0, 
            "video": 18, 
            "student": [
                "student_13"
            ], 
            "start_seconds": 274
        }
    }, 
    {
        "pk": 327, 
        "model": "c2g.videoactivity", 
        "fields": {
            "course": 3, 
            "max_end_seconds": 0, 
            "video": 18, 
            "student": [
                "student_14"
            ], 
            "start_seconds": 535
        }
    }, 
    {
        "pk": 328, 
        "model": "c2g.videoactivity", 
        "fields": {
            "course": 3, 
            "max_end_seconds": 0, 
            "video": 18, 
            "student": [
                "student_15"
            ], 
            "start_seconds": 642
        }
    }, 
    {
        "pk": 329, 
        "model": "c2g.videoactivity", 
        "fields": {
            "course": 3, 
            "max_end_seconds": 0, 
            "video": 18, 
            "student": [
                "student_16"
            ], 
            "start_seconds": 485
        }
    }, 
    {
        "pk": 330, 
        "model": "c2g.videoactivity", 
        "fields": {
            "course": 3, 
            "max_end_seconds": 0, 
            "video": 18, 
            "student": [
                "student_17"
            ], 
            "start_seconds": 489
        }
    }, 
    {
        "pk": 331, 
        "model": "c2g.videoactivity", 
        "fields": {
            "course": 3, 
            "max_end_seconds": 0, 
            "video": 18, 
            "student": [
                "student_18"
            ], 
            "start_seconds": 514
        }
    }, 
    {
        "pk": 332, 
        "model": "c2g.videoactivity", 
        "fields": {
            "course": 3, 
            "max_end_seconds": 0, 
            "video": 18, 
            "student": [
                "student_19"
            ], 
            "start_seconds": 498
        }
    }, 
    {
        "pk": 333, 
        "model": "c2g.videoactivity", 
        "fields": {
            "course": 3, 
            "max_end_seconds": 0, 
            "video": 18, 
            "student": [
                "student_20"
            ], 
            "start_seconds": 49
        }
    }, 
    {
        "pk": 334, 
        "model": "c2g.videoactivity", 
        "fields": {
            "course": 3, 
            "max_end_seconds": 0, 
            "video": 18, 
            "student": [
                "student_21"
            ], 
            "start_seconds": 348
        }
    }, 
    {
        "pk": 335, 
        "model": "c2g.videoactivity", 
        "fields": {
            "course": 3, 
            "max_end_seconds": 0, 
            "video": 18, 
            "student": [
                "student_22"
            ], 
            "start_seconds": 402
        }
    }, 
    {
        "pk": 336, 
        "model": "c2g.videoactivity", 
        "fields": {
            "course": 3, 
            "max_end_seconds": 0, 
            "video": 18, 
            "student": [
                "student_23"
            ], 
            "start_seconds": 489
        }
    }, 
    {
        "pk": 337, 
        "model": "c2g.videoactivity", 
        "fields": {
            "course": 3, 
            "max_end_seconds": 0, 
            "video": 18, 
            "student": [
                "student_24"
            ], 
            "start_seconds": 582
        }
    }, 
    {
        "pk": 338, 
        "model": "c2g.videoactivity", 
        "fields": {
            "course": 3, 
            "max_end_seconds": 0, 
            "video": 18, 
            "student": [
                "student_25"
            ], 
            "start_seconds": 436
        }
    }, 
    {
        "pk": 339, 
        "model": "c2g.videoactivity", 
        "fields": {
            "course": 3, 
            "max_end_seconds": 0, 
            "video": 18, 
            "student": [
                "student_26"
            ], 
            "start_seconds": 571
        }
    }, 
    {
        "pk": 340, 
        "model": "c2g.videoactivity", 
        "fields": {
            "course": 3, 
            "max_end_seconds": 0, 
            "video": 18, 
            "student": [
                "student_27"
            ], 
            "start_seconds": 201
        }
    }, 
    {
        "pk": 341, 
        "model": "c2g.videoactivity", 
        "fields": {
            "course": 3, 
            "max_end_seconds": 0, 
            "video": 18, 
            "student": [
                "student_28"
            ], 
            "start_seconds": 389
        }
    }, 
    {
        "pk": 342, 
        "model": "c2g.videoactivity", 
        "fields": {
            "course": 3, 
            "max_end_seconds": 0, 
            "video": 18, 
            "student": [
                "student_29"
            ], 
            "start_seconds": 193
        }
    }, 
    {
        "pk": 343, 
        "model": "c2g.videoactivity", 
        "fields": {
            "course": 3, 
            "max_end_seconds": 0, 
            "video": 18, 
            "student": [
                "student_30"
            ], 
            "start_seconds": 430
        }
    }, 
    {
        "pk": 344, 
        "model": "c2g.videoactivity", 
        "fields": {
            "course": 3, 
            "max_end_seconds": 0, 
            "video": 18, 
            "student": [
                "student_31"
            ], 
            "start_seconds": 569
        }
    }, 
    {
        "pk": 345, 
        "model": "c2g.videoactivity", 
        "fields": {
            "course": 3, 
            "max_end_seconds": 0, 
            "video": 18, 
            "student": [
                "student_32"
            ], 
            "start_seconds": 550
        }
    }, 
    {
        "pk": 346, 
        "model": "c2g.videoactivity", 
        "fields": {
            "course": 3, 
            "max_end_seconds": 0, 
            "video": 18, 
            "student": [
                "student_33"
            ], 
            "start_seconds": 48
        }
    }, 
    {
        "pk": 347, 
        "model": "c2g.videoactivity", 
        "fields": {
            "course": 3, 
            "max_end_seconds": 0, 
            "video": 18, 
            "student": [
                "student_34"
            ], 
            "start_seconds": 118
        }
    }, 
    {
        "pk": 348, 
        "model": "c2g.videoactivity", 
        "fields": {
            "course": 3, 
            "max_end_seconds": 0, 
            "video": 18, 
            "student": [
                "student_35"
            ], 
            "start_seconds": 617
        }
    }, 
    {
        "pk": 349, 
        "model": "c2g.videoactivity", 
        "fields": {
            "course": 3, 
            "max_end_seconds": 0, 
            "video": 18, 
            "student": [
                "student_36"
            ], 
            "start_seconds": 553
        }
    }, 
    {
        "pk": 350, 
        "model": "c2g.videoactivity", 
        "fields": {
            "course": 3, 
            "max_end_seconds": 0, 
            "video": 18, 
            "student": [
                "student_37"
            ], 
            "start_seconds": 633
        }
    }, 
    {
        "pk": 351, 
        "model": "c2g.videoactivity", 
        "fields": {
            "course": 3, 
            "max_end_seconds": 0, 
            "video": 18, 
            "student": [
                "student_38"
            ], 
            "start_seconds": 492
        }
    }, 
    {
        "pk": 352, 
        "model": "c2g.videoactivity", 
        "fields": {
            "course": 3, 
            "max_end_seconds": 0, 
            "video": 20, 
            "student": [
                "student_0"
            ], 
            "start_seconds": 116
        }
    }, 
    {
        "pk": 353, 
        "model": "c2g.videoactivity", 
        "fields": {
            "course": 3, 
            "max_end_seconds": 0, 
            "video": 20, 
            "student": [
                "student_1"
            ], 
            "start_seconds": 360
        }
    }, 
    {
        "pk": 354, 
        "model": "c2g.videoactivity", 
        "fields": {
            "course": 3, 
            "max_end_seconds": 0, 
            "video": 20, 
            "student": [
                "student_2"
            ], 
            "start_seconds": 15
        }
    }, 
    {
        "pk": 355, 
        "model": "c2g.videoactivity", 
        "fields": {
            "course": 3, 
            "max_end_seconds": 0, 
            "video": 20, 
            "student": [
                "student_3"
            ], 
            "start_seconds": 182
        }
    }, 
    {
        "pk": 356, 
        "model": "c2g.videoactivity", 
        "fields": {
            "course": 3, 
            "max_end_seconds": 0, 
            "video": 20, 
            "student": [
                "student_4"
            ], 
            "start_seconds": 16
        }
    }, 
    {
        "pk": 357, 
        "model": "c2g.videoactivity", 
        "fields": {
            "course": 3, 
            "max_end_seconds": 0, 
            "video": 20, 
            "student": [
                "student_5"
            ], 
            "start_seconds": 360
        }
    }, 
    {
        "pk": 358, 
        "model": "c2g.videoactivity", 
        "fields": {
            "course": 3, 
            "max_end_seconds": 0, 
            "video": 20, 
            "student": [
                "student_6"
            ], 
            "start_seconds": 302
        }
    }, 
    {
        "pk": 359, 
        "model": "c2g.videoactivity", 
        "fields": {
            "course": 3, 
            "max_end_seconds": 0, 
            "video": 20, 
            "student": [
                "student_7"
            ], 
            "start_seconds": 247
        }
    }, 
    {
        "pk": 360, 
        "model": "c2g.videoactivity", 
        "fields": {
            "course": 3, 
            "max_end_seconds": 0, 
            "video": 20, 
            "student": [
                "student_8"
            ], 
            "start_seconds": 273
        }
    }, 
    {
        "pk": 361, 
        "model": "c2g.videoactivity", 
        "fields": {
            "course": 3, 
            "max_end_seconds": 0, 
            "video": 20, 
            "student": [
                "student_9"
            ], 
            "start_seconds": 159
        }
    }, 
    {
        "pk": 362, 
        "model": "c2g.videoactivity", 
        "fields": {
            "course": 3, 
            "max_end_seconds": 0, 
            "video": 20, 
            "student": [
                "student_10"
            ], 
            "start_seconds": 22
        }
    }, 
    {
        "pk": 363, 
        "model": "c2g.videoactivity", 
        "fields": {
            "course": 3, 
            "max_end_seconds": 0, 
            "video": 20, 
            "student": [
                "student_11"
            ], 
            "start_seconds": 78
        }
    }, 
    {
        "pk": 364, 
        "model": "c2g.videoactivity", 
        "fields": {
            "course": 3, 
            "max_end_seconds": 0, 
            "video": 20, 
            "student": [
                "student_12"
            ], 
            "start_seconds": 266
        }
    }, 
    {
        "pk": 365, 
        "model": "c2g.videoactivity", 
        "fields": {
            "course": 3, 
            "max_end_seconds": 0, 
            "video": 20, 
            "student": [
                "student_13"
            ], 
            "start_seconds": 38
        }
    }, 
    {
        "pk": 366, 
        "model": "c2g.videoactivity", 
        "fields": {
            "course": 3, 
            "max_end_seconds": 0, 
            "video": 20, 
            "student": [
                "student_14"
            ], 
            "start_seconds": 289
        }
    }, 
    {
        "pk": 367, 
        "model": "c2g.videoactivity", 
        "fields": {
            "course": 3, 
            "max_end_seconds": 0, 
            "video": 20, 
            "student": [
                "student_15"
            ], 
            "start_seconds": 86
        }
    }, 
    {
        "pk": 368, 
        "model": "c2g.videoactivity", 
        "fields": {
            "course": 3, 
            "max_end_seconds": 0, 
            "video": 20, 
            "student": [
                "student_16"
            ], 
            "start_seconds": 209
        }
    }, 
    {
        "pk": 369, 
        "model": "c2g.videoactivity", 
        "fields": {
            "course": 3, 
            "max_end_seconds": 0, 
            "video": 20, 
            "student": [
                "student_17"
            ], 
            "start_seconds": 280
        }
    }, 
    {
        "pk": 370, 
        "model": "c2g.videoactivity", 
        "fields": {
            "course": 3, 
            "max_end_seconds": 0, 
            "video": 20, 
            "student": [
                "student_18"
            ], 
            "start_seconds": 138
        }
    }, 
    {
        "pk": 371, 
        "model": "c2g.videoactivity", 
        "fields": {
            "course": 3, 
            "max_end_seconds": 0, 
            "video": 20, 
            "student": [
                "student_19"
            ], 
            "start_seconds": 208
        }
    }, 
    {
        "pk": 372, 
        "model": "c2g.videoactivity", 
        "fields": {
            "course": 3, 
            "max_end_seconds": 0, 
            "video": 20, 
            "student": [
                "student_20"
            ], 
            "start_seconds": 17
        }
    }, 
    {
        "pk": 373, 
        "model": "c2g.videoactivity", 
        "fields": {
            "course": 3, 
            "max_end_seconds": 0, 
            "video": 20, 
            "student": [
                "student_21"
            ], 
            "start_seconds": 93
        }
    }, 
    {
        "pk": 374, 
        "model": "c2g.videoactivity", 
        "fields": {
            "course": 3, 
            "max_end_seconds": 0, 
            "video": 20, 
            "student": [
                "student_22"
            ], 
            "start_seconds": 310
        }
    }, 
    {
        "pk": 375, 
        "model": "c2g.videoactivity", 
        "fields": {
            "course": 3, 
            "max_end_seconds": 0, 
            "video": 20, 
            "student": [
                "student_23"
            ], 
            "start_seconds": 121
        }
    }, 
    {
        "pk": 376, 
        "model": "c2g.videoactivity", 
        "fields": {
            "course": 3, 
            "max_end_seconds": 0, 
            "video": 20, 
            "student": [
                "student_24"
            ], 
            "start_seconds": 81
        }
    }, 
    {
        "pk": 377, 
        "model": "c2g.videoactivity", 
        "fields": {
            "course": 3, 
            "max_end_seconds": 0, 
            "video": 20, 
            "student": [
                "student_25"
            ], 
            "start_seconds": 134
        }
    }, 
    {
        "pk": 378, 
        "model": "c2g.videoactivity", 
        "fields": {
            "course": 3, 
            "max_end_seconds": 0, 
            "video": 20, 
            "student": [
                "student_26"
            ], 
            "start_seconds": 140
        }
    }, 
    {
        "pk": 379, 
        "model": "c2g.videoactivity", 
        "fields": {
            "course": 3, 
            "max_end_seconds": 0, 
            "video": 20, 
            "student": [
                "student_27"
            ], 
            "start_seconds": 174
        }
    }, 
    {
        "pk": 380, 
        "model": "c2g.videoactivity", 
        "fields": {
            "course": 3, 
            "max_end_seconds": 0, 
            "video": 20, 
            "student": [
                "student_28"
            ], 
            "start_seconds": 173
        }
    }, 
    {
        "pk": 381, 
        "model": "c2g.videoactivity", 
        "fields": {
            "course": 3, 
            "max_end_seconds": 0, 
            "video": 20, 
            "student": [
                "student_29"
            ], 
            "start_seconds": 342
        }
    }, 
    {
        "pk": 382, 
        "model": "c2g.videoactivity", 
        "fields": {
            "course": 3, 
            "max_end_seconds": 0, 
            "video": 20, 
            "student": [
                "student_30"
            ], 
            "start_seconds": 108
        }
    }, 
    {
        "pk": 383, 
        "model": "c2g.videoactivity", 
        "fields": {
            "course": 3, 
            "max_end_seconds": 0, 
            "video": 20, 
            "student": [
                "student_31"
            ], 
            "start_seconds": 89
        }
    }, 
    {
        "pk": 384, 
        "model": "c2g.videoactivity", 
        "fields": {
            "course": 3, 
            "max_end_seconds": 0, 
            "video": 20, 
            "student": [
                "student_32"
            ], 
            "start_seconds": 361
        }
    }, 
    {
        "pk": 385, 
        "model": "c2g.videoactivity", 
        "fields": {
            "course": 3, 
            "max_end_seconds": 0, 
            "video": 20, 
            "student": [
                "student_33"
            ], 
            "start_seconds": 231
        }
    }, 
    {
        "pk": 386, 
        "model": "c2g.videoactivity", 
        "fields": {
            "course": 3, 
            "max_end_seconds": 0, 
            "video": 20, 
            "student": [
                "student_34"
            ], 
            "start_seconds": 57
        }
    }, 
    {
        "pk": 387, 
        "model": "c2g.videoactivity", 
        "fields": {
            "course": 3, 
            "max_end_seconds": 0, 
            "video": 20, 
            "student": [
                "student_35"
            ], 
            "start_seconds": 142
        }
    }, 
    {
        "pk": 388, 
        "model": "c2g.videoactivity", 
        "fields": {
            "course": 3, 
            "max_end_seconds": 0, 
            "video": 20, 
            "student": [
                "student_36"
            ], 
            "start_seconds": 322
        }
    }, 
    {
        "pk": 389, 
        "model": "c2g.videoactivity", 
        "fields": {
            "course": 3, 
            "max_end_seconds": 0, 
            "video": 20, 
            "student": [
                "student_37"
            ], 
            "start_seconds": 305
        }
    }, 
    {
        "pk": 390, 
        "model": "c2g.videoactivity", 
        "fields": {
            "course": 3, 
            "max_end_seconds": 0, 
            "video": 20, 
            "student": [
                "student_38"
            ], 
            "start_seconds": 89
        }
    }, 
    {
        "pk": 391, 
        "model": "c2g.videoactivity", 
        "fields": {
            "course": 3, 
            "max_end_seconds": 0, 
            "video": 22, 
            "student": [
                "student_0"
            ], 
            "start_seconds": 86
        }
    }, 
    {
        "pk": 392, 
        "model": "c2g.videoactivity", 
        "fields": {
            "course": 3, 
            "max_end_seconds": 0, 
            "video": 22, 
            "student": [
                "student_1"
            ], 
            "start_seconds": 685
        }
    }, 
    {
        "pk": 393, 
        "model": "c2g.videoactivity", 
        "fields": {
            "course": 3, 
            "max_end_seconds": 0, 
            "video": 22, 
            "student": [
                "student_2"
            ], 
            "start_seconds": 865
        }
    }, 
    {
        "pk": 394, 
        "model": "c2g.videoactivity", 
        "fields": {
            "course": 3, 
            "max_end_seconds": 0, 
            "video": 22, 
            "student": [
                "student_3"
            ], 
            "start_seconds": 509
        }
    }, 
    {
        "pk": 395, 
        "model": "c2g.videoactivity", 
        "fields": {
            "course": 3, 
            "max_end_seconds": 0, 
            "video": 22, 
            "student": [
                "student_4"
            ], 
            "start_seconds": 749
        }
    }, 
    {
        "pk": 396, 
        "model": "c2g.videoactivity", 
        "fields": {
            "course": 3, 
            "max_end_seconds": 0, 
            "video": 22, 
            "student": [
                "student_5"
            ], 
            "start_seconds": 282
        }
    }, 
    {
        "pk": 397, 
        "model": "c2g.videoactivity", 
        "fields": {
            "course": 3, 
            "max_end_seconds": 0, 
            "video": 22, 
            "student": [
                "student_6"
            ], 
            "start_seconds": 441
        }
    }, 
    {
        "pk": 398, 
        "model": "c2g.videoactivity", 
        "fields": {
            "course": 3, 
            "max_end_seconds": 0, 
            "video": 22, 
            "student": [
                "student_7"
            ], 
            "start_seconds": 566
        }
    }, 
    {
        "pk": 399, 
        "model": "c2g.videoactivity", 
        "fields": {
            "course": 3, 
            "max_end_seconds": 0, 
            "video": 22, 
            "student": [
                "student_8"
            ], 
            "start_seconds": 430
        }
    }, 
    {
        "pk": 400, 
        "model": "c2g.videoactivity", 
        "fields": {
            "course": 3, 
            "max_end_seconds": 0, 
            "video": 22, 
            "student": [
                "student_9"
            ], 
            "start_seconds": 47
        }
    }, 
    {
        "pk": 401, 
        "model": "c2g.videoactivity", 
        "fields": {
            "course": 3, 
            "max_end_seconds": 0, 
            "video": 22, 
            "student": [
                "student_10"
            ], 
            "start_seconds": 362
        }
    }, 
    {
        "pk": 402, 
        "model": "c2g.videoactivity", 
        "fields": {
            "course": 3, 
            "max_end_seconds": 0, 
            "video": 22, 
            "student": [
                "student_11"
            ], 
            "start_seconds": 704
        }
    }, 
    {
        "pk": 403, 
        "model": "c2g.videoactivity", 
        "fields": {
            "course": 3, 
            "max_end_seconds": 0, 
            "video": 22, 
            "student": [
                "student_12"
            ], 
            "start_seconds": 325
        }
    }, 
    {
        "pk": 404, 
        "model": "c2g.videoactivity", 
        "fields": {
            "course": 3, 
            "max_end_seconds": 0, 
            "video": 22, 
            "student": [
                "student_13"
            ], 
            "start_seconds": 525
        }
    }, 
    {
        "pk": 405, 
        "model": "c2g.videoactivity", 
        "fields": {
            "course": 3, 
            "max_end_seconds": 0, 
            "video": 22, 
            "student": [
                "student_14"
            ], 
            "start_seconds": 864
        }
    }, 
    {
        "pk": 406, 
        "model": "c2g.videoactivity", 
        "fields": {
            "course": 3, 
            "max_end_seconds": 0, 
            "video": 22, 
            "student": [
                "student_15"
            ], 
            "start_seconds": 608
        }
    }, 
    {
        "pk": 407, 
        "model": "c2g.videoactivity", 
        "fields": {
            "course": 3, 
            "max_end_seconds": 0, 
            "video": 22, 
            "student": [
                "student_16"
            ], 
            "start_seconds": 604
        }
    }, 
    {
        "pk": 408, 
        "model": "c2g.videoactivity", 
        "fields": {
            "course": 3, 
            "max_end_seconds": 0, 
            "video": 22, 
            "student": [
                "student_17"
            ], 
            "start_seconds": 374
        }
    }, 
    {
        "pk": 409, 
        "model": "c2g.videoactivity", 
        "fields": {
            "course": 3, 
            "max_end_seconds": 0, 
            "video": 22, 
            "student": [
                "student_18"
            ], 
            "start_seconds": 172
        }
    }, 
    {
        "pk": 410, 
        "model": "c2g.videoactivity", 
        "fields": {
            "course": 3, 
            "max_end_seconds": 0, 
            "video": 22, 
            "student": [
                "student_19"
            ], 
            "start_seconds": 226
        }
    }, 
    {
        "pk": 411, 
        "model": "c2g.videoactivity", 
        "fields": {
            "course": 3, 
            "max_end_seconds": 0, 
            "video": 22, 
            "student": [
                "student_20"
            ], 
            "start_seconds": 385
        }
    }, 
    {
        "pk": 412, 
        "model": "c2g.videoactivity", 
        "fields": {
            "course": 3, 
            "max_end_seconds": 0, 
            "video": 22, 
            "student": [
                "student_21"
            ], 
            "start_seconds": 547
        }
    }, 
    {
        "pk": 413, 
        "model": "c2g.videoactivity", 
        "fields": {
            "course": 3, 
            "max_end_seconds": 0, 
            "video": 22, 
            "student": [
                "student_22"
            ], 
            "start_seconds": 589
        }
    }, 
    {
        "pk": 414, 
        "model": "c2g.videoactivity", 
        "fields": {
            "course": 3, 
            "max_end_seconds": 0, 
            "video": 22, 
            "student": [
                "student_23"
            ], 
            "start_seconds": 499
        }
    }, 
    {
        "pk": 415, 
        "model": "c2g.videoactivity", 
        "fields": {
            "course": 3, 
            "max_end_seconds": 0, 
            "video": 22, 
            "student": [
                "student_24"
            ], 
            "start_seconds": 66
        }
    }, 
    {
        "pk": 416, 
        "model": "c2g.videoactivity", 
        "fields": {
            "course": 3, 
            "max_end_seconds": 0, 
            "video": 22, 
            "student": [
                "student_25"
            ], 
            "start_seconds": 490
        }
    }, 
    {
        "pk": 417, 
        "model": "c2g.videoactivity", 
        "fields": {
            "course": 3, 
            "max_end_seconds": 0, 
            "video": 22, 
            "student": [
                "student_26"
            ], 
            "start_seconds": 117
        }
    }, 
    {
        "pk": 418, 
        "model": "c2g.videoactivity", 
        "fields": {
            "course": 3, 
            "max_end_seconds": 0, 
            "video": 22, 
            "student": [
                "student_27"
            ], 
            "start_seconds": 274
        }
    }, 
    {
        "pk": 419, 
        "model": "c2g.videoactivity", 
        "fields": {
            "course": 3, 
            "max_end_seconds": 0, 
            "video": 22, 
            "student": [
                "student_28"
            ], 
            "start_seconds": 412
        }
    }, 
    {
        "pk": 420, 
        "model": "c2g.videoactivity", 
        "fields": {
            "course": 3, 
            "max_end_seconds": 0, 
            "video": 22, 
            "student": [
                "student_29"
            ], 
            "start_seconds": 353
        }
    }, 
    {
        "pk": 421, 
        "model": "c2g.videoactivity", 
        "fields": {
            "course": 3, 
            "max_end_seconds": 0, 
            "video": 22, 
            "student": [
                "student_30"
            ], 
            "start_seconds": 282
        }
    }, 
    {
        "pk": 422, 
        "model": "c2g.videoactivity", 
        "fields": {
            "course": 3, 
            "max_end_seconds": 0, 
            "video": 22, 
            "student": [
                "student_31"
            ], 
            "start_seconds": 799
        }
    }, 
    {
        "pk": 423, 
        "model": "c2g.videoactivity", 
        "fields": {
            "course": 3, 
            "max_end_seconds": 0, 
            "video": 22, 
            "student": [
                "student_32"
            ], 
            "start_seconds": 766
        }
    }, 
    {
        "pk": 424, 
        "model": "c2g.videoactivity", 
        "fields": {
            "course": 3, 
            "max_end_seconds": 0, 
            "video": 22, 
            "student": [
                "student_33"
            ], 
            "start_seconds": 590
        }
    }, 
    {
        "pk": 425, 
        "model": "c2g.videoactivity", 
        "fields": {
            "course": 3, 
            "max_end_seconds": 0, 
            "video": 22, 
            "student": [
                "student_34"
            ], 
            "start_seconds": 719
        }
    }, 
    {
        "pk": 426, 
        "model": "c2g.videoactivity", 
        "fields": {
            "course": 3, 
            "max_end_seconds": 0, 
            "video": 22, 
            "student": [
                "student_35"
            ], 
            "start_seconds": 618
        }
    }, 
    {
        "pk": 427, 
        "model": "c2g.videoactivity", 
        "fields": {
            "course": 3, 
            "max_end_seconds": 0, 
            "video": 22, 
            "student": [
                "student_36"
            ], 
            "start_seconds": 828
        }
    }, 
    {
        "pk": 428, 
        "model": "c2g.videoactivity", 
        "fields": {
            "course": 3, 
            "max_end_seconds": 0, 
            "video": 22, 
            "student": [
                "student_37"
            ], 
            "start_seconds": 340
        }
    }, 
    {
        "pk": 429, 
        "model": "c2g.videoactivity", 
        "fields": {
            "course": 3, 
            "max_end_seconds": 0, 
            "video": 22, 
            "student": [
                "student_38"
            ], 
            "start_seconds": 205
        }
    }, 
    {
        "pk": 430, 
        "model": "c2g.videoactivity", 
        "fields": {
            "course": 3, 
            "max_end_seconds": 0, 
            "video": 24, 
            "student": [
                "student_0"
            ], 
            "start_seconds": 25
        }
    }, 
    {
        "pk": 431, 
        "model": "c2g.videoactivity", 
        "fields": {
            "course": 3, 
            "max_end_seconds": 0, 
            "video": 24, 
            "student": [
                "student_1"
            ], 
            "start_seconds": 384
        }
    }, 
    {
        "pk": 432, 
        "model": "c2g.videoactivity", 
        "fields": {
            "course": 3, 
            "max_end_seconds": 0, 
            "video": 24, 
            "student": [
                "student_2"
            ], 
            "start_seconds": 116
        }
    }, 
    {
        "pk": 433, 
        "model": "c2g.videoactivity", 
        "fields": {
            "course": 3, 
            "max_end_seconds": 0, 
            "video": 24, 
            "student": [
                "student_3"
            ], 
            "start_seconds": 191
        }
    }, 
    {
        "pk": 434, 
        "model": "c2g.videoactivity", 
        "fields": {
            "course": 3, 
            "max_end_seconds": 0, 
            "video": 24, 
            "student": [
                "student_4"
            ], 
            "start_seconds": 83
        }
    }, 
    {
        "pk": 435, 
        "model": "c2g.videoactivity", 
        "fields": {
            "course": 3, 
            "max_end_seconds": 0, 
            "video": 24, 
            "student": [
                "student_5"
            ], 
            "start_seconds": 88
        }
    }, 
    {
        "pk": 436, 
        "model": "c2g.videoactivity", 
        "fields": {
            "course": 3, 
            "max_end_seconds": 0, 
            "video": 24, 
            "student": [
                "student_6"
            ], 
            "start_seconds": 69
        }
    }, 
    {
        "pk": 437, 
        "model": "c2g.videoactivity", 
        "fields": {
            "course": 3, 
            "max_end_seconds": 0, 
            "video": 24, 
            "student": [
                "student_7"
            ], 
            "start_seconds": 159
        }
    }, 
    {
        "pk": 438, 
        "model": "c2g.videoactivity", 
        "fields": {
            "course": 3, 
            "max_end_seconds": 0, 
            "video": 24, 
            "student": [
                "student_8"
            ], 
            "start_seconds": 407
        }
    }, 
    {
        "pk": 439, 
        "model": "c2g.videoactivity", 
        "fields": {
            "course": 3, 
            "max_end_seconds": 0, 
            "video": 24, 
            "student": [
                "student_9"
            ], 
            "start_seconds": 418
        }
    }, 
    {
        "pk": 440, 
        "model": "c2g.videoactivity", 
        "fields": {
            "course": 3, 
            "max_end_seconds": 0, 
            "video": 24, 
            "student": [
                "student_10"
            ], 
            "start_seconds": 211
        }
    }, 
    {
        "pk": 441, 
        "model": "c2g.videoactivity", 
        "fields": {
            "course": 3, 
            "max_end_seconds": 0, 
            "video": 24, 
            "student": [
                "student_11"
            ], 
            "start_seconds": 53
        }
    }, 
    {
        "pk": 442, 
        "model": "c2g.videoactivity", 
        "fields": {
            "course": 3, 
            "max_end_seconds": 0, 
            "video": 24, 
            "student": [
                "student_12"
            ], 
            "start_seconds": 292
        }
    }, 
    {
        "pk": 443, 
        "model": "c2g.videoactivity", 
        "fields": {
            "course": 3, 
            "max_end_seconds": 0, 
            "video": 24, 
            "student": [
                "student_13"
            ], 
            "start_seconds": 245
        }
    }, 
    {
        "pk": 444, 
        "model": "c2g.videoactivity", 
        "fields": {
            "course": 3, 
            "max_end_seconds": 0, 
            "video": 24, 
            "student": [
                "student_14"
            ], 
            "start_seconds": 23
        }
    }, 
    {
        "pk": 445, 
        "model": "c2g.videoactivity", 
        "fields": {
            "course": 3, 
            "max_end_seconds": 0, 
            "video": 24, 
            "student": [
                "student_15"
            ], 
            "start_seconds": 254
        }
    }, 
    {
        "pk": 446, 
        "model": "c2g.videoactivity", 
        "fields": {
            "course": 3, 
            "max_end_seconds": 0, 
            "video": 24, 
            "student": [
                "student_16"
            ], 
            "start_seconds": 24
        }
    }, 
    {
        "pk": 447, 
        "model": "c2g.videoactivity", 
        "fields": {
            "course": 3, 
            "max_end_seconds": 0, 
            "video": 24, 
            "student": [
                "student_17"
            ], 
            "start_seconds": 111
        }
    }, 
    {
        "pk": 448, 
        "model": "c2g.videoactivity", 
        "fields": {
            "course": 3, 
            "max_end_seconds": 0, 
            "video": 24, 
            "student": [
                "student_18"
            ], 
            "start_seconds": 202
        }
    }, 
    {
        "pk": 449, 
        "model": "c2g.videoactivity", 
        "fields": {
            "course": 3, 
            "max_end_seconds": 0, 
            "video": 24, 
            "student": [
                "student_19"
            ], 
            "start_seconds": 243
        }
    }, 
    {
        "pk": 450, 
        "model": "c2g.videoactivity", 
        "fields": {
            "course": 3, 
            "max_end_seconds": 0, 
            "video": 24, 
            "student": [
                "student_20"
            ], 
            "start_seconds": 349
        }
    }, 
    {
        "pk": 451, 
        "model": "c2g.videoactivity", 
        "fields": {
            "course": 3, 
            "max_end_seconds": 0, 
            "video": 24, 
            "student": [
                "student_21"
            ], 
            "start_seconds": 1
        }
    }, 
    {
        "pk": 452, 
        "model": "c2g.videoactivity", 
        "fields": {
            "course": 3, 
            "max_end_seconds": 0, 
            "video": 24, 
            "student": [
                "student_22"
            ], 
            "start_seconds": 340
        }
    }, 
    {
        "pk": 453, 
        "model": "c2g.videoactivity", 
        "fields": {
            "course": 3, 
            "max_end_seconds": 0, 
            "video": 24, 
            "student": [
                "student_23"
            ], 
            "start_seconds": 297
        }
    }, 
    {
        "pk": 454, 
        "model": "c2g.videoactivity", 
        "fields": {
            "course": 3, 
            "max_end_seconds": 0, 
            "video": 24, 
            "student": [
                "student_24"
            ], 
            "start_seconds": 61
        }
    }, 
    {
        "pk": 455, 
        "model": "c2g.videoactivity", 
        "fields": {
            "course": 3, 
            "max_end_seconds": 0, 
            "video": 24, 
            "student": [
                "student_25"
            ], 
            "start_seconds": 175
        }
    }, 
    {
        "pk": 456, 
        "model": "c2g.videoactivity", 
        "fields": {
            "course": 3, 
            "max_end_seconds": 0, 
            "video": 24, 
            "student": [
                "student_26"
            ], 
            "start_seconds": 135
        }
    }, 
    {
        "pk": 457, 
        "model": "c2g.videoactivity", 
        "fields": {
            "course": 3, 
            "max_end_seconds": 0, 
            "video": 24, 
            "student": [
                "student_27"
            ], 
            "start_seconds": 325
        }
    }, 
    {
        "pk": 458, 
        "model": "c2g.videoactivity", 
        "fields": {
            "course": 3, 
            "max_end_seconds": 0, 
            "video": 24, 
            "student": [
                "student_28"
            ], 
            "start_seconds": 406
        }
    }, 
    {
        "pk": 459, 
        "model": "c2g.videoactivity", 
        "fields": {
            "course": 3, 
            "max_end_seconds": 0, 
            "video": 24, 
            "student": [
                "student_29"
            ], 
            "start_seconds": 345
        }
    }, 
    {
        "pk": 460, 
        "model": "c2g.videoactivity", 
        "fields": {
            "course": 3, 
            "max_end_seconds": 0, 
            "video": 24, 
            "student": [
                "student_30"
            ], 
            "start_seconds": 218
        }
    }, 
    {
        "pk": 461, 
        "model": "c2g.videoactivity", 
        "fields": {
            "course": 3, 
            "max_end_seconds": 0, 
            "video": 24, 
            "student": [
                "student_31"
            ], 
            "start_seconds": 385
        }
    }, 
    {
        "pk": 462, 
        "model": "c2g.videoactivity", 
        "fields": {
            "course": 3, 
            "max_end_seconds": 0, 
            "video": 24, 
            "student": [
                "student_32"
            ], 
            "start_seconds": 246
        }
    }, 
    {
        "pk": 463, 
        "model": "c2g.videoactivity", 
        "fields": {
            "course": 3, 
            "max_end_seconds": 0, 
            "video": 24, 
            "student": [
                "student_33"
            ], 
            "start_seconds": 246
        }
    }, 
    {
        "pk": 464, 
        "model": "c2g.videoactivity", 
        "fields": {
            "course": 3, 
            "max_end_seconds": 0, 
            "video": 24, 
            "student": [
                "student_34"
            ], 
            "start_seconds": 325
        }
    }, 
    {
        "pk": 465, 
        "model": "c2g.videoactivity", 
        "fields": {
            "course": 3, 
            "max_end_seconds": 0, 
            "video": 24, 
            "student": [
                "student_35"
            ], 
            "start_seconds": 294
        }
    }, 
    {
        "pk": 466, 
        "model": "c2g.videoactivity", 
        "fields": {
            "course": 3, 
            "max_end_seconds": 0, 
            "video": 24, 
            "student": [
                "student_36"
            ], 
            "start_seconds": 118
        }
    }, 
    {
        "pk": 467, 
        "model": "c2g.videoactivity", 
        "fields": {
            "course": 3, 
            "max_end_seconds": 0, 
            "video": 24, 
            "student": [
                "student_37"
            ], 
            "start_seconds": 68
        }
    }, 
    {
        "pk": 468, 
        "model": "c2g.videoactivity", 
        "fields": {
            "course": 3, 
            "max_end_seconds": 0, 
            "video": 24, 
            "student": [
                "student_38"
            ], 
            "start_seconds": 307
        }
    }, 
    {
        "pk": 469, 
        "model": "c2g.videoactivity", 
        "fields": {
            "course": 3, 
            "max_end_seconds": 0, 
            "video": 26, 
            "student": [
                "student_0"
            ], 
            "start_seconds": 3
        }
    }, 
    {
        "pk": 470, 
        "model": "c2g.videoactivity", 
        "fields": {
            "course": 3, 
            "max_end_seconds": 0, 
            "video": 26, 
            "student": [
                "student_1"
            ], 
            "start_seconds": 270
        }
    }, 
    {
        "pk": 471, 
        "model": "c2g.videoactivity", 
        "fields": {
            "course": 3, 
            "max_end_seconds": 0, 
            "video": 26, 
            "student": [
                "student_2"
            ], 
            "start_seconds": 93
        }
    }, 
    {
        "pk": 472, 
        "model": "c2g.videoactivity", 
        "fields": {
            "course": 3, 
            "max_end_seconds": 0, 
            "video": 26, 
            "student": [
                "student_3"
            ], 
            "start_seconds": 120
        }
    }, 
    {
        "pk": 473, 
        "model": "c2g.videoactivity", 
        "fields": {
            "course": 3, 
            "max_end_seconds": 0, 
            "video": 26, 
            "student": [
                "student_4"
            ], 
            "start_seconds": 245
        }
    }, 
    {
        "pk": 474, 
        "model": "c2g.videoactivity", 
        "fields": {
            "course": 3, 
            "max_end_seconds": 0, 
            "video": 26, 
            "student": [
                "student_5"
            ], 
            "start_seconds": 114
        }
    }, 
    {
        "pk": 475, 
        "model": "c2g.videoactivity", 
        "fields": {
            "course": 3, 
            "max_end_seconds": 0, 
            "video": 26, 
            "student": [
                "student_6"
            ], 
            "start_seconds": 344
        }
    }, 
    {
        "pk": 476, 
        "model": "c2g.videoactivity", 
        "fields": {
            "course": 3, 
            "max_end_seconds": 0, 
            "video": 26, 
            "student": [
                "student_7"
            ], 
            "start_seconds": 185
        }
    }, 
    {
        "pk": 477, 
        "model": "c2g.videoactivity", 
        "fields": {
            "course": 3, 
            "max_end_seconds": 0, 
            "video": 26, 
            "student": [
                "student_8"
            ], 
            "start_seconds": 57
        }
    }, 
    {
        "pk": 478, 
        "model": "c2g.videoactivity", 
        "fields": {
            "course": 3, 
            "max_end_seconds": 0, 
            "video": 26, 
            "student": [
                "student_9"
            ], 
            "start_seconds": 174
        }
    }, 
    {
        "pk": 479, 
        "model": "c2g.videoactivity", 
        "fields": {
            "course": 3, 
            "max_end_seconds": 0, 
            "video": 26, 
            "student": [
                "student_10"
            ], 
            "start_seconds": 50
        }
    }, 
    {
        "pk": 480, 
        "model": "c2g.videoactivity", 
        "fields": {
            "course": 3, 
            "max_end_seconds": 0, 
            "video": 26, 
            "student": [
                "student_11"
            ], 
            "start_seconds": 259
        }
    }, 
    {
        "pk": 481, 
        "model": "c2g.videoactivity", 
        "fields": {
            "course": 3, 
            "max_end_seconds": 0, 
            "video": 26, 
            "student": [
                "student_12"
            ], 
            "start_seconds": 149
        }
    }, 
    {
        "pk": 482, 
        "model": "c2g.videoactivity", 
        "fields": {
            "course": 3, 
            "max_end_seconds": 0, 
            "video": 26, 
            "student": [
                "student_13"
            ], 
            "start_seconds": 53
        }
    }, 
    {
        "pk": 483, 
        "model": "c2g.videoactivity", 
        "fields": {
            "course": 3, 
            "max_end_seconds": 0, 
            "video": 26, 
            "student": [
                "student_14"
            ], 
            "start_seconds": 13
        }
    }, 
    {
        "pk": 484, 
        "model": "c2g.videoactivity", 
        "fields": {
            "course": 3, 
            "max_end_seconds": 0, 
            "video": 26, 
            "student": [
                "student_15"
            ], 
            "start_seconds": 222
        }
    }, 
    {
        "pk": 485, 
        "model": "c2g.videoactivity", 
        "fields": {
            "course": 3, 
            "max_end_seconds": 0, 
            "video": 26, 
            "student": [
                "student_16"
            ], 
            "start_seconds": 9
        }
    }, 
    {
        "pk": 486, 
        "model": "c2g.videoactivity", 
        "fields": {
            "course": 3, 
            "max_end_seconds": 0, 
            "video": 26, 
            "student": [
                "student_17"
            ], 
            "start_seconds": 1
        }
    }, 
    {
        "pk": 487, 
        "model": "c2g.videoactivity", 
        "fields": {
            "course": 3, 
            "max_end_seconds": 0, 
            "video": 26, 
            "student": [
                "student_18"
            ], 
            "start_seconds": 163
        }
    }, 
    {
        "pk": 488, 
        "model": "c2g.videoactivity", 
        "fields": {
            "course": 3, 
            "max_end_seconds": 0, 
            "video": 26, 
            "student": [
                "student_19"
            ], 
            "start_seconds": 212
        }
    }, 
    {
        "pk": 489, 
        "model": "c2g.videoactivity", 
        "fields": {
            "course": 3, 
            "max_end_seconds": 0, 
            "video": 26, 
            "student": [
                "student_20"
            ], 
            "start_seconds": 110
        }
    }, 
    {
        "pk": 490, 
        "model": "c2g.videoactivity", 
        "fields": {
            "course": 3, 
            "max_end_seconds": 0, 
            "video": 26, 
            "student": [
                "student_21"
            ], 
            "start_seconds": 35
        }
    }, 
    {
        "pk": 491, 
        "model": "c2g.videoactivity", 
        "fields": {
            "course": 3, 
            "max_end_seconds": 0, 
            "video": 26, 
            "student": [
                "student_22"
            ], 
            "start_seconds": 242
        }
    }, 
    {
        "pk": 492, 
        "model": "c2g.videoactivity", 
        "fields": {
            "course": 3, 
            "max_end_seconds": 0, 
            "video": 26, 
            "student": [
                "student_23"
            ], 
            "start_seconds": 273
        }
    }, 
    {
        "pk": 493, 
        "model": "c2g.videoactivity", 
        "fields": {
            "course": 3, 
            "max_end_seconds": 0, 
            "video": 26, 
            "student": [
                "student_24"
            ], 
            "start_seconds": 200
        }
    }, 
    {
        "pk": 494, 
        "model": "c2g.videoactivity", 
        "fields": {
            "course": 3, 
            "max_end_seconds": 0, 
            "video": 26, 
            "student": [
                "student_25"
            ], 
            "start_seconds": 191
        }
    }, 
    {
        "pk": 495, 
        "model": "c2g.videoactivity", 
        "fields": {
            "course": 3, 
            "max_end_seconds": 0, 
            "video": 26, 
            "student": [
                "student_26"
            ], 
            "start_seconds": 324
        }
    }, 
    {
        "pk": 496, 
        "model": "c2g.videoactivity", 
        "fields": {
            "course": 3, 
            "max_end_seconds": 0, 
            "video": 26, 
            "student": [
                "student_27"
            ], 
            "start_seconds": 92
        }
    }, 
    {
        "pk": 497, 
        "model": "c2g.videoactivity", 
        "fields": {
            "course": 3, 
            "max_end_seconds": 0, 
            "video": 26, 
            "student": [
                "student_28"
            ], 
            "start_seconds": 347
        }
    }, 
    {
        "pk": 498, 
        "model": "c2g.videoactivity", 
        "fields": {
            "course": 3, 
            "max_end_seconds": 0, 
            "video": 26, 
            "student": [
                "student_29"
            ], 
            "start_seconds": 252
        }
    }, 
    {
        "pk": 499, 
        "model": "c2g.videoactivity", 
        "fields": {
            "course": 3, 
            "max_end_seconds": 0, 
            "video": 26, 
            "student": [
                "student_30"
            ], 
            "start_seconds": 56
        }
    }, 
    {
        "pk": 500, 
        "model": "c2g.videoactivity", 
        "fields": {
            "course": 3, 
            "max_end_seconds": 0, 
            "video": 26, 
            "student": [
                "student_31"
            ], 
            "start_seconds": 282
        }
    }, 
    {
        "pk": 501, 
        "model": "c2g.videoactivity", 
        "fields": {
            "course": 3, 
            "max_end_seconds": 0, 
            "video": 26, 
            "student": [
                "student_32"
            ], 
            "start_seconds": 145
        }
    }, 
    {
        "pk": 502, 
        "model": "c2g.videoactivity", 
        "fields": {
            "course": 3, 
            "max_end_seconds": 0, 
            "video": 26, 
            "student": [
                "student_33"
            ], 
            "start_seconds": 232
        }
    }, 
    {
        "pk": 503, 
        "model": "c2g.videoactivity", 
        "fields": {
            "course": 3, 
            "max_end_seconds": 0, 
            "video": 26, 
            "student": [
                "student_34"
            ], 
            "start_seconds": 85
        }
    }, 
    {
        "pk": 504, 
        "model": "c2g.videoactivity", 
        "fields": {
            "course": 3, 
            "max_end_seconds": 0, 
            "video": 26, 
            "student": [
                "student_35"
            ], 
            "start_seconds": 169
        }
    }, 
    {
        "pk": 505, 
        "model": "c2g.videoactivity", 
        "fields": {
            "course": 3, 
            "max_end_seconds": 0, 
            "video": 26, 
            "student": [
                "student_36"
            ], 
            "start_seconds": 138
        }
    }, 
    {
        "pk": 506, 
        "model": "c2g.videoactivity", 
        "fields": {
            "course": 3, 
            "max_end_seconds": 0, 
            "video": 26, 
            "student": [
                "student_37"
            ], 
            "start_seconds": 84
        }
    }, 
    {
        "pk": 507, 
        "model": "c2g.videoactivity", 
        "fields": {
            "course": 3, 
            "max_end_seconds": 0, 
            "video": 26, 
            "student": [
                "student_38"
            ], 
            "start_seconds": 208
        }
    }, 
    {
        "pk": 508, 
        "model": "c2g.videoactivity", 
        "fields": {
            "course": 3, 
            "max_end_seconds": 0, 
            "video": 28, 
            "student": [
                "student_0"
            ], 
            "start_seconds": 191
        }
    }, 
    {
        "pk": 509, 
        "model": "c2g.videoactivity", 
        "fields": {
            "course": 3, 
            "max_end_seconds": 0, 
            "video": 28, 
            "student": [
                "student_1"
            ], 
            "start_seconds": 141
        }
    }, 
    {
        "pk": 510, 
        "model": "c2g.videoactivity", 
        "fields": {
            "course": 3, 
            "max_end_seconds": 0, 
            "video": 28, 
            "student": [
                "student_2"
            ], 
            "start_seconds": 236
        }
    }, 
    {
        "pk": 511, 
        "model": "c2g.videoactivity", 
        "fields": {
            "course": 3, 
            "max_end_seconds": 0, 
            "video": 28, 
            "student": [
                "student_3"
            ], 
            "start_seconds": 165
        }
    }, 
    {
        "pk": 512, 
        "model": "c2g.videoactivity", 
        "fields": {
            "course": 3, 
            "max_end_seconds": 0, 
            "video": 28, 
            "student": [
                "student_4"
            ], 
            "start_seconds": 94
        }
    }, 
    {
        "pk": 513, 
        "model": "c2g.videoactivity", 
        "fields": {
            "course": 3, 
            "max_end_seconds": 0, 
            "video": 28, 
            "student": [
                "student_5"
            ], 
            "start_seconds": 396
        }
    }, 
    {
        "pk": 514, 
        "model": "c2g.videoactivity", 
        "fields": {
            "course": 3, 
            "max_end_seconds": 0, 
            "video": 28, 
            "student": [
                "student_6"
            ], 
            "start_seconds": 364
        }
    }, 
    {
        "pk": 515, 
        "model": "c2g.videoactivity", 
        "fields": {
            "course": 3, 
            "max_end_seconds": 0, 
            "video": 28, 
            "student": [
                "student_7"
            ], 
            "start_seconds": 512
        }
    }, 
    {
        "pk": 516, 
        "model": "c2g.videoactivity", 
        "fields": {
            "course": 3, 
            "max_end_seconds": 0, 
            "video": 28, 
            "student": [
                "student_8"
            ], 
            "start_seconds": 27
        }
    }, 
    {
        "pk": 517, 
        "model": "c2g.videoactivity", 
        "fields": {
            "course": 3, 
            "max_end_seconds": 0, 
            "video": 28, 
            "student": [
                "student_9"
            ], 
            "start_seconds": 74
        }
    }, 
    {
        "pk": 518, 
        "model": "c2g.videoactivity", 
        "fields": {
            "course": 3, 
            "max_end_seconds": 0, 
            "video": 28, 
            "student": [
                "student_10"
            ], 
            "start_seconds": 396
        }
    }, 
    {
        "pk": 519, 
        "model": "c2g.videoactivity", 
        "fields": {
            "course": 3, 
            "max_end_seconds": 0, 
            "video": 28, 
            "student": [
                "student_11"
            ], 
            "start_seconds": 288
        }
    }, 
    {
        "pk": 520, 
        "model": "c2g.videoactivity", 
        "fields": {
            "course": 3, 
            "max_end_seconds": 0, 
            "video": 28, 
            "student": [
                "student_12"
            ], 
            "start_seconds": 329
        }
    }, 
    {
        "pk": 521, 
        "model": "c2g.videoactivity", 
        "fields": {
            "course": 3, 
            "max_end_seconds": 0, 
            "video": 28, 
            "student": [
                "student_13"
            ], 
            "start_seconds": 197
        }
    }, 
    {
        "pk": 522, 
        "model": "c2g.videoactivity", 
        "fields": {
            "course": 3, 
            "max_end_seconds": 0, 
            "video": 28, 
            "student": [
                "student_14"
            ], 
            "start_seconds": 170
        }
    }, 
    {
        "pk": 523, 
        "model": "c2g.videoactivity", 
        "fields": {
            "course": 3, 
            "max_end_seconds": 0, 
            "video": 28, 
            "student": [
                "student_15"
            ], 
            "start_seconds": 106
        }
    }, 
    {
        "pk": 524, 
        "model": "c2g.videoactivity", 
        "fields": {
            "course": 3, 
            "max_end_seconds": 0, 
            "video": 28, 
            "student": [
                "student_16"
            ], 
            "start_seconds": 156
        }
    }, 
    {
        "pk": 525, 
        "model": "c2g.videoactivity", 
        "fields": {
            "course": 3, 
            "max_end_seconds": 0, 
            "video": 28, 
            "student": [
                "student_17"
            ], 
            "start_seconds": 26
        }
    }, 
    {
        "pk": 526, 
        "model": "c2g.videoactivity", 
        "fields": {
            "course": 3, 
            "max_end_seconds": 0, 
            "video": 28, 
            "student": [
                "student_18"
            ], 
            "start_seconds": 273
        }
    }, 
    {
        "pk": 527, 
        "model": "c2g.videoactivity", 
        "fields": {
            "course": 3, 
            "max_end_seconds": 0, 
            "video": 28, 
            "student": [
                "student_19"
            ], 
            "start_seconds": 270
        }
    }, 
    {
        "pk": 528, 
        "model": "c2g.videoactivity", 
        "fields": {
            "course": 3, 
            "max_end_seconds": 0, 
            "video": 28, 
            "student": [
                "student_20"
            ], 
            "start_seconds": 447
        }
    }, 
    {
        "pk": 529, 
        "model": "c2g.videoactivity", 
        "fields": {
            "course": 3, 
            "max_end_seconds": 0, 
            "video": 28, 
            "student": [
                "student_21"
            ], 
            "start_seconds": 306
        }
    }, 
    {
        "pk": 530, 
        "model": "c2g.videoactivity", 
        "fields": {
            "course": 3, 
            "max_end_seconds": 0, 
            "video": 28, 
            "student": [
                "student_22"
            ], 
            "start_seconds": 123
        }
    }, 
    {
        "pk": 531, 
        "model": "c2g.videoactivity", 
        "fields": {
            "course": 3, 
            "max_end_seconds": 0, 
            "video": 28, 
            "student": [
                "student_23"
            ], 
            "start_seconds": 109
        }
    }, 
    {
        "pk": 532, 
        "model": "c2g.videoactivity", 
        "fields": {
            "course": 3, 
            "max_end_seconds": 0, 
            "video": 28, 
            "student": [
                "student_24"
            ], 
            "start_seconds": 10
        }
    }, 
    {
        "pk": 533, 
        "model": "c2g.videoactivity", 
        "fields": {
            "course": 3, 
            "max_end_seconds": 0, 
            "video": 28, 
            "student": [
                "student_25"
            ], 
            "start_seconds": 211
        }
    }, 
    {
        "pk": 534, 
        "model": "c2g.videoactivity", 
        "fields": {
            "course": 3, 
            "max_end_seconds": 0, 
            "video": 28, 
            "student": [
                "student_26"
            ], 
            "start_seconds": 377
        }
    }, 
    {
        "pk": 535, 
        "model": "c2g.videoactivity", 
        "fields": {
            "course": 3, 
            "max_end_seconds": 0, 
            "video": 28, 
            "student": [
                "student_27"
            ], 
            "start_seconds": 335
        }
    }, 
    {
        "pk": 536, 
        "model": "c2g.videoactivity", 
        "fields": {
            "course": 3, 
            "max_end_seconds": 0, 
            "video": 28, 
            "student": [
                "student_28"
            ], 
            "start_seconds": 449
        }
    }, 
    {
        "pk": 537, 
        "model": "c2g.videoactivity", 
        "fields": {
            "course": 3, 
            "max_end_seconds": 0, 
            "video": 28, 
            "student": [
                "student_29"
            ], 
            "start_seconds": 105
        }
    }, 
    {
        "pk": 538, 
        "model": "c2g.videoactivity", 
        "fields": {
            "course": 3, 
            "max_end_seconds": 0, 
            "video": 28, 
            "student": [
                "student_30"
            ], 
            "start_seconds": 252
        }
    }, 
    {
        "pk": 539, 
        "model": "c2g.videoactivity", 
        "fields": {
            "course": 3, 
            "max_end_seconds": 0, 
            "video": 28, 
            "student": [
                "student_31"
            ], 
            "start_seconds": 63
        }
    }, 
    {
        "pk": 540, 
        "model": "c2g.videoactivity", 
        "fields": {
            "course": 3, 
            "max_end_seconds": 0, 
            "video": 28, 
            "student": [
                "student_32"
            ], 
            "start_seconds": 421
        }
    }, 
    {
        "pk": 541, 
        "model": "c2g.videoactivity", 
        "fields": {
            "course": 3, 
            "max_end_seconds": 0, 
            "video": 28, 
            "student": [
                "student_33"
            ], 
            "start_seconds": 472
        }
    }, 
    {
        "pk": 542, 
        "model": "c2g.videoactivity", 
        "fields": {
            "course": 3, 
            "max_end_seconds": 0, 
            "video": 28, 
            "student": [
                "student_34"
            ], 
            "start_seconds": 462
        }
    }, 
    {
        "pk": 543, 
        "model": "c2g.videoactivity", 
        "fields": {
            "course": 3, 
            "max_end_seconds": 0, 
            "video": 28, 
            "student": [
                "student_35"
            ], 
            "start_seconds": 259
        }
    }, 
    {
        "pk": 544, 
        "model": "c2g.videoactivity", 
        "fields": {
            "course": 3, 
            "max_end_seconds": 0, 
            "video": 28, 
            "student": [
                "student_36"
            ], 
            "start_seconds": 437
        }
    }, 
    {
        "pk": 545, 
        "model": "c2g.videoactivity", 
        "fields": {
            "course": 3, 
            "max_end_seconds": 0, 
            "video": 28, 
            "student": [
                "student_37"
            ], 
            "start_seconds": 349
        }
    }, 
    {
        "pk": 546, 
        "model": "c2g.videoactivity", 
        "fields": {
            "course": 3, 
            "max_end_seconds": 0, 
            "video": 28, 
            "student": [
                "student_38"
            ], 
            "start_seconds": 38
        }
    }, 
    {
        "pk": 1, 
        "model": "c2g.problemset", 
        "fields": {
            "grace_period": "2012-10-27T00:00:00", 
            "index": 3, 
            "live_datetime": null, 
            "last_updated": "2012-11-29T16:20:11", 
            "description": "This is the first problem set. Practice some question on Regular Expressions. Remember to work your problems out on a separate piece of paper first because you only get one try on these. Miss on and you have a D!", 
            "due_date": "2012-07-20T00:00:00", 
            "title": "Problem Set 1: Regular Expressions", 
            "late_penalty": 1, 
            "image": 2, 
            "assessment_type": "formative", 
            "resubmission_penalty": 25, 
            "time_created": "2012-11-29T16:20:11", 
            "slug": "P1", 
            "submissions_permitted": 0, 
            "course": 1, 
            "mode": "draft", 
            "path": "/networking/Fall2012/problemsets/P1/load_problem_set", 
            "is_deleted": 0, 
            "partial_credit_deadline": "2012-09-27T00:00:00", 
            "randomize": false, 
            "section": 1
        }
    }, 
    {
        "pk": 2, 
        "model": "c2g.problemset", 
        "fields": {
            "grace_period": "2012-10-27T00:00:00", 
            "index": 3, 
            "live_datetime": null, 
            "last_updated": "2012-11-29T16:20:11", 
            "description": "This is the first problem set. Practice some question on Regular Expressions. Remember to work your problems out on a separate piece of paper first because you only get one try on these. Miss on and you have a D!", 
            "due_date": "2012-07-20T00:00:00", 
            "title": "Problem Set 1: Regular Expressions", 
            "late_penalty": 1, 
            "image": 1, 
            "assessment_type": "formative", 
            "resubmission_penalty": 25, 
            "time_created": "2012-11-29T16:20:11", 
            "slug": "P1", 
            "submissions_permitted": 0, 
            "course": 2, 
            "mode": "ready", 
            "path": "/networking/Fall2012/problemsets/P1/load_problem_set", 
            "is_deleted": 0, 
            "partial_credit_deadline": "2012-09-27T00:00:00", 
            "randomize": false, 
            "section": 2
        }
    }, 
    {
        "pk": 3, 
        "model": "c2g.problemset", 
        "fields": {
            "grace_period": "2012-10-27T00:00:00", 
            "index": 3, 
            "live_datetime": null, 
            "last_updated": "2012-11-29T16:20:11", 
            "description": "This problem set will test your knowledge of Joint Probability. Each question is worth one point and your final exam is worth 100 points so these questions are basically useless. But you have to do them because an incomplete assignment disallows you from passing the class. Have fun with this problem set!", 
            "due_date": "2012-07-27T00:00:00", 
            "title": "Problem Set 2: Joint Probability", 
            "late_penalty": 1, 
            "image": 4, 
            "assessment_type": "formative", 
            "resubmission_penalty": 25, 
            "time_created": "2012-11-29T16:20:11", 
            "slug": "P2", 
            "submissions_permitted": 0, 
            "course": 1, 
            "mode": "draft", 
            "path": "/networking/Fall2012/problemsets/P2/load_problem_set", 
            "is_deleted": 0, 
            "partial_credit_deadline": "2012-08-03T00:00:00", 
            "randomize": false, 
            "section": 3
        }
    }, 
    {
        "pk": 4, 
        "model": "c2g.problemset", 
        "fields": {
            "grace_period": "2012-10-27T00:00:00", 
            "index": 3, 
            "live_datetime": null, 
            "last_updated": "2012-11-29T16:20:11", 
            "description": "This problem set will test your knowledge of Joint Probability. Each question is worth one point and your final exam is worth 100 points so these questions are basically useless. But you have to do them because an incomplete assignment disallows you from passing the class. Have fun with this problem set!", 
            "due_date": "2012-07-27T00:00:00", 
            "title": "Problem Set 2: Joint Probability", 
            "late_penalty": 1, 
            "image": 3, 
            "assessment_type": "formative", 
            "resubmission_penalty": 25, 
            "time_created": "2012-11-29T16:20:11", 
            "slug": "P2", 
            "submissions_permitted": 0, 
            "course": 2, 
            "mode": "ready", 
            "path": "/networking/Fall2012/problemsets/P2/load_problem_set", 
            "is_deleted": 0, 
            "partial_credit_deadline": "2012-08-03T00:00:00", 
            "randomize": false, 
            "section": 4
        }
    }, 
    {
        "pk": 1, 
        "model": "c2g.exercise", 
        "fields": {
            "last_updated": "2012-11-29T16:20:11", 
            "handle": "networking--Fall2012", 
            "time_created": "2012-11-29T16:20:11", 
            "fileName": "xx_P1_Regexp.html", 
            "file": "networking/Fall2012/exercises/xx_P1_Regexp.html", 
            "is_deleted": 0
        }
    }, 
    {
        "pk": 2, 
        "model": "c2g.exercise", 
        "fields": {
            "last_updated": "2012-11-29T16:20:11", 
            "handle": "networking--Fall2012", 
            "time_created": "2012-11-29T16:20:11", 
            "fileName": "xx_P1_Tokenize.html", 
            "file": "networking/Fall2012/exercises/xx_P1_Tokenize.html", 
            "is_deleted": 0
        }
    }, 
    {
        "pk": 3, 
        "model": "c2g.exercise", 
        "fields": {
            "last_updated": "2012-11-29T16:20:11", 
            "handle": "networking--Fall2012", 
            "time_created": "2012-11-29T16:20:11", 
            "fileName": "xx_P2_Lexical1.html", 
            "file": "networking/Fall2012/exercises/xx_P2_Lexical1.html", 
            "is_deleted": 0
        }
    }, 
    {
        "pk": 1, 
        "model": "c2g.problemsettoexercise", 
        "fields": {
            "is_deleted": 0, 
            "problemSet": 1, 
            "image": null, 
            "number": 1, 
            "mode": "draft", 
            "exercise": 1
        }
    }, 
    {
        "pk": 2, 
        "model": "c2g.problemsettoexercise", 
        "fields": {
            "is_deleted": 0, 
            "problemSet": 1, 
            "image": null, 
            "number": 2, 
            "mode": "draft", 
            "exercise": 2
        }
    }, 
    {
        "pk": 3, 
        "model": "c2g.problemsettoexercise", 
        "fields": {
            "is_deleted": 0, 
            "problemSet": 3, 
            "image": null, 
            "number": 1, 
            "mode": "draft", 
            "exercise": 3
        }
    }, 
    {
        "pk": 1, 
        "model": "c2g.newsevent", 
        "fields": {
            "course": 2, 
            "event": "Assignment 1 solutions and grades released", 
            "time_created": "2012-11-29T16:20:11"
        }
    }, 
    {
        "pk": 2, 
        "model": "c2g.newsevent", 
        "fields": {
            "course": 2, 
            "event": "Assignment 2 now available", 
            "time_created": "2012-11-29T16:20:11"
        }
    }, 
    {
        "pk": 3, 
        "model": "c2g.newsevent", 
        "fields": {
            "course": 2, 
            "event": "New video available: Ngrams", 
            "time_created": "2012-11-29T16:20:11"
        }
    }, 
    {
        "pk": 4, 
        "model": "c2g.newsevent", 
        "fields": {
            "course": 4, 
            "event": "Crypto: Assignment 1 solutions and grades released", 
            "time_created": "2012-11-29T16:20:27"
        }
    }, 
    {
        "pk": 5, 
        "model": "c2g.newsevent", 
        "fields": {
            "course": 4, 
            "event": "Crypto: Assignment 2 now available", 
            "time_created": "2012-11-29T16:20:27"
        }
    }, 
    {
        "pk": 6, 
        "model": "c2g.newsevent", 
        "fields": {
            "course": 4, 
            "event": "Crypto: New video available: Ngrams", 
            "time_created": "2012-11-29T16:20:28"
        }
    }
]