[
    {
        "pk": 22, 
        "model": "contenttypes.contenttype", 
        "fields": {
            "model": "additionalpage", 
            "name": "additional page", 
            "app_label": "c2g"
        }
    }, 
    {
        "pk": 24, 
        "model": "contenttypes.contenttype", 
        "fields": {
            "model": "announcement", 
            "name": "announcement", 
            "app_label": "c2g"
        }
    }, 
    {
        "pk": 21, 
        "model": "contenttypes.contenttype", 
        "fields": {
            "model": "contentsection", 
            "name": "content section", 
            "app_label": "c2g"
        }
    }, 
    {
        "pk": 4, 
        "model": "contenttypes.contenttype", 
        "fields": {
            "model": "contenttype", 
            "name": "content type", 
            "app_label": "contenttypes"
        }
    }, 
    {
        "pk": 20, 
        "model": "contenttypes.contenttype", 
        "fields": {
            "model": "course", 
            "name": "course", 
            "app_label": "c2g"
        }
    }, 
    {
        "pk": 35, 
        "model": "contenttypes.contenttype", 
        "fields": {
            "model": "courseemail", 
            "name": "course email", 
            "app_label": "c2g"
        }
    }, 
    {
        "pk": 14, 
        "model": "contenttypes.contenttype", 
        "fields": {
            "model": "crontabschedule", 
            "name": "crontab", 
            "app_label": "djcelery"
        }
    }, 
    {
        "pk": 30, 
        "model": "contenttypes.contenttype", 
        "fields": {
            "model": "exercise", 
            "name": "exercise", 
            "app_label": "c2g"
        }
    }, 
    {
        "pk": 23, 
        "model": "contenttypes.contenttype", 
        "fields": {
            "model": "file", 
            "name": "file", 
            "app_label": "c2g"
        }
    }, 
    {
        "pk": 10, 
        "model": "contenttypes.contenttype", 
        "fields": {
            "model": "flatpage", 
            "name": "flat page", 
            "app_label": "flatpages"
        }
    }, 
    {
        "pk": 2, 
        "model": "contenttypes.contenttype", 
        "fields": {
            "model": "group", 
            "name": "group", 
            "app_label": "auth"
        }
    }, 
    {
        "pk": 19, 
        "model": "contenttypes.contenttype", 
        "fields": {
            "model": "institution", 
            "name": "institution", 
            "app_label": "c2g"
        }
    }, 
    {
        "pk": 13, 
        "model": "contenttypes.contenttype", 
        "fields": {
            "model": "intervalschedule", 
            "name": "interval", 
            "app_label": "djcelery"
        }
    }, 
    {
        "pk": 7, 
        "model": "contenttypes.contenttype", 
        "fields": {
            "model": "logentry", 
            "name": "log entry", 
            "app_label": "admin"
        }
    }, 
    {
        "pk": 9, 
        "model": "contenttypes.contenttype", 
        "fields": {
            "model": "migrationhistory", 
            "name": "migration history", 
            "app_label": "south"
        }
    }, 
    {
        "pk": 34, 
        "model": "contenttypes.contenttype", 
        "fields": {
            "model": "newsevent", 
            "name": "news event", 
            "app_label": "c2g"
        }
    }, 
    {
        "pk": 16, 
        "model": "contenttypes.contenttype", 
        "fields": {
            "model": "periodictask", 
            "name": "periodic task", 
            "app_label": "djcelery"
        }
    }, 
    {
        "pk": 15, 
        "model": "contenttypes.contenttype", 
        "fields": {
            "model": "periodictasks", 
            "name": "periodic tasks", 
            "app_label": "djcelery"
        }
    }, 
    {
        "pk": 1, 
        "model": "contenttypes.contenttype", 
        "fields": {
            "model": "permission", 
            "name": "permission", 
            "app_label": "auth"
        }
    }, 
    {
        "pk": 33, 
        "model": "contenttypes.contenttype", 
        "fields": {
            "model": "problemactivity", 
            "name": "problem activity", 
            "app_label": "c2g"
        }
    }, 
    {
        "pk": 29, 
        "model": "contenttypes.contenttype", 
        "fields": {
            "model": "problemset", 
            "name": "problem set", 
            "app_label": "c2g"
        }
    }, 
    {
        "pk": 31, 
        "model": "contenttypes.contenttype", 
        "fields": {
            "model": "problemsettoexercise", 
            "name": "problem set to exercise", 
            "app_label": "c2g"
        }
    }, 
    {
        "pk": 8, 
        "model": "contenttypes.contenttype", 
        "fields": {
            "model": "registrationprofile", 
            "name": "registration profile", 
            "app_label": "registration"
        }
    }, 
    {
        "pk": 12, 
        "model": "contenttypes.contenttype", 
        "fields": {
            "model": "tasksetmeta", 
            "name": "saved group result", 
            "app_label": "djcelery"
        }
    }, 
    {
        "pk": 5, 
        "model": "contenttypes.contenttype", 
        "fields": {
            "model": "session", 
            "name": "session", 
            "app_label": "sessions"
        }
    }, 
    {
        "pk": 6, 
        "model": "contenttypes.contenttype", 
        "fields": {
            "model": "site", 
            "name": "site", 
            "app_label": "sites"
        }
    }, 
    {
        "pk": 25, 
        "model": "contenttypes.contenttype", 
        "fields": {
            "model": "studentsection", 
            "name": "student section", 
            "app_label": "c2g"
        }
    }, 
    {
        "pk": 18, 
        "model": "contenttypes.contenttype", 
        "fields": {
            "model": "taskstate", 
            "name": "task", 
            "app_label": "djcelery"
        }
    }, 
    {
        "pk": 11, 
        "model": "contenttypes.contenttype", 
        "fields": {
            "model": "taskmeta", 
            "name": "task state", 
            "app_label": "djcelery"
        }
    }, 
    {
        "pk": 3, 
        "model": "contenttypes.contenttype", 
        "fields": {
            "model": "user", 
            "name": "user", 
            "app_label": "auth"
        }
    }, 
    {
        "pk": 26, 
        "model": "contenttypes.contenttype", 
        "fields": {
            "model": "userprofile", 
            "name": "user profile", 
            "app_label": "c2g"
        }
    }, 
    {
        "pk": 27, 
        "model": "contenttypes.contenttype", 
        "fields": {
            "model": "video", 
            "name": "video", 
            "app_label": "c2g"
        }
    }, 
    {
        "pk": 28, 
        "model": "contenttypes.contenttype", 
        "fields": {
            "model": "videoactivity", 
            "name": "video activity", 
            "app_label": "c2g"
        }
    }, 
    {
        "pk": 32, 
        "model": "contenttypes.contenttype", 
        "fields": {
            "model": "videotoexercise", 
            "name": "video to exercise", 
            "app_label": "c2g"
        }
    }, 
    {
        "pk": 17, 
        "model": "contenttypes.contenttype", 
        "fields": {
            "model": "workerstate", 
            "name": "worker", 
            "app_label": "djcelery"
        }
    }, 
    {
        "pk": 1, 
        "model": "sites.site", 
        "fields": {
            "domain": "example.com", 
            "name": "example.com"
        }
    }, 
    {
        "pk": 1, 
        "model": "south.migrationhistory", 
        "fields": {
            "applied": "2012-09-16T00:07:47", 
            "app_name": "djcelery", 
            "migration": "0001_initial"
        }
    }, 
    {
        "pk": 2, 
        "model": "south.migrationhistory", 
        "fields": {
            "applied": "2012-09-16T00:07:47", 
            "app_name": "djcelery", 
            "migration": "0002_v25_changes"
        }
    }, 
    {
        "pk": 3, 
        "model": "south.migrationhistory", 
        "fields": {
            "applied": "2012-09-16T00:07:47", 
            "app_name": "djcelery", 
            "migration": "0003_v26_changes"
        }
    }, 
    {
        "pk": 4, 
        "model": "south.migrationhistory", 
        "fields": {
            "applied": "2012-09-16T00:07:47", 
            "app_name": "djcelery", 
            "migration": "0004_v30_changes"
        }
    }, 
    {
        "pk": 5, 
        "model": "south.migrationhistory", 
        "fields": {
            "applied": "2012-09-16T00:07:50", 
            "app_name": "c2g", 
            "migration": "0001_initial"
        }
    }, 
    {
        "pk": 1, 
        "model": "c2g.institution", 
        "fields": {
            "city": "Palo Alto", 
            "last_updated": "2012-09-16T00:07:59", 
            "title": "Institution_0", 
            "country": "USA", 
            "time_created": "2012-09-16T00:07:59", 
            "domains": "stanford.edu"
        }
    }, 
    {
        "pk": 1, 
        "model": "c2g.contentsection", 
        "fields": {
            "index": 0, 
            "live_datetime": null, 
            "last_updated": "2012-09-16T00:07:59", 
            "title": "Introduction and Regular Expressions", 
            "image": 2, 
            "time_created": "2012-09-16T00:07:59", 
            "course": 1, 
            "mode": "draft", 
            "is_deleted": 0
        }
    }, 
    {
        "pk": 2, 
        "model": "c2g.contentsection", 
        "fields": {
            "index": 0, 
            "live_datetime": null, 
            "last_updated": "2012-09-16T00:07:59", 
            "title": "Introduction and Regular Expressions", 
            "image": 1, 
            "time_created": "2012-09-16T00:07:59", 
            "course": 2, 
            "mode": "ready", 
            "is_deleted": 0
        }
    }, 
    {
        "pk": 3, 
        "model": "c2g.contentsection", 
        "fields": {
            "index": 1, 
            "live_datetime": null, 
            "last_updated": "2012-09-16T00:07:59", 
            "title": "Tokenizations and Minimum Edit Distance", 
            "image": 4, 
            "time_created": "2012-09-16T00:07:59", 
            "course": 1, 
            "mode": "draft", 
            "is_deleted": 0
        }
    }, 
    {
        "pk": 4, 
        "model": "c2g.contentsection", 
        "fields": {
            "index": 1, 
            "live_datetime": null, 
            "last_updated": "2012-09-16T00:07:59", 
            "title": "Tokenizations and Minimum Edit Distance", 
            "image": 3, 
            "time_created": "2012-09-16T00:07:59", 
            "course": 2, 
            "mode": "ready", 
            "is_deleted": 0
        }
    }, 
    {
        "pk": 5, 
        "model": "c2g.contentsection", 
        "fields": {
            "index": 2, 
            "live_datetime": null, 
            "last_updated": "2012-09-16T00:07:59", 
            "title": "N-Grams", 
            "image": 6, 
            "time_created": "2012-09-16T00:07:59", 
            "course": 1, 
            "mode": "draft", 
            "is_deleted": 0
        }
    }, 
    {
        "pk": 6, 
        "model": "c2g.contentsection", 
        "fields": {
            "index": 2, 
            "live_datetime": null, 
            "last_updated": "2012-09-16T00:07:59", 
            "title": "N-Grams", 
            "image": 5, 
            "time_created": "2012-09-16T00:07:59", 
            "course": 2, 
            "mode": "ready", 
            "is_deleted": 0
        }
    }, 
    {
        "pk": 7, 
        "model": "c2g.contentsection", 
        "fields": {
            "index": 0, 
            "live_datetime": null, 
            "last_updated": "2012-09-16T00:08:00", 
            "title": "Crypto: Introduction and md5", 
            "image": 8, 
            "time_created": "2012-09-16T00:08:00", 
            "course": 3, 
            "mode": "draft", 
            "is_deleted": 0
        }
    }, 
    {
        "pk": 8, 
        "model": "c2g.contentsection", 
        "fields": {
            "index": 0, 
            "live_datetime": null, 
            "last_updated": "2012-09-16T00:08:00", 
            "title": "Crypto: Introduction and md5", 
            "image": 7, 
            "time_created": "2012-09-16T00:08:00", 
            "course": 4, 
            "mode": "ready", 
            "is_deleted": 0
        }
    }, 
    {
        "pk": 9, 
        "model": "c2g.contentsection", 
        "fields": {
            "index": 1, 
            "live_datetime": null, 
            "last_updated": "2012-09-16T00:08:00", 
            "title": "Crypto: md5 collisions", 
            "image": 10, 
            "time_created": "2012-09-16T00:08:00", 
            "course": 3, 
            "mode": "draft", 
            "is_deleted": 0
        }
    }, 
    {
        "pk": 10, 
        "model": "c2g.contentsection", 
        "fields": {
            "index": 1, 
            "live_datetime": null, 
            "last_updated": "2012-09-16T00:08:00", 
            "title": "Crypto: md5 collisions", 
            "image": 9, 
            "time_created": "2012-09-16T00:08:00", 
            "course": 4, 
            "mode": "ready", 
            "is_deleted": 0
        }
    }, 
    {
        "pk": 11, 
        "model": "c2g.contentsection", 
        "fields": {
            "index": 2, 
            "live_datetime": null, 
            "last_updated": "2012-09-16T00:08:00", 
            "title": "Crypto: Why not to use md5 any more", 
            "image": 12, 
            "time_created": "2012-09-16T00:08:00", 
            "course": 3, 
            "mode": "draft", 
            "is_deleted": 0
        }
    }, 
    {
        "pk": 12, 
        "model": "c2g.contentsection", 
        "fields": {
            "index": 2, 
            "live_datetime": null, 
            "last_updated": "2012-09-16T00:08:00", 
            "title": "Crypto: Why not to use md5 any more", 
            "image": 11, 
            "time_created": "2012-09-16T00:08:00", 
            "course": 4, 
            "mode": "ready", 
            "is_deleted": 0
        }
    }, 
    {
        "pk": 1, 
        "model": "c2g.additionalpage", 
        "fields": {
            "index": 0, 
            "live_datetime": null, 
            "last_updated": "2012-09-16T00:07:59", 
            "description": "Natural language processing is the technology for dealing with our most ubiquitous product: human language, as it appears in emails, web pages, tweets, product descriptions, newspaper stories, social media, and scientific articles, in thousands of languages and varieties. In the past decade, successful natural language processing applications have become part of our everyday experience, from spelling and grammar correction in word processors to machine translation on the web, from email spam detection to automatic question answering, from detecting people's opinions about products or services to extracting appointments from your email. In this class, you'll learn the fundamental algorithms and mathematical models for human alanguage processing and how you can use them to solve practical problems in dealing with language data wherever you encounter it.", 
            "title": "Overview", 
            "menu_slug": "course_info", 
            "image": 2, 
            "time_created": "2012-09-16T00:07:59", 
            "slug": "overview", 
            "course": 1, 
            "mode": "draft", 
            "is_deleted": 0, 
            "section": null
        }
    }, 
    {
        "pk": 2, 
        "model": "c2g.additionalpage", 
        "fields": {
            "index": 0, 
            "live_datetime": null, 
            "last_updated": "2012-09-16T00:07:59", 
            "description": "Natural language processing is the technology for dealing with our most ubiquitous product: human language, as it appears in emails, web pages, tweets, product descriptions, newspaper stories, social media, and scientific articles, in thousands of languages and varieties. In the past decade, successful natural language processing applications have become part of our everyday experience, from spelling and grammar correction in word processors to machine translation on the web, from email spam detection to automatic question answering, from detecting people's opinions about products or services to extracting appointments from your email. In this class, you'll learn the fundamental algorithms and mathematical models for human alanguage processing and how you can use them to solve practical problems in dealing with language data wherever you encounter it.", 
            "title": "Overview", 
            "menu_slug": "course_info", 
            "image": 1, 
            "time_created": "2012-09-16T00:07:59", 
            "slug": "overview", 
            "course": 2, 
            "mode": "ready", 
            "is_deleted": 0, 
            "section": null
        }
    }, 
    {
        "pk": 3, 
        "model": "c2g.additionalpage", 
        "fields": {
            "index": 0, 
            "live_datetime": null, 
            "last_updated": "2012-09-16T00:08:00", 
            "description": "Cryptography is an indispensable tool for protecting information in computer systems. This course explains the inner workings of cryptographic primitives and how to correctly use them. Students will learn how to reason about the security of cryptographic constructions and how to apply this knowledge to real-world applications.", 
            "title": "Overview", 
            "menu_slug": "course_info", 
            "image": 4, 
            "time_created": "2012-09-16T00:08:00", 
            "slug": "overview", 
            "course": 3, 
            "mode": "draft", 
            "is_deleted": 0, 
            "section": null
        }
    }, 
    {
        "pk": 4, 
        "model": "c2g.additionalpage", 
        "fields": {
            "index": 0, 
            "live_datetime": null, 
            "last_updated": "2012-09-16T00:08:00", 
            "description": "Cryptography is an indispensable tool for protecting information in computer systems. This course explains the inner workings of cryptographic primitives and how to correctly use them. Students will learn how to reason about the security of cryptographic constructions and how to apply this knowledge to real-world applications.", 
            "title": "Overview", 
            "menu_slug": "course_info", 
            "image": 3, 
            "time_created": "2012-09-16T00:08:00", 
            "slug": "overview", 
            "course": 4, 
            "mode": "ready", 
            "is_deleted": 0, 
            "section": null
        }
    }, 
    {
        "pk": 1, 
        "model": "c2g.video", 
        "fields": {
            "handle": "networking--Fall2012", 
            "index": 0, 
            "live_datetime": null, 
            "last_updated": "2012-09-16T00:07:59", 
            "description": "Intro video by Professor Dan Jurafsky and Chris Manning", 
            "title": "Course Introduction", 
            "url": "BJiVRIPVNxU", 
            "image": 2, 
            "time_created": "2012-09-16T00:07:59", 
            "slug": "intro", 
            "course": 1, 
            "mode": "draft", 
            "file": "default", 
            "duration": 772, 
            "is_deleted": 0, 
            "type": "youtube", 
            "section": 1
        }
    }, 
    {
        "pk": 2, 
        "model": "c2g.video", 
        "fields": {
            "handle": "networking--Fall2012", 
            "index": 0, 
            "live_datetime": null, 
            "last_updated": "2012-09-16T00:07:59", 
            "description": "Intro video by Professor Dan Jurafsky and Chris Manning", 
            "title": "Course Introduction", 
            "url": "BJiVRIPVNxU", 
            "image": 1, 
            "time_created": "2012-09-16T00:07:59", 
            "slug": "intro", 
            "course": 2, 
            "mode": "ready", 
            "file": "default", 
            "duration": 772, 
            "is_deleted": 0, 
            "type": "youtube", 
            "section": 2
        }
    }, 
    {
        "pk": 3, 
        "model": "c2g.video", 
        "fields": {
            "handle": "networking--Fall2012", 
            "index": 1, 
            "live_datetime": null, 
            "last_updated": "2012-09-16T00:07:59", 
            "description": "Video on Regular Expressions", 
            "title": "Regular Expressions", 
            "url": "dBVlwb15SBM", 
            "image": 4, 
            "time_created": "2012-09-16T00:07:59", 
            "slug": "regexp", 
            "course": 1, 
            "mode": "draft", 
            "file": "default", 
            "duration": 686, 
            "is_deleted": 0, 
            "type": "youtube", 
            "section": 1
        }
    }, 
    {
        "pk": 4, 
        "model": "c2g.video", 
        "fields": {
            "handle": "networking--Fall2012", 
            "index": 1, 
            "live_datetime": null, 
            "last_updated": "2012-09-16T00:07:59", 
            "description": "Video on Regular Expressions", 
            "title": "Regular Expressions", 
            "url": "dBVlwb15SBM", 
            "image": 3, 
            "time_created": "2012-09-16T00:07:59", 
            "slug": "regexp", 
            "course": 2, 
            "mode": "ready", 
            "file": "default", 
            "duration": 686, 
            "is_deleted": 0, 
            "type": "youtube", 
            "section": 2
        }
    }, 
    {
        "pk": 5, 
        "model": "c2g.video", 
        "fields": {
            "handle": "networking--Fall2012", 
            "index": 2, 
            "live_datetime": null, 
            "last_updated": "2012-09-16T00:07:59", 
            "description": "Video on Regular Expressions in Practical NLP", 
            "title": "Regular Expressions in Practical NLP", 
            "url": "zJSqHRuD2C4", 
            "image": 6, 
            "time_created": "2012-09-16T00:07:59", 
            "slug": "regexp_in_practical_nlp", 
            "course": 1, 
            "mode": "draft", 
            "file": "default", 
            "duration": 366, 
            "is_deleted": 0, 
            "type": "youtube", 
            "section": 1
        }
    }, 
    {
        "pk": 6, 
        "model": "c2g.video", 
        "fields": {
            "handle": "networking--Fall2012", 
            "index": 2, 
            "live_datetime": null, 
            "last_updated": "2012-09-16T00:07:59", 
            "description": "Video on Regular Expressions in Practical NLP", 
            "title": "Regular Expressions in Practical NLP", 
            "url": "zJSqHRuD2C4", 
            "image": 5, 
            "time_created": "2012-09-16T00:07:59", 
            "slug": "regexp_in_practical_nlp", 
            "course": 2, 
            "mode": "ready", 
            "file": "default", 
            "duration": 366, 
            "is_deleted": 0, 
            "type": "youtube", 
            "section": 2
        }
    }, 
    {
        "pk": 7, 
        "model": "c2g.video", 
        "fields": {
            "handle": "networking--Fall2012", 
            "index": 0, 
            "live_datetime": null, 
            "last_updated": "2012-09-16T00:07:59", 
            "description": "Video on Word Tokenization", 
            "title": "Word Tokenization", 
            "url": "WMC3AjgYf3A", 
            "image": 8, 
            "time_created": "2012-09-16T00:07:59", 
            "slug": "tokenization", 
            "course": 1, 
            "mode": "draft", 
            "file": "default", 
            "duration": 866, 
            "is_deleted": 0, 
            "type": "youtube", 
            "section": 3
        }
    }, 
    {
        "pk": 8, 
        "model": "c2g.video", 
        "fields": {
            "handle": "networking--Fall2012", 
            "index": 0, 
            "live_datetime": null, 
            "last_updated": "2012-09-16T00:07:59", 
            "description": "Video on Word Tokenization", 
            "title": "Word Tokenization", 
            "url": "WMC3AjgYf3A", 
            "image": 7, 
            "time_created": "2012-09-16T00:07:59", 
            "slug": "tokenization", 
            "course": 2, 
            "mode": "ready", 
            "file": "default", 
            "duration": 866, 
            "is_deleted": 0, 
            "type": "youtube", 
            "section": 4
        }
    }, 
    {
        "pk": 9, 
        "model": "c2g.video", 
        "fields": {
            "handle": "networking--Fall2012", 
            "index": 1, 
            "live_datetime": null, 
            "last_updated": "2012-09-16T00:07:59", 
            "description": "Video on Defining Minimum Edit Distance", 
            "title": "Defining Minimum Edit Distance", 
            "url": "xOfEYI61f3k", 
            "image": 10, 
            "time_created": "2012-09-16T00:07:59", 
            "slug": "min_edit_distance", 
            "course": 1, 
            "mode": "draft", 
            "file": "default", 
            "duration": 426, 
            "is_deleted": 0, 
            "type": "youtube", 
            "section": 3
        }
    }, 
    {
        "pk": 10, 
        "model": "c2g.video", 
        "fields": {
            "handle": "networking--Fall2012", 
            "index": 1, 
            "live_datetime": null, 
            "last_updated": "2012-09-16T00:07:59", 
            "description": "Video on Defining Minimum Edit Distance", 
            "title": "Defining Minimum Edit Distance", 
            "url": "xOfEYI61f3k", 
            "image": 9, 
            "time_created": "2012-09-16T00:07:59", 
            "slug": "min_edit_distance", 
            "course": 2, 
            "mode": "ready", 
            "file": "default", 
            "duration": 426, 
            "is_deleted": 0, 
            "type": "youtube", 
            "section": 4
        }
    }, 
    {
        "pk": 11, 
        "model": "c2g.video", 
        "fields": {
            "handle": "networking--Fall2012", 
            "index": 2, 
            "live_datetime": null, 
            "last_updated": "2012-09-16T00:07:59", 
            "description": "Video on Computing Minimum Edit Distance", 
            "title": "Computing Minimum Edit Distance", 
            "url": "Gh63CeMzav8", 
            "image": 12, 
            "time_created": "2012-09-16T00:07:59", 
            "slug": "computing_min_edit_distance", 
            "course": 1, 
            "mode": "draft", 
            "file": "default", 
            "duration": 355, 
            "is_deleted": 0, 
            "type": "youtube", 
            "section": 3
        }
    }, 
    {
        "pk": 12, 
        "model": "c2g.video", 
        "fields": {
            "handle": "networking--Fall2012", 
            "index": 2, 
            "live_datetime": null, 
            "last_updated": "2012-09-16T00:07:59", 
            "description": "Video on Computing Minimum Edit Distance", 
            "title": "Computing Minimum Edit Distance", 
            "url": "Gh63CeMzav8", 
            "image": 11, 
            "time_created": "2012-09-16T00:07:59", 
            "slug": "computing_min_edit_distance", 
            "course": 2, 
            "mode": "ready", 
            "file": "default", 
            "duration": 355, 
            "is_deleted": 0, 
            "type": "youtube", 
            "section": 4
        }
    }, 
    {
        "pk": 13, 
        "model": "c2g.video", 
        "fields": {
            "handle": "networking--Fall2012", 
            "index": 0, 
            "live_datetime": null, 
            "last_updated": "2012-09-16T00:07:59", 
            "description": "Video on Introduction to N-grams", 
            "title": "Introduction to N-grams", 
            "url": "LRq7om7vMEc", 
            "image": 14, 
            "time_created": "2012-09-16T00:07:59", 
            "slug": "ngrams", 
            "course": 1, 
            "mode": "draft", 
            "file": "default", 
            "duration": 522, 
            "is_deleted": 0, 
            "type": "youtube", 
            "section": 5
        }
    }, 
    {
        "pk": 14, 
        "model": "c2g.video", 
        "fields": {
            "handle": "networking--Fall2012", 
            "index": 0, 
            "live_datetime": null, 
            "last_updated": "2012-09-16T00:07:59", 
            "description": "Video on Introduction to N-grams", 
            "title": "Introduction to N-grams", 
            "url": "LRq7om7vMEc", 
            "image": 13, 
            "time_created": "2012-09-16T00:07:59", 
            "slug": "ngrams", 
            "course": 2, 
            "mode": "ready", 
            "file": "default", 
            "duration": 522, 
            "is_deleted": 0, 
            "type": "youtube", 
            "section": 6
        }
    }, 
    {
        "pk": 15, 
        "model": "c2g.video", 
        "fields": {
            "handle": "crypto--Fall2012", 
            "index": 0, 
            "live_datetime": null, 
            "last_updated": "2012-09-16T00:08:00", 
            "description": "Intro video by Professor Dan Jurafsky and Chris Manning", 
            "title": "Crypto: Course Introduction", 
            "url": "BJiVRIPVNxU", 
            "image": 16, 
            "time_created": "2012-09-16T00:08:00", 
            "slug": "intro", 
            "course": 3, 
            "mode": "draft", 
            "file": "default", 
            "duration": 772, 
            "is_deleted": 0, 
            "type": "youtube", 
            "section": 7
        }
    }, 
    {
        "pk": 16, 
        "model": "c2g.video", 
        "fields": {
            "handle": "crypto--Fall2012", 
            "index": 0, 
            "live_datetime": null, 
            "last_updated": "2012-09-16T00:08:00", 
            "description": "Intro video by Professor Dan Jurafsky and Chris Manning", 
            "title": "Crypto: Course Introduction", 
            "url": "BJiVRIPVNxU", 
            "image": 15, 
            "time_created": "2012-09-16T00:08:00", 
            "slug": "intro", 
            "course": 4, 
            "mode": "ready", 
            "file": "default", 
            "duration": 772, 
            "is_deleted": 0, 
            "type": "youtube", 
            "section": 8
        }
    }, 
    {
        "pk": 17, 
        "model": "c2g.video", 
        "fields": {
            "handle": "crypto--Fall2012", 
            "index": 1, 
            "live_datetime": null, 
            "last_updated": "2012-09-16T00:08:00", 
            "description": "Video on Regular Expressions", 
            "title": "Crypto: Regular Expressions", 
            "url": "dBVlwb15SBM", 
            "image": 18, 
            "time_created": "2012-09-16T00:08:00", 
            "slug": "regexp", 
            "course": 3, 
            "mode": "draft", 
            "file": "default", 
            "duration": 686, 
            "is_deleted": 0, 
            "type": "youtube", 
            "section": 7
        }
    }, 
    {
        "pk": 18, 
        "model": "c2g.video", 
        "fields": {
            "handle": "crypto--Fall2012", 
            "index": 1, 
            "live_datetime": null, 
            "last_updated": "2012-09-16T00:08:00", 
            "description": "Video on Regular Expressions", 
            "title": "Crypto: Regular Expressions", 
            "url": "dBVlwb15SBM", 
            "image": 17, 
            "time_created": "2012-09-16T00:08:00", 
            "slug": "regexp", 
            "course": 4, 
            "mode": "ready", 
            "file": "default", 
            "duration": 686, 
            "is_deleted": 0, 
            "type": "youtube", 
            "section": 8
        }
    }, 
    {
        "pk": 19, 
        "model": "c2g.video", 
        "fields": {
            "handle": "crypto--Fall2012", 
            "index": 2, 
            "live_datetime": null, 
            "last_updated": "2012-09-16T00:08:01", 
            "description": "Video on Regular Expressions in Practical NLP", 
            "title": "Crypto: Regular Expressions in Practical NLP", 
            "url": "zJSqHRuD2C4", 
            "image": 20, 
            "time_created": "2012-09-16T00:08:01", 
            "slug": "regexp_in_practical_nlp", 
            "course": 3, 
            "mode": "draft", 
            "file": "default", 
            "duration": 366, 
            "is_deleted": 0, 
            "type": "youtube", 
            "section": 7
        }
    }, 
    {
        "pk": 20, 
        "model": "c2g.video", 
        "fields": {
            "handle": "crypto--Fall2012", 
            "index": 2, 
            "live_datetime": null, 
            "last_updated": "2012-09-16T00:08:01", 
            "description": "Video on Regular Expressions in Practical NLP", 
            "title": "Crypto: Regular Expressions in Practical NLP", 
            "url": "zJSqHRuD2C4", 
            "image": 19, 
            "time_created": "2012-09-16T00:08:01", 
            "slug": "regexp_in_practical_nlp", 
            "course": 4, 
            "mode": "ready", 
            "file": "default", 
            "duration": 366, 
            "is_deleted": 0, 
            "type": "youtube", 
            "section": 8
        }
    }, 
    {
        "pk": 21, 
        "model": "c2g.video", 
        "fields": {
            "handle": "crypto--Fall2012", 
            "index": 0, 
            "live_datetime": null, 
            "last_updated": "2012-09-16T00:08:01", 
            "description": "Video on Word Tokenization", 
            "title": "Crypto: Word Tokenization", 
            "url": "WMC3AjgYf3A", 
            "image": 22, 
            "time_created": "2012-09-16T00:08:01", 
            "slug": "tokenization", 
            "course": 3, 
            "mode": "draft", 
            "file": "default", 
            "duration": 866, 
            "is_deleted": 0, 
            "type": "youtube", 
            "section": 9
        }
    }, 
    {
        "pk": 22, 
        "model": "c2g.video", 
        "fields": {
            "handle": "crypto--Fall2012", 
            "index": 0, 
            "live_datetime": null, 
            "last_updated": "2012-09-16T00:08:01", 
            "description": "Video on Word Tokenization", 
            "title": "Crypto: Word Tokenization", 
            "url": "WMC3AjgYf3A", 
            "image": 21, 
            "time_created": "2012-09-16T00:08:01", 
            "slug": "tokenization", 
            "course": 4, 
            "mode": "ready", 
            "file": "default", 
            "duration": 866, 
            "is_deleted": 0, 
            "type": "youtube", 
            "section": 10
        }
    }, 
    {
        "pk": 23, 
        "model": "c2g.video", 
        "fields": {
            "handle": "crypto--Fall2012", 
            "index": 1, 
            "live_datetime": null, 
            "last_updated": "2012-09-16T00:08:01", 
            "description": "Video on Defining Minimum Edit Distance", 
            "title": "Crypto: Defining Minimum Edit Distance", 
            "url": "xOfEYI61f3k", 
            "image": 24, 
            "time_created": "2012-09-16T00:08:01", 
            "slug": "min_edit_distance", 
            "course": 3, 
            "mode": "draft", 
            "file": "default", 
            "duration": 426, 
            "is_deleted": 0, 
            "type": "youtube", 
            "section": 9
        }
    }, 
    {
        "pk": 24, 
        "model": "c2g.video", 
        "fields": {
            "handle": "crypto--Fall2012", 
            "index": 1, 
            "live_datetime": null, 
            "last_updated": "2012-09-16T00:08:01", 
            "description": "Video on Defining Minimum Edit Distance", 
            "title": "Crypto: Defining Minimum Edit Distance", 
            "url": "xOfEYI61f3k", 
            "image": 23, 
            "time_created": "2012-09-16T00:08:01", 
            "slug": "min_edit_distance", 
            "course": 4, 
            "mode": "ready", 
            "file": "default", 
            "duration": 426, 
            "is_deleted": 0, 
            "type": "youtube", 
            "section": 10
        }
    }, 
    {
        "pk": 25, 
        "model": "c2g.video", 
        "fields": {
            "handle": "crypto--Fall2012", 
            "index": 2, 
            "live_datetime": null, 
            "last_updated": "2012-09-16T00:08:01", 
            "description": "Video on Computing Minimum Edit Distance", 
            "title": "Crypto: Computing Minimum Edit Distance", 
            "url": "Gh63CeMzav8", 
            "image": 26, 
            "time_created": "2012-09-16T00:08:01", 
            "slug": "computing_min_edit_distance", 
            "course": 3, 
            "mode": "draft", 
            "file": "default", 
            "duration": 355, 
            "is_deleted": 0, 
            "type": "youtube", 
            "section": 9
        }
    }, 
    {
        "pk": 26, 
        "model": "c2g.video", 
        "fields": {
            "handle": "crypto--Fall2012", 
            "index": 2, 
            "live_datetime": null, 
            "last_updated": "2012-09-16T00:08:01", 
            "description": "Video on Computing Minimum Edit Distance", 
            "title": "Crypto: Computing Minimum Edit Distance", 
            "url": "Gh63CeMzav8", 
            "image": 25, 
            "time_created": "2012-09-16T00:08:01", 
            "slug": "computing_min_edit_distance", 
            "course": 4, 
            "mode": "ready", 
            "file": "default", 
            "duration": 355, 
            "is_deleted": 0, 
            "type": "youtube", 
            "section": 10
        }
    }, 
    {
        "pk": 27, 
        "model": "c2g.video", 
        "fields": {
            "handle": "crypto--Fall2012", 
            "index": 0, 
            "live_datetime": null, 
            "last_updated": "2012-09-16T00:08:01", 
            "description": "Video on Introduction to N-grams", 
            "title": "Crypto: Introduction to N-grams", 
            "url": "LRq7om7vMEc", 
            "image": 28, 
            "time_created": "2012-09-16T00:08:01", 
            "slug": "ngrams", 
            "course": 3, 
            "mode": "draft", 
            "file": "default", 
            "duration": 522, 
            "is_deleted": 0, 
            "type": "youtube", 
            "section": 11
        }
    }, 
    {
        "pk": 28, 
        "model": "c2g.video", 
        "fields": {
            "handle": "crypto--Fall2012", 
            "index": 0, 
            "live_datetime": null, 
            "last_updated": "2012-09-16T00:08:01", 
            "description": "Video on Introduction to N-grams", 
            "title": "Crypto: Introduction to N-grams", 
            "url": "LRq7om7vMEc", 
            "image": 27, 
            "time_created": "2012-09-16T00:08:01", 
            "slug": "ngrams", 
            "course": 4, 
            "mode": "ready", 
            "file": "default", 
            "duration": 522, 
            "is_deleted": 0, 
            "type": "youtube", 
            "section": 12
        }
    }, 
    {
        "pk": 1, 
        "model": "c2g.problemset", 
        "fields": {
            "grace_period": "2012-10-27T00:00:00", 
            "index": 3, 
            "live_datetime": null, 
            "last_updated": "2012-09-16T00:07:59", 
            "description": "This is the first problem set. Practice some question on Regular Expressions. Remember to work your problems out on a separate piece of paper first because you only get one try on these. Miss on and you have a D!", 
            "due_date": "2012-07-20T00:00:00", 
            "title": "Problem Set 1: Regular Expressions", 
            "late_penalty": 1, 
            "image": 2, 
            "assessment_type": "formative", 
            "resubmission_penalty": 25, 
            "time_created": "2012-09-16T00:07:59", 
            "slug": "P1", 
            "submissions_permitted": 0, 
            "course": 1, 
            "mode": "draft", 
            "path": "/networking/Fall2012/problemsets/P1/load_problem_set", 
            "is_deleted": 0, 
            "partial_credit_deadline": "2012-09-27T00:00:00", 
            "randomize": false, 
            "section": 1
        }
    }, 
    {
        "pk": 2, 
        "model": "c2g.problemset", 
        "fields": {
            "grace_period": "2012-10-27T00:00:00", 
            "index": 3, 
            "live_datetime": null, 
            "last_updated": "2012-09-16T00:07:59", 
            "description": "This is the first problem set. Practice some question on Regular Expressions. Remember to work your problems out on a separate piece of paper first because you only get one try on these. Miss on and you have a D!", 
            "due_date": "2012-07-20T00:00:00", 
            "title": "Problem Set 1: Regular Expressions", 
            "late_penalty": 1, 
            "image": 1, 
            "assessment_type": "formative", 
            "resubmission_penalty": 25, 
            "time_created": "2012-09-16T00:07:59", 
            "slug": "P1", 
            "submissions_permitted": 0, 
            "course": 2, 
            "mode": "ready", 
            "path": "/networking/Fall2012/problemsets/P1/load_problem_set", 
            "is_deleted": 0, 
            "partial_credit_deadline": "2012-09-27T00:00:00", 
            "randomize": false, 
            "section": 2
        }
    }, 
    {
        "pk": 3, 
        "model": "c2g.problemset", 
        "fields": {
            "grace_period": "2012-10-27T00:00:00", 
            "index": 3, 
            "live_datetime": null, 
            "last_updated": "2012-09-16T00:07:59", 
            "description": "This problem set will test your knowledge of Joint Probability. Each question is worth one point and your final exam is worth 100 points so these questions are basically useless. But you have to do them because an incomplete assignment disallows you from passing the class. Have fun with this problem set!", 
            "due_date": "2012-07-27T00:00:00", 
            "title": "Problem Set 2: Joint Probability", 
            "late_penalty": 1, 
            "image": 4, 
            "assessment_type": "formative", 
            "resubmission_penalty": 25, 
            "time_created": "2012-09-16T00:07:59", 
            "slug": "P2", 
            "submissions_permitted": 0, 
            "course": 1, 
            "mode": "draft", 
            "path": "/networking/Fall2012/problemsets/P2/load_problem_set", 
            "is_deleted": 0, 
            "partial_credit_deadline": "2012-08-03T00:00:00", 
            "randomize": false, 
            "section": 3
        }
    }, 
    {
        "pk": 4, 
        "model": "c2g.problemset", 
        "fields": {
            "grace_period": "2012-10-27T00:00:00", 
            "index": 3, 
            "live_datetime": null, 
            "last_updated": "2012-09-16T00:07:59", 
            "description": "This problem set will test your knowledge of Joint Probability. Each question is worth one point and your final exam is worth 100 points so these questions are basically useless. But you have to do them because an incomplete assignment disallows you from passing the class. Have fun with this problem set!", 
            "due_date": "2012-07-27T00:00:00", 
            "title": "Problem Set 2: Joint Probability", 
            "late_penalty": 1, 
            "image": 3, 
            "assessment_type": "formative", 
            "resubmission_penalty": 25, 
            "time_created": "2012-09-16T00:07:59", 
            "slug": "P2", 
            "submissions_permitted": 0, 
            "course": 2, 
            "mode": "ready", 
            "path": "/networking/Fall2012/problemsets/P2/load_problem_set", 
            "is_deleted": 0, 
            "partial_credit_deadline": "2012-08-03T00:00:00", 
            "randomize": false, 
            "section": 4
        }
    }, 
    {
        "pk": 1, 
        "model": "c2g.exercise", 
        "fields": {
            "last_updated": "2012-09-16T00:07:59", 
            "handle": "networking--Fall2012", 
            "time_created": "2012-09-16T00:07:59", 
            "fileName": "xx_P1_Regexp.html", 
            "file": "networking/Fall2012/exercises/xx_P1_Regexp.html", 
            "is_deleted": 0
        }
    }, 
    {
        "pk": 2, 
        "model": "c2g.exercise", 
        "fields": {
            "last_updated": "2012-09-16T00:07:59", 
            "handle": "networking--Fall2012", 
            "time_created": "2012-09-16T00:07:59", 
            "fileName": "xx_P1_Tokenize.html", 
            "file": "networking/Fall2012/exercises/xx_P1_Tokenize.html", 
            "is_deleted": 0
        }
    }, 
    {
        "pk": 3, 
        "model": "c2g.exercise", 
        "fields": {
            "last_updated": "2012-09-16T00:07:59", 
            "handle": "networking--Fall2012", 
            "time_created": "2012-09-16T00:07:59", 
            "fileName": "xx_P2_Lexical1.html", 
            "file": "networking/Fall2012/exercises/xx_P2_Lexical1.html", 
            "is_deleted": 0
        }
    }, 
    {
        "pk": 1, 
        "model": "c2g.problemsettoexercise", 
        "fields": {
            "is_deleted": 0, 
            "problemSet": 1, 
            "image": null, 
            "number": 1, 
            "mode": "", 
            "exercise": 1
        }
    }, 
    {
        "pk": 2, 
        "model": "c2g.problemsettoexercise", 
        "fields": {
            "is_deleted": 0, 
            "problemSet": 1, 
            "image": null, 
            "number": 2, 
            "mode": "", 
            "exercise": 2
        }
    }, 
    {
        "pk": 3, 
        "model": "c2g.problemsettoexercise", 
        "fields": {
            "is_deleted": 0, 
            "problemSet": 3, 
            "image": null, 
            "number": 1, 
            "mode": "", 
            "exercise": 3
        }
    }, 
    {
        "pk": 1, 
        "model": "c2g.newsevent", 
        "fields": {
            "course": 2, 
            "event": "Assignment 1 solutions and grades released", 
            "time_created": "2012-09-16T00:07:59"
        }
    }, 
    {
        "pk": 2, 
        "model": "c2g.newsevent", 
        "fields": {
            "course": 2, 
            "event": "Assignment 2 now available", 
            "time_created": "2012-09-16T00:07:59"
        }
    }, 
    {
        "pk": 3, 
        "model": "c2g.newsevent", 
        "fields": {
            "course": 2, 
            "event": "New video available: Ngrams", 
            "time_created": "2012-09-16T00:07:59"
        }
    }, 
    {
        "pk": 4, 
        "model": "c2g.newsevent", 
        "fields": {
            "course": 4, 
            "event": "Crypto: Assignment 1 solutions and grades released", 
            "time_created": "2012-09-16T00:08:01"
        }
    }, 
    {
        "pk": 5, 
        "model": "c2g.newsevent", 
        "fields": {
            "course": 4, 
            "event": "Crypto: Assignment 2 now available", 
            "time_created": "2012-09-16T00:08:01"
        }
    }, 
    {
        "pk": 6, 
        "model": "c2g.newsevent", 
        "fields": {
            "course": 4, 
            "event": "Crypto: New video available: Ngrams", 
            "time_created": "2012-09-16T00:08:01"
        }
    }, 
    {
        "pk": 19, 
        "model": "auth.permission", 
        "fields": {
            "codename": "add_logentry", 
            "name": "Can add log entry", 
            "content_type": 7
        }
    }, 
    {
        "pk": 20, 
        "model": "auth.permission", 
        "fields": {
            "codename": "change_logentry", 
            "name": "Can change log entry", 
            "content_type": 7
        }
    }, 
    {
        "pk": 21, 
        "model": "auth.permission", 
        "fields": {
            "codename": "delete_logentry", 
            "name": "Can delete log entry", 
            "content_type": 7
        }
    }, 
    {
        "pk": 4, 
        "model": "auth.permission", 
        "fields": {
            "codename": "add_group", 
            "name": "Can add group", 
            "content_type": 2
        }
    }, 
    {
        "pk": 5, 
        "model": "auth.permission", 
        "fields": {
            "codename": "change_group", 
            "name": "Can change group", 
            "content_type": 2
        }
    }, 
    {
        "pk": 6, 
        "model": "auth.permission", 
        "fields": {
            "codename": "delete_group", 
            "name": "Can delete group", 
            "content_type": 2
        }
    }, 
    {
        "pk": 1, 
        "model": "auth.permission", 
        "fields": {
            "codename": "add_permission", 
            "name": "Can add permission", 
            "content_type": 1
        }
    }, 
    {
        "pk": 2, 
        "model": "auth.permission", 
        "fields": {
            "codename": "change_permission", 
            "name": "Can change permission", 
            "content_type": 1
        }
    }, 
    {
        "pk": 3, 
        "model": "auth.permission", 
        "fields": {
            "codename": "delete_permission", 
            "name": "Can delete permission", 
            "content_type": 1
        }
    }, 
    {
        "pk": 7, 
        "model": "auth.permission", 
        "fields": {
            "codename": "add_user", 
            "name": "Can add user", 
            "content_type": 3
        }
    }, 
    {
        "pk": 8, 
        "model": "auth.permission", 
        "fields": {
            "codename": "change_user", 
            "name": "Can change user", 
            "content_type": 3
        }
    }, 
    {
        "pk": 9, 
        "model": "auth.permission", 
        "fields": {
            "codename": "delete_user", 
            "name": "Can delete user", 
            "content_type": 3
        }
    }, 
    {
        "pk": 64, 
        "model": "auth.permission", 
        "fields": {
            "codename": "add_additionalpage", 
            "name": "Can add additional page", 
            "content_type": 22
        }
    }, 
    {
        "pk": 65, 
        "model": "auth.permission", 
        "fields": {
            "codename": "change_additionalpage", 
            "name": "Can change additional page", 
            "content_type": 22
        }
    }, 
    {
        "pk": 66, 
        "model": "auth.permission", 
        "fields": {
            "codename": "delete_additionalpage", 
            "name": "Can delete additional page", 
            "content_type": 22
        }
    }, 
    {
        "pk": 70, 
        "model": "auth.permission", 
        "fields": {
            "codename": "add_announcement", 
            "name": "Can add announcement", 
            "content_type": 24
        }
    }, 
    {
        "pk": 71, 
        "model": "auth.permission", 
        "fields": {
            "codename": "change_announcement", 
            "name": "Can change announcement", 
            "content_type": 24
        }
    }, 
    {
        "pk": 72, 
        "model": "auth.permission", 
        "fields": {
            "codename": "delete_announcement", 
            "name": "Can delete announcement", 
            "content_type": 24
        }
    }, 
    {
        "pk": 61, 
        "model": "auth.permission", 
        "fields": {
            "codename": "add_contentsection", 
            "name": "Can add content section", 
            "content_type": 21
        }
    }, 
    {
        "pk": 62, 
        "model": "auth.permission", 
        "fields": {
            "codename": "change_contentsection", 
            "name": "Can change content section", 
            "content_type": 21
        }
    }, 
    {
        "pk": 63, 
        "model": "auth.permission", 
        "fields": {
            "codename": "delete_contentsection", 
            "name": "Can delete content section", 
            "content_type": 21
        }
    }, 
    {
        "pk": 58, 
        "model": "auth.permission", 
        "fields": {
            "codename": "add_course", 
            "name": "Can add course", 
            "content_type": 20
        }
    }, 
    {
        "pk": 59, 
        "model": "auth.permission", 
        "fields": {
            "codename": "change_course", 
            "name": "Can change course", 
            "content_type": 20
        }
    }, 
    {
        "pk": 60, 
        "model": "auth.permission", 
        "fields": {
            "codename": "delete_course", 
            "name": "Can delete course", 
            "content_type": 20
        }
    }, 
    {
        "pk": 103, 
        "model": "auth.permission", 
        "fields": {
            "codename": "add_courseemail", 
            "name": "Can add course email", 
            "content_type": 35
        }
    }, 
    {
        "pk": 104, 
        "model": "auth.permission", 
        "fields": {
            "codename": "change_courseemail", 
            "name": "Can change course email", 
            "content_type": 35
        }
    }, 
    {
        "pk": 105, 
        "model": "auth.permission", 
        "fields": {
            "codename": "delete_courseemail", 
            "name": "Can delete course email", 
            "content_type": 35
        }
    }, 
    {
        "pk": 88, 
        "model": "auth.permission", 
        "fields": {
            "codename": "add_exercise", 
            "name": "Can add exercise", 
            "content_type": 30
        }
    }, 
    {
        "pk": 89, 
        "model": "auth.permission", 
        "fields": {
            "codename": "change_exercise", 
            "name": "Can change exercise", 
            "content_type": 30
        }
    }, 
    {
        "pk": 90, 
        "model": "auth.permission", 
        "fields": {
            "codename": "delete_exercise", 
            "name": "Can delete exercise", 
            "content_type": 30
        }
    }, 
    {
        "pk": 67, 
        "model": "auth.permission", 
        "fields": {
            "codename": "add_file", 
            "name": "Can add file", 
            "content_type": 23
        }
    }, 
    {
        "pk": 68, 
        "model": "auth.permission", 
        "fields": {
            "codename": "change_file", 
            "name": "Can change file", 
            "content_type": 23
        }
    }, 
    {
        "pk": 69, 
        "model": "auth.permission", 
        "fields": {
            "codename": "delete_file", 
            "name": "Can delete file", 
            "content_type": 23
        }
    }, 
    {
        "pk": 55, 
        "model": "auth.permission", 
        "fields": {
            "codename": "add_institution", 
            "name": "Can add institution", 
            "content_type": 19
        }
    }, 
    {
        "pk": 56, 
        "model": "auth.permission", 
        "fields": {
            "codename": "change_institution", 
            "name": "Can change institution", 
            "content_type": 19
        }
    }, 
    {
        "pk": 57, 
        "model": "auth.permission", 
        "fields": {
            "codename": "delete_institution", 
            "name": "Can delete institution", 
            "content_type": 19
        }
    }, 
    {
        "pk": 100, 
        "model": "auth.permission", 
        "fields": {
            "codename": "add_newsevent", 
            "name": "Can add news event", 
            "content_type": 34
        }
    }, 
    {
        "pk": 101, 
        "model": "auth.permission", 
        "fields": {
            "codename": "change_newsevent", 
            "name": "Can change news event", 
            "content_type": 34
        }
    }, 
    {
        "pk": 102, 
        "model": "auth.permission", 
        "fields": {
            "codename": "delete_newsevent", 
            "name": "Can delete news event", 
            "content_type": 34
        }
    }, 
    {
        "pk": 97, 
        "model": "auth.permission", 
        "fields": {
            "codename": "add_problemactivity", 
            "name": "Can add problem activity", 
            "content_type": 33
        }
    }, 
    {
        "pk": 98, 
        "model": "auth.permission", 
        "fields": {
            "codename": "change_problemactivity", 
            "name": "Can change problem activity", 
            "content_type": 33
        }
    }, 
    {
        "pk": 99, 
        "model": "auth.permission", 
        "fields": {
            "codename": "delete_problemactivity", 
            "name": "Can delete problem activity", 
            "content_type": 33
        }
    }, 
    {
        "pk": 85, 
        "model": "auth.permission", 
        "fields": {
            "codename": "add_problemset", 
            "name": "Can add problem set", 
            "content_type": 29
        }
    }, 
    {
        "pk": 86, 
        "model": "auth.permission", 
        "fields": {
            "codename": "change_problemset", 
            "name": "Can change problem set", 
            "content_type": 29
        }
    }, 
    {
        "pk": 87, 
        "model": "auth.permission", 
        "fields": {
            "codename": "delete_problemset", 
            "name": "Can delete problem set", 
            "content_type": 29
        }
    }, 
    {
        "pk": 91, 
        "model": "auth.permission", 
        "fields": {
            "codename": "add_problemsettoexercise", 
            "name": "Can add problem set to exercise", 
            "content_type": 31
        }
    }, 
    {
        "pk": 92, 
        "model": "auth.permission", 
        "fields": {
            "codename": "change_problemsettoexercise", 
            "name": "Can change problem set to exercise", 
            "content_type": 31
        }
    }, 
    {
        "pk": 93, 
        "model": "auth.permission", 
        "fields": {
            "codename": "delete_problemsettoexercise", 
            "name": "Can delete problem set to exercise", 
            "content_type": 31
        }
    }, 
    {
        "pk": 73, 
        "model": "auth.permission", 
        "fields": {
            "codename": "add_studentsection", 
            "name": "Can add student section", 
            "content_type": 25
        }
    }, 
    {
        "pk": 74, 
        "model": "auth.permission", 
        "fields": {
            "codename": "change_studentsection", 
            "name": "Can change student section", 
            "content_type": 25
        }
    }, 
    {
        "pk": 75, 
        "model": "auth.permission", 
        "fields": {
            "codename": "delete_studentsection", 
            "name": "Can delete student section", 
            "content_type": 25
        }
    }, 
    {
        "pk": 76, 
        "model": "auth.permission", 
        "fields": {
            "codename": "add_userprofile", 
            "name": "Can add user profile", 
            "content_type": 26
        }
    }, 
    {
        "pk": 77, 
        "model": "auth.permission", 
        "fields": {
            "codename": "change_userprofile", 
            "name": "Can change user profile", 
            "content_type": 26
        }
    }, 
    {
        "pk": 78, 
        "model": "auth.permission", 
        "fields": {
            "codename": "delete_userprofile", 
            "name": "Can delete user profile", 
            "content_type": 26
        }
    }, 
    {
        "pk": 79, 
        "model": "auth.permission", 
        "fields": {
            "codename": "add_video", 
            "name": "Can add video", 
            "content_type": 27
        }
    }, 
    {
        "pk": 80, 
        "model": "auth.permission", 
        "fields": {
            "codename": "change_video", 
            "name": "Can change video", 
            "content_type": 27
        }
    }, 
    {
        "pk": 81, 
        "model": "auth.permission", 
        "fields": {
            "codename": "delete_video", 
            "name": "Can delete video", 
            "content_type": 27
        }
    }, 
    {
        "pk": 82, 
        "model": "auth.permission", 
        "fields": {
            "codename": "add_videoactivity", 
            "name": "Can add video activity", 
            "content_type": 28
        }
    }, 
    {
        "pk": 83, 
        "model": "auth.permission", 
        "fields": {
            "codename": "change_videoactivity", 
            "name": "Can change video activity", 
            "content_type": 28
        }
    }, 
    {
        "pk": 84, 
        "model": "auth.permission", 
        "fields": {
            "codename": "delete_videoactivity", 
            "name": "Can delete video activity", 
            "content_type": 28
        }
    }, 
    {
        "pk": 94, 
        "model": "auth.permission", 
        "fields": {
            "codename": "add_videotoexercise", 
            "name": "Can add video to exercise", 
            "content_type": 32
        }
    }, 
    {
        "pk": 95, 
        "model": "auth.permission", 
        "fields": {
            "codename": "change_videotoexercise", 
            "name": "Can change video to exercise", 
            "content_type": 32
        }
    }, 
    {
        "pk": 96, 
        "model": "auth.permission", 
        "fields": {
            "codename": "delete_videotoexercise", 
            "name": "Can delete video to exercise", 
            "content_type": 32
        }
    }, 
    {
        "pk": 10, 
        "model": "auth.permission", 
        "fields": {
            "codename": "add_contenttype", 
            "name": "Can add content type", 
            "content_type": 4
        }
    }, 
    {
        "pk": 11, 
        "model": "auth.permission", 
        "fields": {
            "codename": "change_contenttype", 
            "name": "Can change content type", 
            "content_type": 4
        }
    }, 
    {
        "pk": 12, 
        "model": "auth.permission", 
        "fields": {
            "codename": "delete_contenttype", 
            "name": "Can delete content type", 
            "content_type": 4
        }
    }, 
    {
        "pk": 40, 
        "model": "auth.permission", 
        "fields": {
            "codename": "add_crontabschedule", 
            "name": "Can add crontab", 
            "content_type": 14
        }
    }, 
    {
        "pk": 41, 
        "model": "auth.permission", 
        "fields": {
            "codename": "change_crontabschedule", 
            "name": "Can change crontab", 
            "content_type": 14
        }
    }, 
    {
        "pk": 42, 
        "model": "auth.permission", 
        "fields": {
            "codename": "delete_crontabschedule", 
            "name": "Can delete crontab", 
            "content_type": 14
        }
    }, 
    {
        "pk": 37, 
        "model": "auth.permission", 
        "fields": {
            "codename": "add_intervalschedule", 
            "name": "Can add interval", 
            "content_type": 13
        }
    }, 
    {
        "pk": 38, 
        "model": "auth.permission", 
        "fields": {
            "codename": "change_intervalschedule", 
            "name": "Can change interval", 
            "content_type": 13
        }
    }, 
    {
        "pk": 39, 
        "model": "auth.permission", 
        "fields": {
            "codename": "delete_intervalschedule", 
            "name": "Can delete interval", 
            "content_type": 13
        }
    }, 
    {
        "pk": 46, 
        "model": "auth.permission", 
        "fields": {
            "codename": "add_periodictask", 
            "name": "Can add periodic task", 
            "content_type": 16
        }
    }, 
    {
        "pk": 47, 
        "model": "auth.permission", 
        "fields": {
            "codename": "change_periodictask", 
            "name": "Can change periodic task", 
            "content_type": 16
        }
    }, 
    {
        "pk": 48, 
        "model": "auth.permission", 
        "fields": {
            "codename": "delete_periodictask", 
            "name": "Can delete periodic task", 
            "content_type": 16
        }
    }, 
    {
        "pk": 43, 
        "model": "auth.permission", 
        "fields": {
            "codename": "add_periodictasks", 
            "name": "Can add periodic tasks", 
            "content_type": 15
        }
    }, 
    {
        "pk": 44, 
        "model": "auth.permission", 
        "fields": {
            "codename": "change_periodictasks", 
            "name": "Can change periodic tasks", 
            "content_type": 15
        }
    }, 
    {
        "pk": 45, 
        "model": "auth.permission", 
        "fields": {
            "codename": "delete_periodictasks", 
            "name": "Can delete periodic tasks", 
            "content_type": 15
        }
    }, 
    {
        "pk": 31, 
        "model": "auth.permission", 
        "fields": {
            "codename": "add_taskmeta", 
            "name": "Can add task state", 
            "content_type": 11
        }
    }, 
    {
        "pk": 32, 
        "model": "auth.permission", 
        "fields": {
            "codename": "change_taskmeta", 
            "name": "Can change task state", 
            "content_type": 11
        }
    }, 
    {
        "pk": 33, 
        "model": "auth.permission", 
        "fields": {
            "codename": "delete_taskmeta", 
            "name": "Can delete task state", 
            "content_type": 11
        }
    }, 
    {
        "pk": 34, 
        "model": "auth.permission", 
        "fields": {
            "codename": "add_tasksetmeta", 
            "name": "Can add saved group result", 
            "content_type": 12
        }
    }, 
    {
        "pk": 35, 
        "model": "auth.permission", 
        "fields": {
            "codename": "change_tasksetmeta", 
            "name": "Can change saved group result", 
            "content_type": 12
        }
    }, 
    {
        "pk": 36, 
        "model": "auth.permission", 
        "fields": {
            "codename": "delete_tasksetmeta", 
            "name": "Can delete saved group result", 
            "content_type": 12
        }
    }, 
    {
        "pk": 52, 
        "model": "auth.permission", 
        "fields": {
            "codename": "add_taskstate", 
            "name": "Can add task", 
            "content_type": 18
        }
    }, 
    {
        "pk": 53, 
        "model": "auth.permission", 
        "fields": {
            "codename": "change_taskstate", 
            "name": "Can change task", 
            "content_type": 18
        }
    }, 
    {
        "pk": 54, 
        "model": "auth.permission", 
        "fields": {
            "codename": "delete_taskstate", 
            "name": "Can delete task", 
            "content_type": 18
        }
    }, 
    {
        "pk": 49, 
        "model": "auth.permission", 
        "fields": {
            "codename": "add_workerstate", 
            "name": "Can add worker", 
            "content_type": 17
        }
    }, 
    {
        "pk": 50, 
        "model": "auth.permission", 
        "fields": {
            "codename": "change_workerstate", 
            "name": "Can change worker", 
            "content_type": 17
        }
    }, 
    {
        "pk": 51, 
        "model": "auth.permission", 
        "fields": {
            "codename": "delete_workerstate", 
            "name": "Can delete worker", 
            "content_type": 17
        }
    }, 
    {
        "pk": 28, 
        "model": "auth.permission", 
        "fields": {
            "codename": "add_flatpage", 
            "name": "Can add flat page", 
            "content_type": 10
        }
    }, 
    {
        "pk": 29, 
        "model": "auth.permission", 
        "fields": {
            "codename": "change_flatpage", 
            "name": "Can change flat page", 
            "content_type": 10
        }
    }, 
    {
        "pk": 30, 
        "model": "auth.permission", 
        "fields": {
            "codename": "delete_flatpage", 
            "name": "Can delete flat page", 
            "content_type": 10
        }
    }, 
    {
        "pk": 22, 
        "model": "auth.permission", 
        "fields": {
            "codename": "add_registrationprofile", 
            "name": "Can add registration profile", 
            "content_type": 8
        }
    }, 
    {
        "pk": 23, 
        "model": "auth.permission", 
        "fields": {
            "codename": "change_registrationprofile", 
            "name": "Can change registration profile", 
            "content_type": 8
        }
    }, 
    {
        "pk": 24, 
        "model": "auth.permission", 
        "fields": {
            "codename": "delete_registrationprofile", 
            "name": "Can delete registration profile", 
            "content_type": 8
        }
    }, 
    {
        "pk": 13, 
        "model": "auth.permission", 
        "fields": {
            "codename": "add_session", 
            "name": "Can add session", 
            "content_type": 5
        }
    }, 
    {
        "pk": 14, 
        "model": "auth.permission", 
        "fields": {
            "codename": "change_session", 
            "name": "Can change session", 
            "content_type": 5
        }
    }, 
    {
        "pk": 15, 
        "model": "auth.permission", 
        "fields": {
            "codename": "delete_session", 
            "name": "Can delete session", 
            "content_type": 5
        }
    }, 
    {
        "pk": 16, 
        "model": "auth.permission", 
        "fields": {
            "codename": "add_site", 
            "name": "Can add site", 
            "content_type": 6
        }
    }, 
    {
        "pk": 17, 
        "model": "auth.permission", 
        "fields": {
            "codename": "change_site", 
            "name": "Can change site", 
            "content_type": 6
        }
    }, 
    {
        "pk": 18, 
        "model": "auth.permission", 
        "fields": {
            "codename": "delete_site", 
            "name": "Can delete site", 
            "content_type": 6
        }
    }, 
    {
        "pk": 25, 
        "model": "auth.permission", 
        "fields": {
            "codename": "add_migrationhistory", 
            "name": "Can add migration history", 
            "content_type": 9
        }
    }, 
    {
        "pk": 26, 
        "model": "auth.permission", 
        "fields": {
            "codename": "change_migrationhistory", 
            "name": "Can change migration history", 
            "content_type": 9
        }
    }, 
    {
        "pk": 27, 
        "model": "auth.permission", 
        "fields": {
            "codename": "delete_migrationhistory", 
            "name": "Can delete migration history", 
            "content_type": 9
        }
    }, 
    {
        "pk": 6, 
        "model": "auth.group", 
        "fields": {
            "name": "Instructor Group for class2go course crypto--Fall2012 90366905", 
            "permissions": []
        }
    }, 
    {
        "pk": 2, 
        "model": "auth.group", 
        "fields": {
            "name": "Instructor Group for class2go course networking--Fall2012 43286214", 
            "permissions": []
        }
    }, 
    {
        "pk": 8, 
        "model": "auth.group", 
        "fields": {
            "name": "Readonly TAS Group for class2go course crypto--Fall2012 90366905", 
            "permissions": []
        }
    }, 
    {
        "pk": 4, 
        "model": "auth.group", 
        "fields": {
            "name": "Readonly TAS Group for class2go course networking--Fall2012 43286214", 
            "permissions": []
        }
    }, 
    {
        "pk": 5, 
        "model": "auth.group", 
        "fields": {
            "name": "Student Group for class2go course crypto--Fall2012 90366905", 
            "permissions": []
        }
    }, 
    {
        "pk": 1, 
        "model": "auth.group", 
        "fields": {
            "name": "Student Group for class2go course networking--Fall2012 43286214", 
            "permissions": []
        }
    }, 
    {
        "pk": 7, 
        "model": "auth.group", 
        "fields": {
            "name": "TAS Group for class2go course crypto--Fall2012 90366905", 
            "permissions": []
        }
    }, 
    {
        "pk": 3, 
        "model": "auth.group", 
        "fields": {
            "name": "TAS Group for class2go course networking--Fall2012 43286214", 
            "permissions": []
        }
    }, 
    {
        "pk": 1, 
        "model": "auth.user", 
        "fields": {
            "username": "professor_0", 
            "first_name": "Tess", 
            "last_name": "Teacher", 
            "is_active": true, 
            "is_superuser": false, 
            "is_staff": true, 
            "last_login": "2012-09-16T00:07:51", 
            "groups": [
                2
            ], 
            "user_permissions": [], 
            "password": "pbkdf2_sha256$10000$oRi0L7QDKJfn$ZjyRRB3Z4ihgOsExOykcL5rT1364Fj2L6PinF3MzRNw=", 
            "email": "professor_0@stanford.edu", 
            "date_joined": "2012-09-16T00:07:51"
        }
    }, 
    {
        "pk": 2, 
        "model": "auth.user", 
        "fields": {
            "username": "professor_1", 
            "first_name": "Tess", 
            "last_name": "Teacher", 
            "is_active": true, 
            "is_superuser": false, 
            "is_staff": true, 
            "last_login": "2012-09-16T00:07:51", 
            "groups": [
                2
            ], 
            "user_permissions": [], 
            "password": "pbkdf2_sha256$10000$1uAozKVdbFfp$o+ta8CKnsuJ6ac7s4ckP17vALHyWvCX0jjLQ8N5Qss4=", 
            "email": "professor_1@stanford.edu", 
            "date_joined": "2012-09-16T00:07:51"
        }
    }, 
    {
        "pk": 3, 
        "model": "auth.user", 
        "fields": {
            "username": "professor_2", 
            "first_name": "Tess", 
            "last_name": "Teacher", 
            "is_active": true, 
            "is_superuser": false, 
            "is_staff": true, 
            "last_login": "2012-09-16T00:07:51", 
            "groups": [
                2
            ], 
            "user_permissions": [], 
            "password": "pbkdf2_sha256$10000$lXxiIidbptvt$cjknwQ0KoI7NnaMQKeYWQMpu6InQtbAuJdh6qzCvE94=", 
            "email": "professor_2@stanford.edu", 
            "date_joined": "2012-09-16T00:07:51"
        }
    }, 
    {
        "pk": 4, 
        "model": "auth.user", 
        "fields": {
            "username": "professor_3", 
            "first_name": "Tess", 
            "last_name": "Teacher", 
            "is_active": true, 
            "is_superuser": false, 
            "is_staff": true, 
            "last_login": "2012-09-16T00:07:52", 
            "groups": [], 
            "user_permissions": [], 
            "password": "pbkdf2_sha256$10000$6EehhXST4dK1$JJfQoNRrYWXpTLjZip0Bar//S+j8dXF7MeMuMAzvJcY=", 
            "email": "professor_3@stanford.edu", 
            "date_joined": "2012-09-16T00:07:52"
        }
    }, 
    {
        "pk": 5, 
        "model": "auth.user", 
        "fields": {
            "username": "ta_0", 
            "first_name": "Alan", 
            "last_name": "Assistant", 
            "is_active": true, 
            "is_superuser": false, 
            "is_staff": false, 
            "last_login": "2012-09-16T00:07:52", 
            "groups": [
                3
            ], 
            "user_permissions": [], 
            "password": "pbkdf2_sha256$10000$gmVWANpwse7x$jMdKx3V4BUrmITM0rRGPROBe+FHrTDha8obCHH83GPE=", 
            "email": "ta_0@stanford.edu", 
            "date_joined": "2012-09-16T00:07:52"
        }
    }, 
    {
        "pk": 6, 
        "model": "auth.user", 
        "fields": {
            "username": "ta_1", 
            "first_name": "Alan", 
            "last_name": "Assistant", 
            "is_active": true, 
            "is_superuser": false, 
            "is_staff": false, 
            "last_login": "2012-09-16T00:07:52", 
            "groups": [
                3
            ], 
            "user_permissions": [], 
            "password": "pbkdf2_sha256$10000$dnulz8OrSjFW$gRYsMDm3LGRUDB4Fp3XgNVBv2jxgeEYcyPTNWVB/k2Y=", 
            "email": "ta_1@stanford.edu", 
            "date_joined": "2012-09-16T00:07:52"
        }
    }, 
    {
        "pk": 7, 
        "model": "auth.user", 
        "fields": {
            "username": "ta_2", 
            "first_name": "Alan", 
            "last_name": "Assistant", 
            "is_active": true, 
            "is_superuser": false, 
            "is_staff": false, 
            "last_login": "2012-09-16T00:07:52", 
            "groups": [
                3
            ], 
            "user_permissions": [], 
            "password": "pbkdf2_sha256$10000$Pugod2MPTdpt$8sZxTGklOC35uDILM0u9+pmicIF6W0KuTHbCuYMbkkY=", 
            "email": "ta_2@stanford.edu", 
            "date_joined": "2012-09-16T00:07:52"
        }
    }, 
    {
        "pk": 8, 
        "model": "auth.user", 
        "fields": {
            "username": "ta_3", 
            "first_name": "Alan", 
            "last_name": "Assistant", 
            "is_active": true, 
            "is_superuser": false, 
            "is_staff": false, 
            "last_login": "2012-09-16T00:07:52", 
            "groups": [], 
            "user_permissions": [], 
            "password": "pbkdf2_sha256$10000$COf39FPrtoFk$y/GteOJtjNoEikdKeDzyLK0U2DOYsfA61m5BUE0Fg3Q=", 
            "email": "ta_3@stanford.edu", 
            "date_joined": "2012-09-16T00:07:52"
        }
    }, 
    {
        "pk": 9, 
        "model": "auth.user", 
        "fields": {
            "username": "readonly_ta_0", 
            "first_name": "Roger", 
            "last_name": "Readonly", 
            "is_active": true, 
            "is_superuser": false, 
            "is_staff": false, 
            "last_login": "2012-09-16T00:07:52", 
            "groups": [
                4
            ], 
            "user_permissions": [], 
            "password": "pbkdf2_sha256$10000$LgYPUwQ5cbAC$doT3Fe0FZb7R9+JruX6xO50xeSszWsjSC65XNZw+UbU=", 
            "email": "readonly_ta_0@stanford.edu", 
            "date_joined": "2012-09-16T00:07:52"
        }
    }, 
    {
        "pk": 10, 
        "model": "auth.user", 
        "fields": {
            "username": "readonly_ta_1", 
            "first_name": "Roger", 
            "last_name": "Readonly", 
            "is_active": true, 
            "is_superuser": false, 
            "is_staff": false, 
            "last_login": "2012-09-16T00:07:52", 
            "groups": [
                4
            ], 
            "user_permissions": [], 
            "password": "pbkdf2_sha256$10000$XJDwl0OdvpXo$B1V9BTVkyE4HdBlli31KkP+T9PPxpwxsynOaZrBWQc4=", 
            "email": "readonly_ta_1@stanford.edu", 
            "date_joined": "2012-09-16T00:07:52"
        }
    }, 
    {
        "pk": 11, 
        "model": "auth.user", 
        "fields": {
            "username": "readonly_ta_2", 
            "first_name": "Roger", 
            "last_name": "Readonly", 
            "is_active": true, 
            "is_superuser": false, 
            "is_staff": false, 
            "last_login": "2012-09-16T00:07:53", 
            "groups": [
                4
            ], 
            "user_permissions": [], 
            "password": "pbkdf2_sha256$10000$iTO6Q8ocejLl$VDTKfEUvOQy3U5JtBs4qCQXS2KyXW7ymhjCDGVLciq4=", 
            "email": "readonly_ta_2@stanford.edu", 
            "date_joined": "2012-09-16T00:07:53"
        }
    }, 
    {
        "pk": 12, 
        "model": "auth.user", 
        "fields": {
            "username": "readonly_ta_3", 
            "first_name": "Roger", 
            "last_name": "Readonly", 
            "is_active": true, 
            "is_superuser": false, 
            "is_staff": false, 
            "last_login": "2012-09-16T00:07:53", 
            "groups": [], 
            "user_permissions": [], 
            "password": "pbkdf2_sha256$10000$TdXCRZM1aF2i$GWoO/aAB0DQcdcZdfAmSkEE7/M6S1T58dLR6LJrfe8Y=", 
            "email": "readonly_ta_3@stanford.edu", 
            "date_joined": "2012-09-16T00:07:53"
        }
    }, 
    {
        "pk": 13, 
        "model": "auth.user", 
        "fields": {
            "username": "student_0", 
            "first_name": "Sarah", 
            "last_name": "Student", 
            "is_active": true, 
            "is_superuser": false, 
            "is_staff": false, 
            "last_login": "2012-09-16T00:07:53", 
            "groups": [
                1
            ], 
            "user_permissions": [], 
            "password": "pbkdf2_sha256$10000$rHQxjSsr1zvM$w8mmfuC0Qm1UiY2ZmzswQcvWVdoVLMoZmwpmOBsDSx8=", 
            "email": "student_0@stanford.edu", 
            "date_joined": "2012-09-16T00:07:53"
        }
    }, 
    {
        "pk": 14, 
        "model": "auth.user", 
        "fields": {
            "username": "student_1", 
            "first_name": "Sarah", 
            "last_name": "Student", 
            "is_active": true, 
            "is_superuser": false, 
            "is_staff": false, 
            "last_login": "2012-09-16T00:07:53", 
            "groups": [
                1
            ], 
            "user_permissions": [], 
            "password": "pbkdf2_sha256$10000$0GOsUJxQoWjJ$1n+Xi/Mfw3w77mTUgWaFUE0lkw6oof7kBEOVfNTKSco=", 
            "email": "student_1@stanford.edu", 
            "date_joined": "2012-09-16T00:07:53"
        }
    }, 
    {
        "pk": 15, 
        "model": "auth.user", 
        "fields": {
            "username": "student_2", 
            "first_name": "Sarah", 
            "last_name": "Student", 
            "is_active": true, 
            "is_superuser": false, 
            "is_staff": false, 
            "last_login": "2012-09-16T00:07:53", 
            "groups": [
                1
            ], 
            "user_permissions": [], 
            "password": "pbkdf2_sha256$10000$pQOJsyDZcGOA$vgvWNaMi+zPRWCykRHznLD8VqiL8/yTO12sTL7UZl24=", 
            "email": "student_2@stanford.edu", 
            "date_joined": "2012-09-16T00:07:53"
        }
    }, 
    {
        "pk": 16, 
        "model": "auth.user", 
        "fields": {
            "username": "student_3", 
            "first_name": "Sarah", 
            "last_name": "Student", 
            "is_active": true, 
            "is_superuser": false, 
            "is_staff": false, 
            "last_login": "2012-09-16T00:07:53", 
            "groups": [
                1
            ], 
            "user_permissions": [], 
            "password": "pbkdf2_sha256$10000$iWbPJE4aK6Em$a6hoCeT+KUnnU0R0iMozpNojLybqtsVoLF4rMfwpkVk=", 
            "email": "student_3@stanford.edu", 
            "date_joined": "2012-09-16T00:07:53"
        }
    }, 
    {
        "pk": 17, 
        "model": "auth.user", 
        "fields": {
            "username": "student_4", 
            "first_name": "Sarah", 
            "last_name": "Student", 
            "is_active": true, 
            "is_superuser": false, 
            "is_staff": false, 
            "last_login": "2012-09-16T00:07:54", 
            "groups": [
                1
            ], 
            "user_permissions": [], 
            "password": "pbkdf2_sha256$10000$KZX1rG33pX3p$b6qx2J5ohPIq5IWv1jAzNYveLBHcC8YCXTsAO1380js=", 
            "email": "student_4@stanford.edu", 
            "date_joined": "2012-09-16T00:07:54"
        }
    }, 
    {
        "pk": 18, 
        "model": "auth.user", 
        "fields": {
            "username": "student_5", 
            "first_name": "Sarah", 
            "last_name": "Student", 
            "is_active": true, 
            "is_superuser": false, 
            "is_staff": false, 
            "last_login": "2012-09-16T00:07:54", 
            "groups": [
                1
            ], 
            "user_permissions": [], 
            "password": "pbkdf2_sha256$10000$FhzvVHbqWR2G$nDlL1LKT6otbs+N5cKx31g1Z+qWn6cq2PXZZFHgOkG4=", 
            "email": "student_5@stanford.edu", 
            "date_joined": "2012-09-16T00:07:54"
        }
    }, 
    {
        "pk": 19, 
        "model": "auth.user", 
        "fields": {
            "username": "student_6", 
            "first_name": "Sarah", 
            "last_name": "Student", 
            "is_active": true, 
            "is_superuser": false, 
            "is_staff": false, 
            "last_login": "2012-09-16T00:07:54", 
            "groups": [
                1
            ], 
            "user_permissions": [], 
            "password": "pbkdf2_sha256$10000$htu4kNCefInd$YQ5Ui7SW3vwt9KYIdEZs1trnASLYumQvTjslw/uz9pw=", 
            "email": "student_6@stanford.edu", 
            "date_joined": "2012-09-16T00:07:54"
        }
    }, 
    {
        "pk": 20, 
        "model": "auth.user", 
        "fields": {
            "username": "student_7", 
            "first_name": "Sarah", 
            "last_name": "Student", 
            "is_active": true, 
            "is_superuser": false, 
            "is_staff": false, 
            "last_login": "2012-09-16T00:07:54", 
            "groups": [
                1
            ], 
            "user_permissions": [], 
            "password": "pbkdf2_sha256$10000$WYhlsiM6EsFl$E4qrgz7XzBs7kVyDoRixjLO/exNjZBiakRQ9uIG+ZjI=", 
            "email": "student_7@stanford.edu", 
            "date_joined": "2012-09-16T00:07:54"
        }
    }, 
    {
        "pk": 21, 
        "model": "auth.user", 
        "fields": {
            "username": "student_8", 
            "first_name": "Sarah", 
            "last_name": "Student", 
            "is_active": true, 
            "is_superuser": false, 
            "is_staff": false, 
            "last_login": "2012-09-16T00:07:54", 
            "groups": [
                1
            ], 
            "user_permissions": [], 
            "password": "pbkdf2_sha256$10000$3vpSMNowsNQ4$TDupofLkZVuRPuhlTt4VFdlI/YaXmxn0DJ2IcDc21eM=", 
            "email": "student_8@stanford.edu", 
            "date_joined": "2012-09-16T00:07:54"
        }
    }, 
    {
        "pk": 22, 
        "model": "auth.user", 
        "fields": {
            "username": "student_9", 
            "first_name": "Sarah", 
            "last_name": "Student", 
            "is_active": true, 
            "is_superuser": false, 
            "is_staff": false, 
            "last_login": "2012-09-16T00:07:54", 
            "groups": [
                1
            ], 
            "user_permissions": [], 
            "password": "pbkdf2_sha256$10000$qoxiPa1VO6NK$ftl64kSKMxa5ImzkSvjJnsgithspp6PVFrwn6uRLeMY=", 
            "email": "student_9@stanford.edu", 
            "date_joined": "2012-09-16T00:07:54"
        }
    }, 
    {
        "pk": 23, 
        "model": "auth.user", 
        "fields": {
            "username": "student_10", 
            "first_name": "Sarah", 
            "last_name": "Student", 
            "is_active": true, 
            "is_superuser": false, 
            "is_staff": false, 
            "last_login": "2012-09-16T00:07:54", 
            "groups": [
                1
            ], 
            "user_permissions": [], 
            "password": "pbkdf2_sha256$10000$C8ILOjBWFhGk$PxNSoBDO0qxvdA5MqBoOTExIXaUSdkoGw7NuEzLc1o4=", 
            "email": "student_10@stanford.edu", 
            "date_joined": "2012-09-16T00:07:54"
        }
    }, 
    {
        "pk": 24, 
        "model": "auth.user", 
        "fields": {
            "username": "student_11", 
            "first_name": "Sarah", 
            "last_name": "Student", 
            "is_active": true, 
            "is_superuser": false, 
            "is_staff": false, 
            "last_login": "2012-09-16T00:07:55", 
            "groups": [
                1
            ], 
            "user_permissions": [], 
            "password": "pbkdf2_sha256$10000$KxFSBIk4q8QJ$tKMbkxUWt//eJCNUHWXxOoNSfVGyll/v6riX2pZlSwg=", 
            "email": "student_11@stanford.edu", 
            "date_joined": "2012-09-16T00:07:55"
        }
    }, 
    {
        "pk": 25, 
        "model": "auth.user", 
        "fields": {
            "username": "student_12", 
            "first_name": "Sarah", 
            "last_name": "Student", 
            "is_active": true, 
            "is_superuser": false, 
            "is_staff": false, 
            "last_login": "2012-09-16T00:07:55", 
            "groups": [
                1
            ], 
            "user_permissions": [], 
            "password": "pbkdf2_sha256$10000$n5coM3ZqEE7w$z3jWsHTOY2TufCmD2lAxUpFNU0+pIiFd7FWZMfad0JQ=", 
            "email": "student_12@stanford.edu", 
            "date_joined": "2012-09-16T00:07:55"
        }
    }, 
    {
        "pk": 26, 
        "model": "auth.user", 
        "fields": {
            "username": "student_13", 
            "first_name": "Sarah", 
            "last_name": "Student", 
            "is_active": true, 
            "is_superuser": false, 
            "is_staff": false, 
            "last_login": "2012-09-16T00:07:55", 
            "groups": [
                1
            ], 
            "user_permissions": [], 
            "password": "pbkdf2_sha256$10000$IJ7KNDaspEzH$7kPg5Ya6wUnZ3jom6Ug70SDwJSRZae+yDdozJW98ZjU=", 
            "email": "student_13@stanford.edu", 
            "date_joined": "2012-09-16T00:07:55"
        }
    }, 
    {
        "pk": 27, 
        "model": "auth.user", 
        "fields": {
            "username": "student_14", 
            "first_name": "Sarah", 
            "last_name": "Student", 
            "is_active": true, 
            "is_superuser": false, 
            "is_staff": false, 
            "last_login": "2012-09-16T00:07:55", 
            "groups": [
                1
            ], 
            "user_permissions": [], 
            "password": "pbkdf2_sha256$10000$yAz0JHfJKbQU$6bSTBF0xQ5CDBm8QnJRvMZbHcZm0RT/kbr0Det7uSHg=", 
            "email": "student_14@stanford.edu", 
            "date_joined": "2012-09-16T00:07:55"
        }
    }, 
    {
        "pk": 28, 
        "model": "auth.user", 
        "fields": {
            "username": "student_15", 
            "first_name": "Sarah", 
            "last_name": "Student", 
            "is_active": true, 
            "is_superuser": false, 
            "is_staff": false, 
            "last_login": "2012-09-16T00:07:55", 
            "groups": [
                1
            ], 
            "user_permissions": [], 
            "password": "pbkdf2_sha256$10000$kBgYoSeR51E4$WG97ilw3tjtZlqXs3EGQ9Hf8nkQHlTD44BCN4r4/k6Q=", 
            "email": "student_15@stanford.edu", 
            "date_joined": "2012-09-16T00:07:55"
        }
    }, 
    {
        "pk": 29, 
        "model": "auth.user", 
        "fields": {
            "username": "student_16", 
            "first_name": "Sarah", 
            "last_name": "Student", 
            "is_active": true, 
            "is_superuser": false, 
            "is_staff": false, 
            "last_login": "2012-09-16T00:07:55", 
            "groups": [
                1
            ], 
            "user_permissions": [], 
            "password": "pbkdf2_sha256$10000$wFgUoXVj87iE$ppuHQ2UwH5zObVO7tbPPCxDw3108Zc1pwfsntgi8mW8=", 
            "email": "student_16@stanford.edu", 
            "date_joined": "2012-09-16T00:07:55"
        }
    }, 
    {
        "pk": 30, 
        "model": "auth.user", 
        "fields": {
            "username": "student_17", 
            "first_name": "Sarah", 
            "last_name": "Student", 
            "is_active": true, 
            "is_superuser": false, 
            "is_staff": false, 
            "last_login": "2012-09-16T00:07:56", 
            "groups": [
                1
            ], 
            "user_permissions": [], 
            "password": "pbkdf2_sha256$10000$mybvH6U3DY91$dw4eSe6TmKIxj2fhaK6Kig/QBSd4EYD5Ef87QX2nqAE=", 
            "email": "student_17@stanford.edu", 
            "date_joined": "2012-09-16T00:07:56"
        }
    }, 
    {
        "pk": 31, 
        "model": "auth.user", 
        "fields": {
            "username": "student_18", 
            "first_name": "Sarah", 
            "last_name": "Student", 
            "is_active": true, 
            "is_superuser": false, 
            "is_staff": false, 
            "last_login": "2012-09-16T00:07:56", 
            "groups": [
                1
            ], 
            "user_permissions": [], 
            "password": "pbkdf2_sha256$10000$CC5rGRK7QxvJ$tYc5Ix+ElFdzIWGZp9+ZhVBY3FbVi8s5L8Pu/sRLVbw=", 
            "email": "student_18@stanford.edu", 
            "date_joined": "2012-09-16T00:07:56"
        }
    }, 
    {
        "pk": 32, 
        "model": "auth.user", 
        "fields": {
            "username": "student_19", 
            "first_name": "Sarah", 
            "last_name": "Student", 
            "is_active": true, 
            "is_superuser": false, 
            "is_staff": false, 
            "last_login": "2012-09-16T00:07:56", 
            "groups": [
                1
            ], 
            "user_permissions": [], 
            "password": "pbkdf2_sha256$10000$igcDi1eEbvxd$GdR/+8TFonUrrSzVQd2D/QLqMWKZrpWkEdGbVEXmsEA=", 
            "email": "student_19@stanford.edu", 
            "date_joined": "2012-09-16T00:07:56"
        }
    }, 
    {
        "pk": 33, 
        "model": "auth.user", 
        "fields": {
            "username": "student_20", 
            "first_name": "Sarah", 
            "last_name": "Student", 
            "is_active": true, 
            "is_superuser": false, 
            "is_staff": false, 
            "last_login": "2012-09-16T00:07:56", 
            "groups": [
                1
            ], 
            "user_permissions": [], 
            "password": "pbkdf2_sha256$10000$BZRKbPVlWxxv$cTPgkZOo1VgO6IlXPNR0zuIjqKJ0X/b1t0tf+sT739M=", 
            "email": "student_20@stanford.edu", 
            "date_joined": "2012-09-16T00:07:56"
        }
    }, 
    {
        "pk": 34, 
        "model": "auth.user", 
        "fields": {
            "username": "student_21", 
            "first_name": "Sarah", 
            "last_name": "Student", 
            "is_active": true, 
            "is_superuser": false, 
            "is_staff": false, 
            "last_login": "2012-09-16T00:07:56", 
            "groups": [
                1
            ], 
            "user_permissions": [], 
            "password": "pbkdf2_sha256$10000$uUCCxaL1YfOh$uKemtCwsOQBgnbk1Mk+qAJw3ojBd9YlmxJdk9UvKitM=", 
            "email": "student_21@stanford.edu", 
            "date_joined": "2012-09-16T00:07:56"
        }
    }, 
    {
        "pk": 35, 
        "model": "auth.user", 
        "fields": {
            "username": "student_22", 
            "first_name": "Sarah", 
            "last_name": "Student", 
            "is_active": true, 
            "is_superuser": false, 
            "is_staff": false, 
            "last_login": "2012-09-16T00:07:56", 
            "groups": [
                1
            ], 
            "user_permissions": [], 
            "password": "pbkdf2_sha256$10000$OuP8zQ8za18L$PYiVi2mPK2qZDIH/RXpzoPgtS6Wz3Ycz4k7nanGC0+Y=", 
            "email": "student_22@stanford.edu", 
            "date_joined": "2012-09-16T00:07:56"
        }
    }, 
    {
        "pk": 36, 
        "model": "auth.user", 
        "fields": {
            "username": "student_23", 
            "first_name": "Sarah", 
            "last_name": "Student", 
            "is_active": true, 
            "is_superuser": false, 
            "is_staff": false, 
            "last_login": "2012-09-16T00:07:56", 
            "groups": [
                1
            ], 
            "user_permissions": [], 
            "password": "pbkdf2_sha256$10000$wIrqAFZvljcv$IGRTII/AeP87ZjR5AYupCIyK3M0X07fEbaF7u15/SKQ=", 
            "email": "student_23@stanford.edu", 
            "date_joined": "2012-09-16T00:07:56"
        }
    }, 
    {
        "pk": 37, 
        "model": "auth.user", 
        "fields": {
            "username": "student_24", 
            "first_name": "Sarah", 
            "last_name": "Student", 
            "is_active": true, 
            "is_superuser": false, 
            "is_staff": false, 
            "last_login": "2012-09-16T00:07:57", 
            "groups": [
                1
            ], 
            "user_permissions": [], 
            "password": "pbkdf2_sha256$10000$vnCjDGEtVbIV$jJPJYv9SyVjN/CzEJOBso+M78iBX1vpyLuS+quJMF9w=", 
            "email": "student_24@stanford.edu", 
            "date_joined": "2012-09-16T00:07:57"
        }
    }, 
    {
        "pk": 38, 
        "model": "auth.user", 
        "fields": {
            "username": "student_25", 
            "first_name": "Sarah", 
            "last_name": "Student", 
            "is_active": true, 
            "is_superuser": false, 
            "is_staff": false, 
            "last_login": "2012-09-16T00:07:57", 
            "groups": [
                1
            ], 
            "user_permissions": [], 
            "password": "pbkdf2_sha256$10000$cZsdKaZL7mdo$+LgOs6e53wgjTXjAcZyGQs6K1SxIoHQt5PArfp46Q7A=", 
            "email": "student_25@stanford.edu", 
            "date_joined": "2012-09-16T00:07:57"
        }
    }, 
    {
        "pk": 39, 
        "model": "auth.user", 
        "fields": {
            "username": "student_26", 
            "first_name": "Sarah", 
            "last_name": "Student", 
            "is_active": true, 
            "is_superuser": false, 
            "is_staff": false, 
            "last_login": "2012-09-16T00:07:57", 
            "groups": [
                1
            ], 
            "user_permissions": [], 
            "password": "pbkdf2_sha256$10000$2YKIhlUWEY03$jGcz5qnfWu/5FiHa3T4yGRQ9V2uX6KRohhp3wORhyUo=", 
            "email": "student_26@stanford.edu", 
            "date_joined": "2012-09-16T00:07:57"
        }
    }, 
    {
        "pk": 40, 
        "model": "auth.user", 
        "fields": {
            "username": "student_27", 
            "first_name": "Sarah", 
            "last_name": "Student", 
            "is_active": true, 
            "is_superuser": false, 
            "is_staff": false, 
            "last_login": "2012-09-16T00:07:57", 
            "groups": [
                1
            ], 
            "user_permissions": [], 
            "password": "pbkdf2_sha256$10000$o7BYu2N4xoVX$MAdzjIo4rB7wJLjscZQrBm9vE0pOaboPx0pSXLJze3g=", 
            "email": "student_27@stanford.edu", 
            "date_joined": "2012-09-16T00:07:57"
        }
    }, 
    {
        "pk": 41, 
        "model": "auth.user", 
        "fields": {
            "username": "student_28", 
            "first_name": "Sarah", 
            "last_name": "Student", 
            "is_active": true, 
            "is_superuser": false, 
            "is_staff": false, 
            "last_login": "2012-09-16T00:07:57", 
            "groups": [
                1
            ], 
            "user_permissions": [], 
            "password": "pbkdf2_sha256$10000$LPxvLnQ5zPdK$BRSjrEN/+lXWV015z6+d5SZoc4NJvZAm4yVc/Cli6GI=", 
            "email": "student_28@stanford.edu", 
            "date_joined": "2012-09-16T00:07:57"
        }
    }, 
    {
        "pk": 42, 
        "model": "auth.user", 
        "fields": {
            "username": "student_29", 
            "first_name": "Sarah", 
            "last_name": "Student", 
            "is_active": true, 
            "is_superuser": false, 
            "is_staff": false, 
            "last_login": "2012-09-16T00:07:57", 
            "groups": [
                1
            ], 
            "user_permissions": [], 
            "password": "pbkdf2_sha256$10000$zBNStFSXiOhx$H04ch6kn7saTu4xQSlvYFSUUmYLvAx+DJiRGy059xcg=", 
            "email": "student_29@stanford.edu", 
            "date_joined": "2012-09-16T00:07:57"
        }
    }, 
    {
        "pk": 43, 
        "model": "auth.user", 
        "fields": {
            "username": "student_30", 
            "first_name": "Sarah", 
            "last_name": "Student", 
            "is_active": true, 
            "is_superuser": false, 
            "is_staff": false, 
            "last_login": "2012-09-16T00:07:57", 
            "groups": [
                1
            ], 
            "user_permissions": [], 
            "password": "pbkdf2_sha256$10000$spoFMYsu8vhD$fih5eIjWuy5a7R4ta7N/CvlrXOyegMIFiucaNj2y8TI=", 
            "email": "student_30@stanford.edu", 
            "date_joined": "2012-09-16T00:07:57"
        }
    }, 
    {
        "pk": 44, 
        "model": "auth.user", 
        "fields": {
            "username": "student_31", 
            "first_name": "Sarah", 
            "last_name": "Student", 
            "is_active": true, 
            "is_superuser": false, 
            "is_staff": false, 
            "last_login": "2012-09-16T00:07:58", 
            "groups": [
                1
            ], 
            "user_permissions": [], 
            "password": "pbkdf2_sha256$10000$a5d38L8FjtcS$x0zG/38Xk9VWyOFlNFrCAeonfWXX084v632jCSHH7oo=", 
            "email": "student_31@stanford.edu", 
            "date_joined": "2012-09-16T00:07:58"
        }
    }, 
    {
        "pk": 45, 
        "model": "auth.user", 
        "fields": {
            "username": "student_32", 
            "first_name": "Sarah", 
            "last_name": "Student", 
            "is_active": true, 
            "is_superuser": false, 
            "is_staff": false, 
            "last_login": "2012-09-16T00:07:58", 
            "groups": [
                1
            ], 
            "user_permissions": [], 
            "password": "pbkdf2_sha256$10000$No6UBdCvJOMz$0nOFoNMA/r99NKOxlkXjp5Ke4AtrgupYYoMj++gB8NE=", 
            "email": "student_32@stanford.edu", 
            "date_joined": "2012-09-16T00:07:58"
        }
    }, 
    {
        "pk": 46, 
        "model": "auth.user", 
        "fields": {
            "username": "student_33", 
            "first_name": "Sarah", 
            "last_name": "Student", 
            "is_active": true, 
            "is_superuser": false, 
            "is_staff": false, 
            "last_login": "2012-09-16T00:07:58", 
            "groups": [
                1
            ], 
            "user_permissions": [], 
            "password": "pbkdf2_sha256$10000$YsCaJImLEhyd$FeqndzktCJt3FlrACw1+2xDhYLkepsqJ9oUrBV6shiY=", 
            "email": "student_33@stanford.edu", 
            "date_joined": "2012-09-16T00:07:58"
        }
    }, 
    {
        "pk": 47, 
        "model": "auth.user", 
        "fields": {
            "username": "student_34", 
            "first_name": "Sarah", 
            "last_name": "Student", 
            "is_active": true, 
            "is_superuser": false, 
            "is_staff": false, 
            "last_login": "2012-09-16T00:07:58", 
            "groups": [
                1
            ], 
            "user_permissions": [], 
            "password": "pbkdf2_sha256$10000$OGG2AARFbfGN$WJtR4ax4tlFxHdqWgtB/FdOvlmQ0GSjeM6OLp5MlNN4=", 
            "email": "student_34@stanford.edu", 
            "date_joined": "2012-09-16T00:07:58"
        }
    }, 
    {
        "pk": 48, 
        "model": "auth.user", 
        "fields": {
            "username": "student_35", 
            "first_name": "Sarah", 
            "last_name": "Student", 
            "is_active": true, 
            "is_superuser": false, 
            "is_staff": false, 
            "last_login": "2012-09-16T00:07:58", 
            "groups": [
                1
            ], 
            "user_permissions": [], 
            "password": "pbkdf2_sha256$10000$83W4WuXOCk9S$K6KFN43nXSFn2zo+SOo4WYG+CS5fP/7Ds9jgXzxHgyU=", 
            "email": "student_35@stanford.edu", 
            "date_joined": "2012-09-16T00:07:58"
        }
    }, 
    {
        "pk": 49, 
        "model": "auth.user", 
        "fields": {
            "username": "student_36", 
            "first_name": "Sarah", 
            "last_name": "Student", 
            "is_active": true, 
            "is_superuser": false, 
            "is_staff": false, 
            "last_login": "2012-09-16T00:07:58", 
            "groups": [
                1
            ], 
            "user_permissions": [], 
            "password": "pbkdf2_sha256$10000$OsBWqeHrsYpn$gf5c8oNuERT0fr38GGDbVokwmew9We8H0JkWTtBKPEg=", 
            "email": "student_36@stanford.edu", 
            "date_joined": "2012-09-16T00:07:58"
        }
    }, 
    {
        "pk": 50, 
        "model": "auth.user", 
        "fields": {
            "username": "student_37", 
            "first_name": "Sarah", 
            "last_name": "Student", 
            "is_active": true, 
            "is_superuser": false, 
            "is_staff": false, 
            "last_login": "2012-09-16T00:07:59", 
            "groups": [
                1
            ], 
            "user_permissions": [], 
            "password": "pbkdf2_sha256$10000$KgpyR7KkoPnP$+lb1on0x28yx0fq8D0VuqI9S3W7ZyXuF6UGaFqKfSeU=", 
            "email": "student_37@stanford.edu", 
            "date_joined": "2012-09-16T00:07:59"
        }
    }, 
    {
        "pk": 51, 
        "model": "auth.user", 
        "fields": {
            "username": "student_38", 
            "first_name": "Sarah", 
            "last_name": "Student", 
            "is_active": true, 
            "is_superuser": false, 
            "is_staff": false, 
            "last_login": "2012-09-16T00:07:59", 
            "groups": [
                1
            ], 
            "user_permissions": [], 
            "password": "pbkdf2_sha256$10000$3fdChSZGICP4$gC4sV6xiWgFRPPz5D/5IrKA/phVIqZM7Wq846r/M150=", 
            "email": "student_38@stanford.edu", 
            "date_joined": "2012-09-16T00:07:59"
        }
    }, 
    {
        "pk": 52, 
        "model": "auth.user", 
        "fields": {
            "username": "student_39", 
            "first_name": "Sarah", 
            "last_name": "Student", 
            "is_active": true, 
            "is_superuser": false, 
            "is_staff": false, 
            "last_login": "2012-09-16T00:07:59", 
            "groups": [], 
            "user_permissions": [], 
            "password": "pbkdf2_sha256$10000$EOkNfDIM5v5t$WdAxK1ixXLhgopeHQhbNTRfH0vDAzOBydJR+ip1Tn6E=", 
            "email": "student_39@stanford.edu", 
            "date_joined": "2012-09-16T00:07:59"
        }
    }, 
    {
        "pk": 53, 
        "model": "auth.user", 
        "fields": {
            "username": "sefk_auto", 
            "first_name": "Sef", 
            "last_name": "Kloninger", 
            "is_active": true, 
            "is_superuser": false, 
            "is_staff": false, 
            "last_login": "2012-09-16T00:07:59", 
            "groups": [
                7
            ], 
            "user_permissions": [], 
            "password": "pbkdf2_sha256$10000$s7rgabDowggH$apa/uftUU8sAi6bz7yPfuFEhLlT9TvniBi+EIlpVmrg=", 
            "email": "sefklon@gmail.com", 
            "date_joined": "2012-09-16T00:07:59"
        }
    }, 
    {
        "pk": 54, 
        "model": "auth.user", 
        "fields": {
            "username": "jbau_auto", 
            "first_name": "Jason", 
            "last_name": "Bau", 
            "is_active": true, 
            "is_superuser": false, 
            "is_staff": false, 
            "last_login": "2012-09-16T00:08:00", 
            "groups": [
                6
            ], 
            "user_permissions": [], 
            "password": "pbkdf2_sha256$10000$7KrpdXI6V1zT$/5M+tj+8VOeMvbbWSMTt2Ow8gSz8q7n20R8J6ix8hJU=", 
            "email": "jbau@stanford.edu", 
            "date_joined": "2012-09-16T00:08:00"
        }
    }, 
    {
        "pk": 55, 
        "model": "auth.user", 
        "fields": {
            "username": "wescott_auto", 
            "first_name": "Mike", 
            "last_name": "Wescott", 
            "is_active": true, 
            "is_superuser": false, 
            "is_staff": false, 
            "last_login": "2012-09-16T00:08:00", 
            "groups": [
                7
            ], 
            "user_permissions": [], 
            "password": "pbkdf2_sha256$10000$hno0RVps3CEz$G437bHBsc+FmUFF0p3QgnVe3EMHPw7x0YASzcx4tqho=", 
            "email": "wescott@cs.stanford.edu", 
            "date_joined": "2012-09-16T00:08:00"
        }
    }, 
    {
        "pk": 56, 
        "model": "auth.user", 
        "fields": {
            "username": "dcadams_auto", 
            "first_name": "David", 
            "last_name": "Adams", 
            "is_active": true, 
            "is_superuser": false, 
            "is_staff": false, 
            "last_login": "2012-09-16T00:08:00", 
            "groups": [
                8
            ], 
            "user_permissions": [], 
            "password": "pbkdf2_sha256$10000$4Pg0s9Xr2tjC$xFJ60I0cg8Mlq+yOoAkBTV9poBYXUbDs0uHvX2IDh0I=", 
            "email": "dcadams@stanford.edu", 
            "date_joined": "2012-09-16T00:08:00"
        }
    }, 
    {
        "pk": 57, 
        "model": "auth.user", 
        "fields": {
            "username": "jinpa_auto", 
            "first_name": "Jane", 
            "last_name": "Manning", 
            "is_active": true, 
            "is_superuser": false, 
            "is_staff": false, 
            "last_login": "2012-09-16T00:08:00", 
            "groups": [
                5
            ], 
            "user_permissions": [], 
            "password": "pbkdf2_sha256$10000$MRois3AP6DmA$vLIFGl12geSulAkTLmG0fvVsMD+X2RICk73rEK7HoDU=", 
            "email": "jmanning@cs.stanford.edu", 
            "date_joined": "2012-09-16T00:08:00"
        }
    }, 
    {
        "pk": 58, 
        "model": "auth.user", 
        "fields": {
            "username": "halawa_auto", 
            "first_name": "Sherif", 
            "last_name": "Halawa", 
            "is_active": true, 
            "is_superuser": false, 
            "is_staff": false, 
            "last_login": "2012-09-16T00:08:00", 
            "groups": [
                5
            ], 
            "user_permissions": [], 
            "password": "pbkdf2_sha256$10000$4xRCNPeKNIWu$lFNqiG4kQM135RvubDKvY1vC4ImjJcB+NkSdS4SkwwQ=", 
            "email": "halawa@stanford.edu", 
            "date_joined": "2012-09-16T00:08:00"
        }
    }, 
    {
        "pk": 59, 
        "model": "auth.user", 
        "fields": {
            "username": "admin", 
            "first_name": "", 
            "last_name": "", 
            "is_active": true, 
            "is_superuser": true, 
            "is_staff": true, 
            "last_login": "2012-09-16T00:08:30", 
            "groups": [], 
            "user_permissions": [], 
            "password": "pbkdf2_sha256$10000$wuWkEJvQrrqy$CWSrbEpyRoBxy6rGvtp/iKLq+qrMLgyjh/zKkVin3VA=", 
            "email": "c2g-dev@cs.stanford.edu", 
            "date_joined": "2012-09-16T00:08:30"
        }
    }, 
    {
        "pk": 1, 
        "model": "c2g.course", 
        "fields": {
            "preview_only_mode": true, 
            "image": 2, 
            "time_created": "2012-09-16T00:07:59", 
            "readonly_tas_group": 4, 
            "year": 2012, 
            "last_updated": "2012-09-16T00:07:59", 
            "live_datetime": null, 
            "title": "Natural Language Processing", 
            "calendar_start": "2013-07-27", 
            "syllabus": "", 
            "list_publicly": 1, 
            "handle": "networking--Fall2012", 
            "description": "Natural language processing is the technology for dealing with our most ubiquitous product: human language, as it appears in emails, web pages, tweets, product descriptions, newspaper stories, social media, and scientific articles, in thousands of languages and varieties. In the past decade, successful natural language processing applications have become part of our everyday experience, from spelling and grammar correction in word processors to machine translation on the web, from email spam detection to automatic question answering, from detecting people's opinions about products or services to extracting appointments from your email. In this class, you'll learn the fundamental algorithms and mathematical models for human alanguage processing and how you can use them to solve practical problems in dealing with language data wherever you encounter it.", 
            "piazza_id": null, 
            "instructor_group": 2, 
            "student_group": 1, 
            "institution": 1, 
            "term": "Fall", 
            "is_deleted": 0, 
            "tas_group": 3, 
            "contact": null, 
            "calendar_end": "2013-08-12", 
            "mode": "draft"
        }
    }, 
    {
        "pk": 2, 
        "model": "c2g.course", 
        "fields": {
            "preview_only_mode": true, 
            "image": 1, 
            "time_created": "2012-09-16T00:07:59", 
            "readonly_tas_group": 4, 
            "year": 2012, 
            "last_updated": "2012-09-16T00:07:59", 
            "live_datetime": null, 
            "title": "Natural Language Processing", 
            "calendar_start": "2013-07-27", 
            "syllabus": "", 
            "list_publicly": 0, 
            "handle": "networking--Fall2012", 
            "description": "Natural language processing is the technology for dealing with our most ubiquitous product: human language, as it appears in emails, web pages, tweets, product descriptions, newspaper stories, social media, and scientific articles, in thousands of languages and varieties. In the past decade, successful natural language processing applications have become part of our everyday experience, from spelling and grammar correction in word processors to machine translation on the web, from email spam detection to automatic question answering, from detecting people's opinions about products or services to extracting appointments from your email. In this class, you'll learn the fundamental algorithms and mathematical models for human alanguage processing and how you can use them to solve practical problems in dealing with language data wherever you encounter it.", 
            "piazza_id": 1347808079, 
            "instructor_group": 2, 
            "student_group": 1, 
            "institution": 1, 
            "term": "Fall", 
            "is_deleted": 0, 
            "tas_group": 3, 
            "contact": null, 
            "calendar_end": "2013-08-12", 
            "mode": "ready"
        }
    }, 
    {
        "pk": 3, 
        "model": "c2g.course", 
        "fields": {
            "preview_only_mode": true, 
            "image": 4, 
            "time_created": "2012-09-16T00:08:00", 
            "readonly_tas_group": 8, 
            "year": 2012, 
            "last_updated": "2012-09-16T00:08:00", 
            "live_datetime": null, 
            "title": "Introductory Cryptography", 
            "calendar_start": "2013-07-27", 
            "syllabus": "", 
            "list_publicly": 1, 
            "handle": "crypto--Fall2012", 
            "description": "Cryptography is an indispensable tool for protecting information in computer systems. This course explains the inner workings of cryptographic primitives and how to correctly use them. Students will learn how to reason about the security of cryptographic constructions and how to apply this knowledge to real-world applications. The course begins with a detailed discussion of how two parties who have a shared secret key can communicate securely when a powerful adversary eavesdrops and tampers with traffic. We will examine many deployed protocols and analyze mistakes in existing systems. The second half of the course discusses public-key techniques that let two or more parties generate a shared secret key. We will cover the relevant number theory and discuss public-key encryption, digital signatures, and authentication protocols. Towards the end of the course we will cover more advanced topics such as zero-knowledge, distributed protocols such as secure auctions, and a number of privacy mechanisms. Throughout the course students will be exposed to many exciting open problems in the field.The course will include written homeworks and programming labs. The course is self-contained, however it will be helpful to have a basic understanding of discrete probability theory.", 
            "piazza_id": null, 
            "instructor_group": 6, 
            "student_group": 5, 
            "institution": 1, 
            "term": "Fall", 
            "is_deleted": 0, 
            "tas_group": 7, 
            "contact": null, 
            "calendar_end": "2013-08-12", 
            "mode": "draft"
        }
    }, 
    {
        "pk": 4, 
        "model": "c2g.course", 
        "fields": {
            "preview_only_mode": true, 
            "image": 3, 
            "time_created": "2012-09-16T00:08:00", 
            "readonly_tas_group": 8, 
            "year": 2012, 
            "last_updated": "2012-09-16T00:08:00", 
            "live_datetime": null, 
            "title": "Introductory Cryptography", 
            "calendar_start": "2013-07-27", 
            "syllabus": "", 
            "list_publicly": 0, 
            "handle": "crypto--Fall2012", 
            "description": "Cryptography is an indispensable tool for protecting information in computer systems. This course explains the inner workings of cryptographic primitives and how to correctly use them. Students will learn how to reason about the security of cryptographic constructions and how to apply this knowledge to real-world applications. The course begins with a detailed discussion of how two parties who have a shared secret key can communicate securely when a powerful adversary eavesdrops and tampers with traffic. We will examine many deployed protocols and analyze mistakes in existing systems. The second half of the course discusses public-key techniques that let two or more parties generate a shared secret key. We will cover the relevant number theory and discuss public-key encryption, digital signatures, and authentication protocols. Towards the end of the course we will cover more advanced topics such as zero-knowledge, distributed protocols such as secure auctions, and a number of privacy mechanisms. Throughout the course students will be exposed to many exciting open problems in the field.The course will include written homeworks and programming labs. The course is self-contained, however it will be helpful to have a basic understanding of discrete probability theory.", 
            "piazza_id": 1347808080, 
            "instructor_group": 6, 
            "student_group": 5, 
            "institution": 1, 
            "term": "Fall", 
            "is_deleted": 0, 
            "tas_group": 7, 
            "contact": null, 
            "calendar_end": "2013-08-12", 
            "mode": "ready"
        }
    }, 
    {
        "pk": 1, 
        "model": "c2g.announcement", 
        "fields": {
            "index": 0, 
            "live_datetime": null, 
            "last_updated": "2012-09-16T00:07:59", 
            "description": "Welcome to the course! Check out the links to announcements, news events, assignments and grades.", 
            "title": "Welcome to Natural Language Processing!", 
            "image": 2, 
            "time_created": "2012-09-16T00:07:59", 
            "course": 1, 
            "mode": "draft", 
            "owner": 1, 
            "is_deleted": 0
        }
    }, 
    {
        "pk": 2, 
        "model": "c2g.announcement", 
        "fields": {
            "index": null, 
            "live_datetime": null, 
            "last_updated": "2012-09-16T00:07:59", 
            "description": "Welcome to the course! Check out the links to announcements, news events, assignments and grades.", 
            "title": "Welcome to Natural Language Processing!", 
            "image": 1, 
            "time_created": "2012-09-16T00:07:59", 
            "course": 2, 
            "mode": "ready", 
            "owner": 1, 
            "is_deleted": 0
        }
    }, 
    {
        "pk": 3, 
        "model": "c2g.announcement", 
        "fields": {
            "index": 1, 
            "live_datetime": null, 
            "last_updated": "2012-09-16T00:07:59", 
            "description": "The first assignment has been posted.  Visit the assignments link to see the list of assignments and instructions for each assignment.  Be sure to check the additional pages for additional help. If you have any question email us at nlp@stanford.edu.", 
            "title": "Assignment 1 Out", 
            "image": 4, 
            "time_created": "2012-09-16T00:07:59", 
            "course": 1, 
            "mode": "draft", 
            "owner": 1, 
            "is_deleted": 0
        }
    }, 
    {
        "pk": 4, 
        "model": "c2g.announcement", 
        "fields": {
            "index": null, 
            "live_datetime": null, 
            "last_updated": "2012-09-16T00:07:59", 
            "description": "The first assignment has been posted.  Visit the assignments link to see the list of assignments and instructions for each assignment.  Be sure to check the additional pages for additional help. If you have any question email us at nlp@stanford.edu.", 
            "title": "Assignment 1 Out", 
            "image": 3, 
            "time_created": "2012-09-16T00:07:59", 
            "course": 2, 
            "mode": "ready", 
            "owner": 1, 
            "is_deleted": 0
        }
    }, 
    {
        "pk": 5, 
        "model": "c2g.announcement", 
        "fields": {
            "index": 2, 
            "live_datetime": null, 
            "last_updated": "2012-09-16T00:07:59", 
            "description": "Because this Friday is Friday the 13th, we do not want to take any chances so class is cancelled. Post any questions on the discussion forum if you have any questions", 
            "title": "Friday Lecture for 7/13 cancelled", 
            "image": 6, 
            "time_created": "2012-09-16T00:07:59", 
            "course": 1, 
            "mode": "draft", 
            "owner": 1, 
            "is_deleted": 0
        }
    }, 
    {
        "pk": 6, 
        "model": "c2g.announcement", 
        "fields": {
            "index": null, 
            "live_datetime": null, 
            "last_updated": "2012-09-16T00:07:59", 
            "description": "Because this Friday is Friday the 13th, we do not want to take any chances so class is cancelled. Post any questions on the discussion forum if you have any questions", 
            "title": "Friday Lecture for 7/13 cancelled", 
            "image": 5, 
            "time_created": "2012-09-16T00:07:59", 
            "course": 2, 
            "mode": "ready", 
            "owner": 1, 
            "is_deleted": 0
        }
    }, 
    {
        "pk": 7, 
        "model": "c2g.announcement", 
        "fields": {
            "index": 3, 
            "live_datetime": null, 
            "last_updated": "2012-09-16T00:07:59", 
            "description": "We will be moving the lecture room to the medical school. Sorry for any inconviniences. For those of you without a bike, I am even more sorry. See you next lecture!", 
            "title": "Lecture Room Moved", 
            "image": 8, 
            "time_created": "2012-09-16T00:07:59", 
            "course": 1, 
            "mode": "draft", 
            "owner": 1, 
            "is_deleted": 0
        }
    }, 
    {
        "pk": 8, 
        "model": "c2g.announcement", 
        "fields": {
            "index": null, 
            "live_datetime": null, 
            "last_updated": "2012-09-16T00:07:59", 
            "description": "We will be moving the lecture room to the medical school. Sorry for any inconviniences. For those of you without a bike, I am even more sorry. See you next lecture!", 
            "title": "Lecture Room Moved", 
            "image": 7, 
            "time_created": "2012-09-16T00:07:59", 
            "course": 2, 
            "mode": "ready", 
            "owner": 1, 
            "is_deleted": 0
        }
    }, 
    {
        "pk": 9, 
        "model": "c2g.announcement", 
        "fields": {
            "index": 0, 
            "live_datetime": null, 
            "last_updated": "2012-09-16T00:08:00", 
            "description": "Crypto: Welcome to the Crypto course! Check out the links to announcements, news events, assignments and grades.", 
            "title": "Welcome to Crypto 223!", 
            "image": 10, 
            "time_created": "2012-09-16T00:08:00", 
            "course": 3, 
            "mode": "draft", 
            "owner": 1, 
            "is_deleted": 0
        }
    }, 
    {
        "pk": 10, 
        "model": "c2g.announcement", 
        "fields": {
            "index": null, 
            "live_datetime": null, 
            "last_updated": "2012-09-16T00:08:00", 
            "description": "Crypto: Welcome to the Crypto course! Check out the links to announcements, news events, assignments and grades.", 
            "title": "Welcome to Crypto 223!", 
            "image": 9, 
            "time_created": "2012-09-16T00:08:00", 
            "course": 4, 
            "mode": "ready", 
            "owner": 1, 
            "is_deleted": 0
        }
    }, 
    {
        "pk": 11, 
        "model": "c2g.announcement", 
        "fields": {
            "index": 1, 
            "live_datetime": null, 
            "last_updated": "2012-09-16T00:08:00", 
            "description": "Crypto: The first assignment has been posted.  Visit the assignments link to see the list of assignments and instructions for each assignment.  Be sure to check the additional pages for additional help. If you have any question email us at nlp@stanford.edu.", 
            "title": "Crypto: Assignment 1 Still Not Out", 
            "image": 12, 
            "time_created": "2012-09-16T00:08:00", 
            "course": 3, 
            "mode": "draft", 
            "owner": 1, 
            "is_deleted": 0
        }
    }, 
    {
        "pk": 12, 
        "model": "c2g.announcement", 
        "fields": {
            "index": null, 
            "live_datetime": null, 
            "last_updated": "2012-09-16T00:08:00", 
            "description": "Crypto: The first assignment has been posted.  Visit the assignments link to see the list of assignments and instructions for each assignment.  Be sure to check the additional pages for additional help. If you have any question email us at nlp@stanford.edu.", 
            "title": "Crypto: Assignment 1 Still Not Out", 
            "image": 11, 
            "time_created": "2012-09-16T00:08:00", 
            "course": 4, 
            "mode": "ready", 
            "owner": 1, 
            "is_deleted": 0
        }
    }, 
    {
        "pk": 13, 
        "model": "c2g.announcement", 
        "fields": {
            "index": 2, 
            "live_datetime": null, 
            "last_updated": "2012-09-16T00:08:00", 
            "description": "Crypto: Because this Friday is Friday the 13th, we do not want to take any chances so class is cancelled. Post any questions on the discussion forum if you have any questions", 
            "title": "Crypto: There is no lecture room for this course", 
            "image": 14, 
            "time_created": "2012-09-16T00:08:00", 
            "course": 3, 
            "mode": "draft", 
            "owner": 1, 
            "is_deleted": 0
        }
    }, 
    {
        "pk": 14, 
        "model": "c2g.announcement", 
        "fields": {
            "index": null, 
            "live_datetime": null, 
            "last_updated": "2012-09-16T00:08:00", 
            "description": "Crypto: Because this Friday is Friday the 13th, we do not want to take any chances so class is cancelled. Post any questions on the discussion forum if you have any questions", 
            "title": "Crypto: There is no lecture room for this course", 
            "image": 13, 
            "time_created": "2012-09-16T00:08:00", 
            "course": 4, 
            "mode": "ready", 
            "owner": 1, 
            "is_deleted": 0
        }
    }, 
    {
        "pk": 15, 
        "model": "c2g.announcement", 
        "fields": {
            "index": 3, 
            "live_datetime": null, 
            "last_updated": "2012-09-16T00:08:00", 
            "description": "Crypto: We will be moving the lecture room to the medical school. Sorry for any inconviniences. For those of you without a bike, I am even more sorry. See you next lecture!", 
            "title": "Crypto: Yet another assignment.", 
            "image": 16, 
            "time_created": "2012-09-16T00:08:00", 
            "course": 3, 
            "mode": "draft", 
            "owner": 1, 
            "is_deleted": 0
        }
    }, 
    {
        "pk": 16, 
        "model": "c2g.announcement", 
        "fields": {
            "index": null, 
            "live_datetime": null, 
            "last_updated": "2012-09-16T00:08:00", 
            "description": "Crypto: We will be moving the lecture room to the medical school. Sorry for any inconviniences. For those of you without a bike, I am even more sorry. See you next lecture!", 
            "title": "Crypto: Yet another assignment.", 
            "image": 15, 
            "time_created": "2012-09-16T00:08:00", 
            "course": 4, 
            "mode": "ready", 
            "owner": 1, 
            "is_deleted": 0
        }
    }, 
    {
        "pk": 1, 
        "model": "c2g.userprofile", 
        "fields": {
            "referrer_first": null, 
            "client_ip": null, 
            "user_agent": null, 
            "last_updated": "2012-09-16T00:07:51", 
            "gender": null, 
            "work": null, 
            "time_created": "2012-09-16T00:07:51", 
            "client_ip_first": null, 
            "accept_language_first": null, 
            "user": 1, 
            "accept_language": null, 
            "referrer": null, 
            "site_data": "", 
            "education": null, 
            "user_agent_first": null, 
            "birth_year": null
        }
    }, 
    {
        "pk": 2, 
        "model": "c2g.userprofile", 
        "fields": {
            "referrer_first": null, 
            "client_ip": null, 
            "user_agent": null, 
            "last_updated": "2012-09-16T00:07:51", 
            "gender": null, 
            "work": null, 
            "time_created": "2012-09-16T00:07:51", 
            "client_ip_first": null, 
            "accept_language_first": null, 
            "user": 2, 
            "accept_language": null, 
            "referrer": null, 
            "site_data": "", 
            "education": null, 
            "user_agent_first": null, 
            "birth_year": null
        }
    }, 
    {
        "pk": 3, 
        "model": "c2g.userprofile", 
        "fields": {
            "referrer_first": null, 
            "client_ip": null, 
            "user_agent": null, 
            "last_updated": "2012-09-16T00:07:51", 
            "gender": null, 
            "work": null, 
            "time_created": "2012-09-16T00:07:51", 
            "client_ip_first": null, 
            "accept_language_first": null, 
            "user": 3, 
            "accept_language": null, 
            "referrer": null, 
            "site_data": "", 
            "education": null, 
            "user_agent_first": null, 
            "birth_year": null
        }
    }, 
    {
        "pk": 4, 
        "model": "c2g.userprofile", 
        "fields": {
            "referrer_first": null, 
            "client_ip": null, 
            "user_agent": null, 
            "last_updated": "2012-09-16T00:07:52", 
            "gender": null, 
            "work": null, 
            "time_created": "2012-09-16T00:07:52", 
            "client_ip_first": null, 
            "accept_language_first": null, 
            "user": 4, 
            "accept_language": null, 
            "referrer": null, 
            "site_data": "", 
            "education": null, 
            "user_agent_first": null, 
            "birth_year": null
        }
    }, 
    {
        "pk": 5, 
        "model": "c2g.userprofile", 
        "fields": {
            "referrer_first": null, 
            "client_ip": null, 
            "user_agent": null, 
            "last_updated": "2012-09-16T00:07:52", 
            "gender": null, 
            "work": null, 
            "time_created": "2012-09-16T00:07:52", 
            "client_ip_first": null, 
            "accept_language_first": null, 
            "user": 5, 
            "accept_language": null, 
            "referrer": null, 
            "site_data": "", 
            "education": null, 
            "user_agent_first": null, 
            "birth_year": null
        }
    }, 
    {
        "pk": 6, 
        "model": "c2g.userprofile", 
        "fields": {
            "referrer_first": null, 
            "client_ip": null, 
            "user_agent": null, 
            "last_updated": "2012-09-16T00:07:52", 
            "gender": null, 
            "work": null, 
            "time_created": "2012-09-16T00:07:52", 
            "client_ip_first": null, 
            "accept_language_first": null, 
            "user": 6, 
            "accept_language": null, 
            "referrer": null, 
            "site_data": "", 
            "education": null, 
            "user_agent_first": null, 
            "birth_year": null
        }
    }, 
    {
        "pk": 7, 
        "model": "c2g.userprofile", 
        "fields": {
            "referrer_first": null, 
            "client_ip": null, 
            "user_agent": null, 
            "last_updated": "2012-09-16T00:07:52", 
            "gender": null, 
            "work": null, 
            "time_created": "2012-09-16T00:07:52", 
            "client_ip_first": null, 
            "accept_language_first": null, 
            "user": 7, 
            "accept_language": null, 
            "referrer": null, 
            "site_data": "", 
            "education": null, 
            "user_agent_first": null, 
            "birth_year": null
        }
    }, 
    {
        "pk": 8, 
        "model": "c2g.userprofile", 
        "fields": {
            "referrer_first": null, 
            "client_ip": null, 
            "user_agent": null, 
            "last_updated": "2012-09-16T00:07:52", 
            "gender": null, 
            "work": null, 
            "time_created": "2012-09-16T00:07:52", 
            "client_ip_first": null, 
            "accept_language_first": null, 
            "user": 8, 
            "accept_language": null, 
            "referrer": null, 
            "site_data": "", 
            "education": null, 
            "user_agent_first": null, 
            "birth_year": null
        }
    }, 
    {
        "pk": 9, 
        "model": "c2g.userprofile", 
        "fields": {
            "referrer_first": null, 
            "client_ip": null, 
            "user_agent": null, 
            "last_updated": "2012-09-16T00:07:52", 
            "gender": null, 
            "work": null, 
            "time_created": "2012-09-16T00:07:52", 
            "client_ip_first": null, 
            "accept_language_first": null, 
            "user": 9, 
            "accept_language": null, 
            "referrer": null, 
            "site_data": "", 
            "education": null, 
            "user_agent_first": null, 
            "birth_year": null
        }
    }, 
    {
        "pk": 10, 
        "model": "c2g.userprofile", 
        "fields": {
            "referrer_first": null, 
            "client_ip": null, 
            "user_agent": null, 
            "last_updated": "2012-09-16T00:07:52", 
            "gender": null, 
            "work": null, 
            "time_created": "2012-09-16T00:07:52", 
            "client_ip_first": null, 
            "accept_language_first": null, 
            "user": 10, 
            "accept_language": null, 
            "referrer": null, 
            "site_data": "", 
            "education": null, 
            "user_agent_first": null, 
            "birth_year": null
        }
    }, 
    {
        "pk": 11, 
        "model": "c2g.userprofile", 
        "fields": {
            "referrer_first": null, 
            "client_ip": null, 
            "user_agent": null, 
            "last_updated": "2012-09-16T00:07:53", 
            "gender": null, 
            "work": null, 
            "time_created": "2012-09-16T00:07:53", 
            "client_ip_first": null, 
            "accept_language_first": null, 
            "user": 11, 
            "accept_language": null, 
            "referrer": null, 
            "site_data": "", 
            "education": null, 
            "user_agent_first": null, 
            "birth_year": null
        }
    }, 
    {
        "pk": 12, 
        "model": "c2g.userprofile", 
        "fields": {
            "referrer_first": null, 
            "client_ip": null, 
            "user_agent": null, 
            "last_updated": "2012-09-16T00:07:53", 
            "gender": null, 
            "work": null, 
            "time_created": "2012-09-16T00:07:53", 
            "client_ip_first": null, 
            "accept_language_first": null, 
            "user": 12, 
            "accept_language": null, 
            "referrer": null, 
            "site_data": "", 
            "education": null, 
            "user_agent_first": null, 
            "birth_year": null
        }
    }, 
    {
        "pk": 13, 
        "model": "c2g.userprofile", 
        "fields": {
            "referrer_first": null, 
            "client_ip": null, 
            "user_agent": null, 
            "last_updated": "2012-09-16T00:07:53", 
            "gender": null, 
            "work": null, 
            "time_created": "2012-09-16T00:07:53", 
            "client_ip_first": null, 
            "accept_language_first": null, 
            "user": 13, 
            "accept_language": null, 
            "referrer": null, 
            "site_data": "", 
            "education": null, 
            "user_agent_first": null, 
            "birth_year": null
        }
    }, 
    {
        "pk": 14, 
        "model": "c2g.userprofile", 
        "fields": {
            "referrer_first": null, 
            "client_ip": null, 
            "user_agent": null, 
            "last_updated": "2012-09-16T00:07:53", 
            "gender": null, 
            "work": null, 
            "time_created": "2012-09-16T00:07:53", 
            "client_ip_first": null, 
            "accept_language_first": null, 
            "user": 14, 
            "accept_language": null, 
            "referrer": null, 
            "site_data": "", 
            "education": null, 
            "user_agent_first": null, 
            "birth_year": null
        }
    }, 
    {
        "pk": 15, 
        "model": "c2g.userprofile", 
        "fields": {
            "referrer_first": null, 
            "client_ip": null, 
            "user_agent": null, 
            "last_updated": "2012-09-16T00:07:53", 
            "gender": null, 
            "work": null, 
            "time_created": "2012-09-16T00:07:53", 
            "client_ip_first": null, 
            "accept_language_first": null, 
            "user": 15, 
            "accept_language": null, 
            "referrer": null, 
            "site_data": "", 
            "education": null, 
            "user_agent_first": null, 
            "birth_year": null
        }
    }, 
    {
        "pk": 16, 
        "model": "c2g.userprofile", 
        "fields": {
            "referrer_first": null, 
            "client_ip": null, 
            "user_agent": null, 
            "last_updated": "2012-09-16T00:07:53", 
            "gender": null, 
            "work": null, 
            "time_created": "2012-09-16T00:07:53", 
            "client_ip_first": null, 
            "accept_language_first": null, 
            "user": 16, 
            "accept_language": null, 
            "referrer": null, 
            "site_data": "", 
            "education": null, 
            "user_agent_first": null, 
            "birth_year": null
        }
    }, 
    {
        "pk": 17, 
        "model": "c2g.userprofile", 
        "fields": {
            "referrer_first": null, 
            "client_ip": null, 
            "user_agent": null, 
            "last_updated": "2012-09-16T00:07:54", 
            "gender": null, 
            "work": null, 
            "time_created": "2012-09-16T00:07:54", 
            "client_ip_first": null, 
            "accept_language_first": null, 
            "user": 17, 
            "accept_language": null, 
            "referrer": null, 
            "site_data": "", 
            "education": null, 
            "user_agent_first": null, 
            "birth_year": null
        }
    }, 
    {
        "pk": 18, 
        "model": "c2g.userprofile", 
        "fields": {
            "referrer_first": null, 
            "client_ip": null, 
            "user_agent": null, 
            "last_updated": "2012-09-16T00:07:54", 
            "gender": null, 
            "work": null, 
            "time_created": "2012-09-16T00:07:54", 
            "client_ip_first": null, 
            "accept_language_first": null, 
            "user": 18, 
            "accept_language": null, 
            "referrer": null, 
            "site_data": "", 
            "education": null, 
            "user_agent_first": null, 
            "birth_year": null
        }
    }, 
    {
        "pk": 19, 
        "model": "c2g.userprofile", 
        "fields": {
            "referrer_first": null, 
            "client_ip": null, 
            "user_agent": null, 
            "last_updated": "2012-09-16T00:07:54", 
            "gender": null, 
            "work": null, 
            "time_created": "2012-09-16T00:07:54", 
            "client_ip_first": null, 
            "accept_language_first": null, 
            "user": 19, 
            "accept_language": null, 
            "referrer": null, 
            "site_data": "", 
            "education": null, 
            "user_agent_first": null, 
            "birth_year": null
        }
    }, 
    {
        "pk": 20, 
        "model": "c2g.userprofile", 
        "fields": {
            "referrer_first": null, 
            "client_ip": null, 
            "user_agent": null, 
            "last_updated": "2012-09-16T00:07:54", 
            "gender": null, 
            "work": null, 
            "time_created": "2012-09-16T00:07:54", 
            "client_ip_first": null, 
            "accept_language_first": null, 
            "user": 20, 
            "accept_language": null, 
            "referrer": null, 
            "site_data": "", 
            "education": null, 
            "user_agent_first": null, 
            "birth_year": null
        }
    }, 
    {
        "pk": 21, 
        "model": "c2g.userprofile", 
        "fields": {
            "referrer_first": null, 
            "client_ip": null, 
            "user_agent": null, 
            "last_updated": "2012-09-16T00:07:54", 
            "gender": null, 
            "work": null, 
            "time_created": "2012-09-16T00:07:54", 
            "client_ip_first": null, 
            "accept_language_first": null, 
            "user": 21, 
            "accept_language": null, 
            "referrer": null, 
            "site_data": "", 
            "education": null, 
            "user_agent_first": null, 
            "birth_year": null
        }
    }, 
    {
        "pk": 22, 
        "model": "c2g.userprofile", 
        "fields": {
            "referrer_first": null, 
            "client_ip": null, 
            "user_agent": null, 
            "last_updated": "2012-09-16T00:07:54", 
            "gender": null, 
            "work": null, 
            "time_created": "2012-09-16T00:07:54", 
            "client_ip_first": null, 
            "accept_language_first": null, 
            "user": 22, 
            "accept_language": null, 
            "referrer": null, 
            "site_data": "", 
            "education": null, 
            "user_agent_first": null, 
            "birth_year": null
        }
    }, 
    {
        "pk": 23, 
        "model": "c2g.userprofile", 
        "fields": {
            "referrer_first": null, 
            "client_ip": null, 
            "user_agent": null, 
            "last_updated": "2012-09-16T00:07:54", 
            "gender": null, 
            "work": null, 
            "time_created": "2012-09-16T00:07:54", 
            "client_ip_first": null, 
            "accept_language_first": null, 
            "user": 23, 
            "accept_language": null, 
            "referrer": null, 
            "site_data": "", 
            "education": null, 
            "user_agent_first": null, 
            "birth_year": null
        }
    }, 
    {
        "pk": 24, 
        "model": "c2g.userprofile", 
        "fields": {
            "referrer_first": null, 
            "client_ip": null, 
            "user_agent": null, 
            "last_updated": "2012-09-16T00:07:55", 
            "gender": null, 
            "work": null, 
            "time_created": "2012-09-16T00:07:55", 
            "client_ip_first": null, 
            "accept_language_first": null, 
            "user": 24, 
            "accept_language": null, 
            "referrer": null, 
            "site_data": "", 
            "education": null, 
            "user_agent_first": null, 
            "birth_year": null
        }
    }, 
    {
        "pk": 25, 
        "model": "c2g.userprofile", 
        "fields": {
            "referrer_first": null, 
            "client_ip": null, 
            "user_agent": null, 
            "last_updated": "2012-09-16T00:07:55", 
            "gender": null, 
            "work": null, 
            "time_created": "2012-09-16T00:07:55", 
            "client_ip_first": null, 
            "accept_language_first": null, 
            "user": 25, 
            "accept_language": null, 
            "referrer": null, 
            "site_data": "", 
            "education": null, 
            "user_agent_first": null, 
            "birth_year": null
        }
    }, 
    {
        "pk": 26, 
        "model": "c2g.userprofile", 
        "fields": {
            "referrer_first": null, 
            "client_ip": null, 
            "user_agent": null, 
            "last_updated": "2012-09-16T00:07:55", 
            "gender": null, 
            "work": null, 
            "time_created": "2012-09-16T00:07:55", 
            "client_ip_first": null, 
            "accept_language_first": null, 
            "user": 26, 
            "accept_language": null, 
            "referrer": null, 
            "site_data": "", 
            "education": null, 
            "user_agent_first": null, 
            "birth_year": null
        }
    }, 
    {
        "pk": 27, 
        "model": "c2g.userprofile", 
        "fields": {
            "referrer_first": null, 
            "client_ip": null, 
            "user_agent": null, 
            "last_updated": "2012-09-16T00:07:55", 
            "gender": null, 
            "work": null, 
            "time_created": "2012-09-16T00:07:55", 
            "client_ip_first": null, 
            "accept_language_first": null, 
            "user": 27, 
            "accept_language": null, 
            "referrer": null, 
            "site_data": "", 
            "education": null, 
            "user_agent_first": null, 
            "birth_year": null
        }
    }, 
    {
        "pk": 28, 
        "model": "c2g.userprofile", 
        "fields": {
            "referrer_first": null, 
            "client_ip": null, 
            "user_agent": null, 
            "last_updated": "2012-09-16T00:07:55", 
            "gender": null, 
            "work": null, 
            "time_created": "2012-09-16T00:07:55", 
            "client_ip_first": null, 
            "accept_language_first": null, 
            "user": 28, 
            "accept_language": null, 
            "referrer": null, 
            "site_data": "", 
            "education": null, 
            "user_agent_first": null, 
            "birth_year": null
        }
    }, 
    {
        "pk": 29, 
        "model": "c2g.userprofile", 
        "fields": {
            "referrer_first": null, 
            "client_ip": null, 
            "user_agent": null, 
            "last_updated": "2012-09-16T00:07:55", 
            "gender": null, 
            "work": null, 
            "time_created": "2012-09-16T00:07:55", 
            "client_ip_first": null, 
            "accept_language_first": null, 
            "user": 29, 
            "accept_language": null, 
            "referrer": null, 
            "site_data": "", 
            "education": null, 
            "user_agent_first": null, 
            "birth_year": null
        }
    }, 
    {
        "pk": 30, 
        "model": "c2g.userprofile", 
        "fields": {
            "referrer_first": null, 
            "client_ip": null, 
            "user_agent": null, 
            "last_updated": "2012-09-16T00:07:56", 
            "gender": null, 
            "work": null, 
            "time_created": "2012-09-16T00:07:56", 
            "client_ip_first": null, 
            "accept_language_first": null, 
            "user": 30, 
            "accept_language": null, 
            "referrer": null, 
            "site_data": "", 
            "education": null, 
            "user_agent_first": null, 
            "birth_year": null
        }
    }, 
    {
        "pk": 31, 
        "model": "c2g.userprofile", 
        "fields": {
            "referrer_first": null, 
            "client_ip": null, 
            "user_agent": null, 
            "last_updated": "2012-09-16T00:07:56", 
            "gender": null, 
            "work": null, 
            "time_created": "2012-09-16T00:07:56", 
            "client_ip_first": null, 
            "accept_language_first": null, 
            "user": 31, 
            "accept_language": null, 
            "referrer": null, 
            "site_data": "", 
            "education": null, 
            "user_agent_first": null, 
            "birth_year": null
        }
    }, 
    {
        "pk": 32, 
        "model": "c2g.userprofile", 
        "fields": {
            "referrer_first": null, 
            "client_ip": null, 
            "user_agent": null, 
            "last_updated": "2012-09-16T00:07:56", 
            "gender": null, 
            "work": null, 
            "time_created": "2012-09-16T00:07:56", 
            "client_ip_first": null, 
            "accept_language_first": null, 
            "user": 32, 
            "accept_language": null, 
            "referrer": null, 
            "site_data": "", 
            "education": null, 
            "user_agent_first": null, 
            "birth_year": null
        }
    }, 
    {
        "pk": 33, 
        "model": "c2g.userprofile", 
        "fields": {
            "referrer_first": null, 
            "client_ip": null, 
            "user_agent": null, 
            "last_updated": "2012-09-16T00:07:56", 
            "gender": null, 
            "work": null, 
            "time_created": "2012-09-16T00:07:56", 
            "client_ip_first": null, 
            "accept_language_first": null, 
            "user": 33, 
            "accept_language": null, 
            "referrer": null, 
            "site_data": "", 
            "education": null, 
            "user_agent_first": null, 
            "birth_year": null
        }
    }, 
    {
        "pk": 34, 
        "model": "c2g.userprofile", 
        "fields": {
            "referrer_first": null, 
            "client_ip": null, 
            "user_agent": null, 
            "last_updated": "2012-09-16T00:07:56", 
            "gender": null, 
            "work": null, 
            "time_created": "2012-09-16T00:07:56", 
            "client_ip_first": null, 
            "accept_language_first": null, 
            "user": 34, 
            "accept_language": null, 
            "referrer": null, 
            "site_data": "", 
            "education": null, 
            "user_agent_first": null, 
            "birth_year": null
        }
    }, 
    {
        "pk": 35, 
        "model": "c2g.userprofile", 
        "fields": {
            "referrer_first": null, 
            "client_ip": null, 
            "user_agent": null, 
            "last_updated": "2012-09-16T00:07:56", 
            "gender": null, 
            "work": null, 
            "time_created": "2012-09-16T00:07:56", 
            "client_ip_first": null, 
            "accept_language_first": null, 
            "user": 35, 
            "accept_language": null, 
            "referrer": null, 
            "site_data": "", 
            "education": null, 
            "user_agent_first": null, 
            "birth_year": null
        }
    }, 
    {
        "pk": 36, 
        "model": "c2g.userprofile", 
        "fields": {
            "referrer_first": null, 
            "client_ip": null, 
            "user_agent": null, 
            "last_updated": "2012-09-16T00:07:56", 
            "gender": null, 
            "work": null, 
            "time_created": "2012-09-16T00:07:56", 
            "client_ip_first": null, 
            "accept_language_first": null, 
            "user": 36, 
            "accept_language": null, 
            "referrer": null, 
            "site_data": "", 
            "education": null, 
            "user_agent_first": null, 
            "birth_year": null
        }
    }, 
    {
        "pk": 37, 
        "model": "c2g.userprofile", 
        "fields": {
            "referrer_first": null, 
            "client_ip": null, 
            "user_agent": null, 
            "last_updated": "2012-09-16T00:07:57", 
            "gender": null, 
            "work": null, 
            "time_created": "2012-09-16T00:07:57", 
            "client_ip_first": null, 
            "accept_language_first": null, 
            "user": 37, 
            "accept_language": null, 
            "referrer": null, 
            "site_data": "", 
            "education": null, 
            "user_agent_first": null, 
            "birth_year": null
        }
    }, 
    {
        "pk": 38, 
        "model": "c2g.userprofile", 
        "fields": {
            "referrer_first": null, 
            "client_ip": null, 
            "user_agent": null, 
            "last_updated": "2012-09-16T00:07:57", 
            "gender": null, 
            "work": null, 
            "time_created": "2012-09-16T00:07:57", 
            "client_ip_first": null, 
            "accept_language_first": null, 
            "user": 38, 
            "accept_language": null, 
            "referrer": null, 
            "site_data": "", 
            "education": null, 
            "user_agent_first": null, 
            "birth_year": null
        }
    }, 
    {
        "pk": 39, 
        "model": "c2g.userprofile", 
        "fields": {
            "referrer_first": null, 
            "client_ip": null, 
            "user_agent": null, 
            "last_updated": "2012-09-16T00:07:57", 
            "gender": null, 
            "work": null, 
            "time_created": "2012-09-16T00:07:57", 
            "client_ip_first": null, 
            "accept_language_first": null, 
            "user": 39, 
            "accept_language": null, 
            "referrer": null, 
            "site_data": "", 
            "education": null, 
            "user_agent_first": null, 
            "birth_year": null
        }
    }, 
    {
        "pk": 40, 
        "model": "c2g.userprofile", 
        "fields": {
            "referrer_first": null, 
            "client_ip": null, 
            "user_agent": null, 
            "last_updated": "2012-09-16T00:07:57", 
            "gender": null, 
            "work": null, 
            "time_created": "2012-09-16T00:07:57", 
            "client_ip_first": null, 
            "accept_language_first": null, 
            "user": 40, 
            "accept_language": null, 
            "referrer": null, 
            "site_data": "", 
            "education": null, 
            "user_agent_first": null, 
            "birth_year": null
        }
    }, 
    {
        "pk": 41, 
        "model": "c2g.userprofile", 
        "fields": {
            "referrer_first": null, 
            "client_ip": null, 
            "user_agent": null, 
            "last_updated": "2012-09-16T00:07:57", 
            "gender": null, 
            "work": null, 
            "time_created": "2012-09-16T00:07:57", 
            "client_ip_first": null, 
            "accept_language_first": null, 
            "user": 41, 
            "accept_language": null, 
            "referrer": null, 
            "site_data": "", 
            "education": null, 
            "user_agent_first": null, 
            "birth_year": null
        }
    }, 
    {
        "pk": 42, 
        "model": "c2g.userprofile", 
        "fields": {
            "referrer_first": null, 
            "client_ip": null, 
            "user_agent": null, 
            "last_updated": "2012-09-16T00:07:57", 
            "gender": null, 
            "work": null, 
            "time_created": "2012-09-16T00:07:57", 
            "client_ip_first": null, 
            "accept_language_first": null, 
            "user": 42, 
            "accept_language": null, 
            "referrer": null, 
            "site_data": "", 
            "education": null, 
            "user_agent_first": null, 
            "birth_year": null
        }
    }, 
    {
        "pk": 43, 
        "model": "c2g.userprofile", 
        "fields": {
            "referrer_first": null, 
            "client_ip": null, 
            "user_agent": null, 
            "last_updated": "2012-09-16T00:07:57", 
            "gender": null, 
            "work": null, 
            "time_created": "2012-09-16T00:07:57", 
            "client_ip_first": null, 
            "accept_language_first": null, 
            "user": 43, 
            "accept_language": null, 
            "referrer": null, 
            "site_data": "", 
            "education": null, 
            "user_agent_first": null, 
            "birth_year": null
        }
    }, 
    {
        "pk": 44, 
        "model": "c2g.userprofile", 
        "fields": {
            "referrer_first": null, 
            "client_ip": null, 
            "user_agent": null, 
            "last_updated": "2012-09-16T00:07:58", 
            "gender": null, 
            "work": null, 
            "time_created": "2012-09-16T00:07:58", 
            "client_ip_first": null, 
            "accept_language_first": null, 
            "user": 44, 
            "accept_language": null, 
            "referrer": null, 
            "site_data": "", 
            "education": null, 
            "user_agent_first": null, 
            "birth_year": null
        }
    }, 
    {
        "pk": 45, 
        "model": "c2g.userprofile", 
        "fields": {
            "referrer_first": null, 
            "client_ip": null, 
            "user_agent": null, 
            "last_updated": "2012-09-16T00:07:58", 
            "gender": null, 
            "work": null, 
            "time_created": "2012-09-16T00:07:58", 
            "client_ip_first": null, 
            "accept_language_first": null, 
            "user": 45, 
            "accept_language": null, 
            "referrer": null, 
            "site_data": "", 
            "education": null, 
            "user_agent_first": null, 
            "birth_year": null
        }
    }, 
    {
        "pk": 46, 
        "model": "c2g.userprofile", 
        "fields": {
            "referrer_first": null, 
            "client_ip": null, 
            "user_agent": null, 
            "last_updated": "2012-09-16T00:07:58", 
            "gender": null, 
            "work": null, 
            "time_created": "2012-09-16T00:07:58", 
            "client_ip_first": null, 
            "accept_language_first": null, 
            "user": 46, 
            "accept_language": null, 
            "referrer": null, 
            "site_data": "", 
            "education": null, 
            "user_agent_first": null, 
            "birth_year": null
        }
    }, 
    {
        "pk": 47, 
        "model": "c2g.userprofile", 
        "fields": {
            "referrer_first": null, 
            "client_ip": null, 
            "user_agent": null, 
            "last_updated": "2012-09-16T00:07:58", 
            "gender": null, 
            "work": null, 
            "time_created": "2012-09-16T00:07:58", 
            "client_ip_first": null, 
            "accept_language_first": null, 
            "user": 47, 
            "accept_language": null, 
            "referrer": null, 
            "site_data": "", 
            "education": null, 
            "user_agent_first": null, 
            "birth_year": null
        }
    }, 
    {
        "pk": 48, 
        "model": "c2g.userprofile", 
        "fields": {
            "referrer_first": null, 
            "client_ip": null, 
            "user_agent": null, 
            "last_updated": "2012-09-16T00:07:58", 
            "gender": null, 
            "work": null, 
            "time_created": "2012-09-16T00:07:58", 
            "client_ip_first": null, 
            "accept_language_first": null, 
            "user": 48, 
            "accept_language": null, 
            "referrer": null, 
            "site_data": "", 
            "education": null, 
            "user_agent_first": null, 
            "birth_year": null
        }
    }, 
    {
        "pk": 49, 
        "model": "c2g.userprofile", 
        "fields": {
            "referrer_first": null, 
            "client_ip": null, 
            "user_agent": null, 
            "last_updated": "2012-09-16T00:07:58", 
            "gender": null, 
            "work": null, 
            "time_created": "2012-09-16T00:07:58", 
            "client_ip_first": null, 
            "accept_language_first": null, 
            "user": 49, 
            "accept_language": null, 
            "referrer": null, 
            "site_data": "", 
            "education": null, 
            "user_agent_first": null, 
            "birth_year": null
        }
    }, 
    {
        "pk": 50, 
        "model": "c2g.userprofile", 
        "fields": {
            "referrer_first": null, 
            "client_ip": null, 
            "user_agent": null, 
            "last_updated": "2012-09-16T00:07:59", 
            "gender": null, 
            "work": null, 
            "time_created": "2012-09-16T00:07:59", 
            "client_ip_first": null, 
            "accept_language_first": null, 
            "user": 50, 
            "accept_language": null, 
            "referrer": null, 
            "site_data": "", 
            "education": null, 
            "user_agent_first": null, 
            "birth_year": null
        }
    }, 
    {
        "pk": 51, 
        "model": "c2g.userprofile", 
        "fields": {
            "referrer_first": null, 
            "client_ip": null, 
            "user_agent": null, 
            "last_updated": "2012-09-16T00:07:59", 
            "gender": null, 
            "work": null, 
            "time_created": "2012-09-16T00:07:59", 
            "client_ip_first": null, 
            "accept_language_first": null, 
            "user": 51, 
            "accept_language": null, 
            "referrer": null, 
            "site_data": "", 
            "education": null, 
            "user_agent_first": null, 
            "birth_year": null
        }
    }, 
    {
        "pk": 52, 
        "model": "c2g.userprofile", 
        "fields": {
            "referrer_first": null, 
            "client_ip": null, 
            "user_agent": null, 
            "last_updated": "2012-09-16T00:07:59", 
            "gender": null, 
            "work": null, 
            "time_created": "2012-09-16T00:07:59", 
            "client_ip_first": null, 
            "accept_language_first": null, 
            "user": 52, 
            "accept_language": null, 
            "referrer": null, 
            "site_data": "", 
            "education": null, 
            "user_agent_first": null, 
            "birth_year": null
        }
    }, 
    {
        "pk": 53, 
        "model": "c2g.userprofile", 
        "fields": {
            "referrer_first": null, 
            "client_ip": null, 
            "user_agent": null, 
            "last_updated": "2012-09-16T00:07:59", 
            "gender": null, 
            "work": null, 
            "time_created": "2012-09-16T00:07:59", 
            "client_ip_first": null, 
            "accept_language_first": null, 
            "user": 53, 
            "accept_language": null, 
            "referrer": null, 
            "site_data": "", 
            "education": null, 
            "user_agent_first": null, 
            "birth_year": null
        }
    }, 
    {
        "pk": 54, 
        "model": "c2g.userprofile", 
        "fields": {
            "referrer_first": null, 
            "client_ip": null, 
            "user_agent": null, 
            "last_updated": "2012-09-16T00:08:00", 
            "gender": null, 
            "work": null, 
            "time_created": "2012-09-16T00:08:00", 
            "client_ip_first": null, 
            "accept_language_first": null, 
            "user": 54, 
            "accept_language": null, 
            "referrer": null, 
            "site_data": "", 
            "education": null, 
            "user_agent_first": null, 
            "birth_year": null
        }
    }, 
    {
        "pk": 55, 
        "model": "c2g.userprofile", 
        "fields": {
            "referrer_first": null, 
            "client_ip": null, 
            "user_agent": null, 
            "last_updated": "2012-09-16T00:08:00", 
            "gender": null, 
            "work": null, 
            "time_created": "2012-09-16T00:08:00", 
            "client_ip_first": null, 
            "accept_language_first": null, 
            "user": 55, 
            "accept_language": null, 
            "referrer": null, 
            "site_data": "", 
            "education": null, 
            "user_agent_first": null, 
            "birth_year": null
        }
    }, 
    {
        "pk": 56, 
        "model": "c2g.userprofile", 
        "fields": {
            "referrer_first": null, 
            "client_ip": null, 
            "user_agent": null, 
            "last_updated": "2012-09-16T00:08:00", 
            "gender": null, 
            "work": null, 
            "time_created": "2012-09-16T00:08:00", 
            "client_ip_first": null, 
            "accept_language_first": null, 
            "user": 56, 
            "accept_language": null, 
            "referrer": null, 
            "site_data": "", 
            "education": null, 
            "user_agent_first": null, 
            "birth_year": null
        }
    }, 
    {
        "pk": 57, 
        "model": "c2g.userprofile", 
        "fields": {
            "referrer_first": null, 
            "client_ip": null, 
            "user_agent": null, 
            "last_updated": "2012-09-16T00:08:00", 
            "gender": null, 
            "work": null, 
            "time_created": "2012-09-16T00:08:00", 
            "client_ip_first": null, 
            "accept_language_first": null, 
            "user": 57, 
            "accept_language": null, 
            "referrer": null, 
            "site_data": "", 
            "education": null, 
            "user_agent_first": null, 
            "birth_year": null
        }
    }, 
    {
        "pk": 58, 
        "model": "c2g.userprofile", 
        "fields": {
            "referrer_first": null, 
            "client_ip": null, 
            "user_agent": null, 
            "last_updated": "2012-09-16T00:08:00", 
            "gender": null, 
            "work": null, 
            "time_created": "2012-09-16T00:08:00", 
            "client_ip_first": null, 
            "accept_language_first": null, 
            "user": 58, 
            "accept_language": null, 
            "referrer": null, 
            "site_data": "", 
            "education": null, 
            "user_agent_first": null, 
            "birth_year": null
        }
    }, 
    {
        "pk": 59, 
        "model": "c2g.userprofile", 
        "fields": {
            "referrer_first": null, 
            "client_ip": null, 
            "user_agent": null, 
            "last_updated": "2012-09-16T00:08:30", 
            "gender": null, 
            "work": null, 
            "time_created": "2012-09-16T00:08:30", 
            "client_ip_first": null, 
            "accept_language_first": null, 
            "user": 59, 
            "accept_language": null, 
            "referrer": null, 
            "site_data": "", 
            "education": null, 
            "user_agent_first": null, 
            "birth_year": null
        }
    }, 
    {
        "pk": 1, 
        "model": "c2g.videoactivity", 
        "fields": {
            "course": 1, 
            "video": 2, 
            "student": 13, 
            "start_seconds": 592
        }
    }, 
    {
        "pk": 2, 
        "model": "c2g.videoactivity", 
        "fields": {
            "course": 1, 
            "video": 2, 
            "student": 14, 
            "start_seconds": 35
        }
    }, 
    {
        "pk": 3, 
        "model": "c2g.videoactivity", 
        "fields": {
            "course": 1, 
            "video": 2, 
            "student": 15, 
            "start_seconds": 715
        }
    }, 
    {
        "pk": 4, 
        "model": "c2g.videoactivity", 
        "fields": {
            "course": 1, 
            "video": 2, 
            "student": 16, 
            "start_seconds": 691
        }
    }, 
    {
        "pk": 5, 
        "model": "c2g.videoactivity", 
        "fields": {
            "course": 1, 
            "video": 2, 
            "student": 17, 
            "start_seconds": 3
        }
    }, 
    {
        "pk": 6, 
        "model": "c2g.videoactivity", 
        "fields": {
            "course": 1, 
            "video": 2, 
            "student": 18, 
            "start_seconds": 409
        }
    }, 
    {
        "pk": 7, 
        "model": "c2g.videoactivity", 
        "fields": {
            "course": 1, 
            "video": 2, 
            "student": 19, 
            "start_seconds": 489
        }
    }, 
    {
        "pk": 8, 
        "model": "c2g.videoactivity", 
        "fields": {
            "course": 1, 
            "video": 2, 
            "student": 20, 
            "start_seconds": 559
        }
    }, 
    {
        "pk": 9, 
        "model": "c2g.videoactivity", 
        "fields": {
            "course": 1, 
            "video": 2, 
            "student": 21, 
            "start_seconds": 300
        }
    }, 
    {
        "pk": 10, 
        "model": "c2g.videoactivity", 
        "fields": {
            "course": 1, 
            "video": 2, 
            "student": 22, 
            "start_seconds": 181
        }
    }, 
    {
        "pk": 11, 
        "model": "c2g.videoactivity", 
        "fields": {
            "course": 1, 
            "video": 2, 
            "student": 23, 
            "start_seconds": 168
        }
    }, 
    {
        "pk": 12, 
        "model": "c2g.videoactivity", 
        "fields": {
            "course": 1, 
            "video": 2, 
            "student": 24, 
            "start_seconds": 174
        }
    }, 
    {
        "pk": 13, 
        "model": "c2g.videoactivity", 
        "fields": {
            "course": 1, 
            "video": 2, 
            "student": 25, 
            "start_seconds": 384
        }
    }, 
    {
        "pk": 14, 
        "model": "c2g.videoactivity", 
        "fields": {
            "course": 1, 
            "video": 2, 
            "student": 26, 
            "start_seconds": 739
        }
    }, 
    {
        "pk": 15, 
        "model": "c2g.videoactivity", 
        "fields": {
            "course": 1, 
            "video": 2, 
            "student": 27, 
            "start_seconds": 259
        }
    }, 
    {
        "pk": 16, 
        "model": "c2g.videoactivity", 
        "fields": {
            "course": 1, 
            "video": 2, 
            "student": 28, 
            "start_seconds": 150
        }
    }, 
    {
        "pk": 17, 
        "model": "c2g.videoactivity", 
        "fields": {
            "course": 1, 
            "video": 2, 
            "student": 29, 
            "start_seconds": 15
        }
    }, 
    {
        "pk": 18, 
        "model": "c2g.videoactivity", 
        "fields": {
            "course": 1, 
            "video": 2, 
            "student": 30, 
            "start_seconds": 516
        }
    }, 
    {
        "pk": 19, 
        "model": "c2g.videoactivity", 
        "fields": {
            "course": 1, 
            "video": 2, 
            "student": 31, 
            "start_seconds": 147
        }
    }, 
    {
        "pk": 20, 
        "model": "c2g.videoactivity", 
        "fields": {
            "course": 1, 
            "video": 2, 
            "student": 32, 
            "start_seconds": 22
        }
    }, 
    {
        "pk": 21, 
        "model": "c2g.videoactivity", 
        "fields": {
            "course": 1, 
            "video": 2, 
            "student": 33, 
            "start_seconds": 39
        }
    }, 
    {
        "pk": 22, 
        "model": "c2g.videoactivity", 
        "fields": {
            "course": 1, 
            "video": 2, 
            "student": 34, 
            "start_seconds": 677
        }
    }, 
    {
        "pk": 23, 
        "model": "c2g.videoactivity", 
        "fields": {
            "course": 1, 
            "video": 2, 
            "student": 35, 
            "start_seconds": 296
        }
    }, 
    {
        "pk": 24, 
        "model": "c2g.videoactivity", 
        "fields": {
            "course": 1, 
            "video": 2, 
            "student": 36, 
            "start_seconds": 488
        }
    }, 
    {
        "pk": 25, 
        "model": "c2g.videoactivity", 
        "fields": {
            "course": 1, 
            "video": 2, 
            "student": 37, 
            "start_seconds": 512
        }
    }, 
    {
        "pk": 26, 
        "model": "c2g.videoactivity", 
        "fields": {
            "course": 1, 
            "video": 2, 
            "student": 38, 
            "start_seconds": 227
        }
    }, 
    {
        "pk": 27, 
        "model": "c2g.videoactivity", 
        "fields": {
            "course": 1, 
            "video": 2, 
            "student": 39, 
            "start_seconds": 493
        }
    }, 
    {
        "pk": 28, 
        "model": "c2g.videoactivity", 
        "fields": {
            "course": 1, 
            "video": 2, 
            "student": 40, 
            "start_seconds": 159
        }
    }, 
    {
        "pk": 29, 
        "model": "c2g.videoactivity", 
        "fields": {
            "course": 1, 
            "video": 2, 
            "student": 41, 
            "start_seconds": 437
        }
    }, 
    {
        "pk": 30, 
        "model": "c2g.videoactivity", 
        "fields": {
            "course": 1, 
            "video": 2, 
            "student": 42, 
            "start_seconds": 280
        }
    }, 
    {
        "pk": 31, 
        "model": "c2g.videoactivity", 
        "fields": {
            "course": 1, 
            "video": 2, 
            "student": 43, 
            "start_seconds": 469
        }
    }, 
    {
        "pk": 32, 
        "model": "c2g.videoactivity", 
        "fields": {
            "course": 1, 
            "video": 2, 
            "student": 44, 
            "start_seconds": 91
        }
    }, 
    {
        "pk": 33, 
        "model": "c2g.videoactivity", 
        "fields": {
            "course": 1, 
            "video": 2, 
            "student": 45, 
            "start_seconds": 734
        }
    }, 
    {
        "pk": 34, 
        "model": "c2g.videoactivity", 
        "fields": {
            "course": 1, 
            "video": 2, 
            "student": 46, 
            "start_seconds": 316
        }
    }, 
    {
        "pk": 35, 
        "model": "c2g.videoactivity", 
        "fields": {
            "course": 1, 
            "video": 2, 
            "student": 47, 
            "start_seconds": 137
        }
    }, 
    {
        "pk": 36, 
        "model": "c2g.videoactivity", 
        "fields": {
            "course": 1, 
            "video": 2, 
            "student": 48, 
            "start_seconds": 3
        }
    }, 
    {
        "pk": 37, 
        "model": "c2g.videoactivity", 
        "fields": {
            "course": 1, 
            "video": 2, 
            "student": 49, 
            "start_seconds": 609
        }
    }, 
    {
        "pk": 38, 
        "model": "c2g.videoactivity", 
        "fields": {
            "course": 1, 
            "video": 2, 
            "student": 50, 
            "start_seconds": 427
        }
    }, 
    {
        "pk": 39, 
        "model": "c2g.videoactivity", 
        "fields": {
            "course": 1, 
            "video": 2, 
            "student": 51, 
            "start_seconds": 619
        }
    }, 
    {
        "pk": 40, 
        "model": "c2g.videoactivity", 
        "fields": {
            "course": 1, 
            "video": 4, 
            "student": 13, 
            "start_seconds": 375
        }
    }, 
    {
        "pk": 41, 
        "model": "c2g.videoactivity", 
        "fields": {
            "course": 1, 
            "video": 4, 
            "student": 14, 
            "start_seconds": 56
        }
    }, 
    {
        "pk": 42, 
        "model": "c2g.videoactivity", 
        "fields": {
            "course": 1, 
            "video": 4, 
            "student": 15, 
            "start_seconds": 508
        }
    }, 
    {
        "pk": 43, 
        "model": "c2g.videoactivity", 
        "fields": {
            "course": 1, 
            "video": 4, 
            "student": 16, 
            "start_seconds": 505
        }
    }, 
    {
        "pk": 44, 
        "model": "c2g.videoactivity", 
        "fields": {
            "course": 1, 
            "video": 4, 
            "student": 17, 
            "start_seconds": 152
        }
    }, 
    {
        "pk": 45, 
        "model": "c2g.videoactivity", 
        "fields": {
            "course": 1, 
            "video": 4, 
            "student": 18, 
            "start_seconds": 592
        }
    }, 
    {
        "pk": 46, 
        "model": "c2g.videoactivity", 
        "fields": {
            "course": 1, 
            "video": 4, 
            "student": 19, 
            "start_seconds": 645
        }
    }, 
    {
        "pk": 47, 
        "model": "c2g.videoactivity", 
        "fields": {
            "course": 1, 
            "video": 4, 
            "student": 20, 
            "start_seconds": 493
        }
    }, 
    {
        "pk": 48, 
        "model": "c2g.videoactivity", 
        "fields": {
            "course": 1, 
            "video": 4, 
            "student": 21, 
            "start_seconds": 268
        }
    }, 
    {
        "pk": 49, 
        "model": "c2g.videoactivity", 
        "fields": {
            "course": 1, 
            "video": 4, 
            "student": 22, 
            "start_seconds": 453
        }
    }, 
    {
        "pk": 50, 
        "model": "c2g.videoactivity", 
        "fields": {
            "course": 1, 
            "video": 4, 
            "student": 23, 
            "start_seconds": 604
        }
    }, 
    {
        "pk": 51, 
        "model": "c2g.videoactivity", 
        "fields": {
            "course": 1, 
            "video": 4, 
            "student": 24, 
            "start_seconds": 483
        }
    }, 
    {
        "pk": 52, 
        "model": "c2g.videoactivity", 
        "fields": {
            "course": 1, 
            "video": 4, 
            "student": 25, 
            "start_seconds": 510
        }
    }, 
    {
        "pk": 53, 
        "model": "c2g.videoactivity", 
        "fields": {
            "course": 1, 
            "video": 4, 
            "student": 26, 
            "start_seconds": 547
        }
    }, 
    {
        "pk": 54, 
        "model": "c2g.videoactivity", 
        "fields": {
            "course": 1, 
            "video": 4, 
            "student": 27, 
            "start_seconds": 415
        }
    }, 
    {
        "pk": 55, 
        "model": "c2g.videoactivity", 
        "fields": {
            "course": 1, 
            "video": 4, 
            "student": 28, 
            "start_seconds": 249
        }
    }, 
    {
        "pk": 56, 
        "model": "c2g.videoactivity", 
        "fields": {
            "course": 1, 
            "video": 4, 
            "student": 29, 
            "start_seconds": 639
        }
    }, 
    {
        "pk": 57, 
        "model": "c2g.videoactivity", 
        "fields": {
            "course": 1, 
            "video": 4, 
            "student": 30, 
            "start_seconds": 322
        }
    }, 
    {
        "pk": 58, 
        "model": "c2g.videoactivity", 
        "fields": {
            "course": 1, 
            "video": 4, 
            "student": 31, 
            "start_seconds": 60
        }
    }, 
    {
        "pk": 59, 
        "model": "c2g.videoactivity", 
        "fields": {
            "course": 1, 
            "video": 4, 
            "student": 32, 
            "start_seconds": 652
        }
    }, 
    {
        "pk": 60, 
        "model": "c2g.videoactivity", 
        "fields": {
            "course": 1, 
            "video": 4, 
            "student": 33, 
            "start_seconds": 300
        }
    }, 
    {
        "pk": 61, 
        "model": "c2g.videoactivity", 
        "fields": {
            "course": 1, 
            "video": 4, 
            "student": 34, 
            "start_seconds": 162
        }
    }, 
    {
        "pk": 62, 
        "model": "c2g.videoactivity", 
        "fields": {
            "course": 1, 
            "video": 4, 
            "student": 35, 
            "start_seconds": 185
        }
    }, 
    {
        "pk": 63, 
        "model": "c2g.videoactivity", 
        "fields": {
            "course": 1, 
            "video": 4, 
            "student": 36, 
            "start_seconds": 603
        }
    }, 
    {
        "pk": 64, 
        "model": "c2g.videoactivity", 
        "fields": {
            "course": 1, 
            "video": 4, 
            "student": 37, 
            "start_seconds": 371
        }
    }, 
    {
        "pk": 65, 
        "model": "c2g.videoactivity", 
        "fields": {
            "course": 1, 
            "video": 4, 
            "student": 38, 
            "start_seconds": 424
        }
    }, 
    {
        "pk": 66, 
        "model": "c2g.videoactivity", 
        "fields": {
            "course": 1, 
            "video": 4, 
            "student": 39, 
            "start_seconds": 516
        }
    }, 
    {
        "pk": 67, 
        "model": "c2g.videoactivity", 
        "fields": {
            "course": 1, 
            "video": 4, 
            "student": 40, 
            "start_seconds": 496
        }
    }, 
    {
        "pk": 68, 
        "model": "c2g.videoactivity", 
        "fields": {
            "course": 1, 
            "video": 4, 
            "student": 41, 
            "start_seconds": 134
        }
    }, 
    {
        "pk": 69, 
        "model": "c2g.videoactivity", 
        "fields": {
            "course": 1, 
            "video": 4, 
            "student": 42, 
            "start_seconds": 44
        }
    }, 
    {
        "pk": 70, 
        "model": "c2g.videoactivity", 
        "fields": {
            "course": 1, 
            "video": 4, 
            "student": 43, 
            "start_seconds": 192
        }
    }, 
    {
        "pk": 71, 
        "model": "c2g.videoactivity", 
        "fields": {
            "course": 1, 
            "video": 4, 
            "student": 44, 
            "start_seconds": 619
        }
    }, 
    {
        "pk": 72, 
        "model": "c2g.videoactivity", 
        "fields": {
            "course": 1, 
            "video": 4, 
            "student": 45, 
            "start_seconds": 200
        }
    }, 
    {
        "pk": 73, 
        "model": "c2g.videoactivity", 
        "fields": {
            "course": 1, 
            "video": 4, 
            "student": 46, 
            "start_seconds": 14
        }
    }, 
    {
        "pk": 74, 
        "model": "c2g.videoactivity", 
        "fields": {
            "course": 1, 
            "video": 4, 
            "student": 47, 
            "start_seconds": 162
        }
    }, 
    {
        "pk": 75, 
        "model": "c2g.videoactivity", 
        "fields": {
            "course": 1, 
            "video": 4, 
            "student": 48, 
            "start_seconds": 380
        }
    }, 
    {
        "pk": 76, 
        "model": "c2g.videoactivity", 
        "fields": {
            "course": 1, 
            "video": 4, 
            "student": 49, 
            "start_seconds": 171
        }
    }, 
    {
        "pk": 77, 
        "model": "c2g.videoactivity", 
        "fields": {
            "course": 1, 
            "video": 4, 
            "student": 50, 
            "start_seconds": 134
        }
    }, 
    {
        "pk": 78, 
        "model": "c2g.videoactivity", 
        "fields": {
            "course": 1, 
            "video": 4, 
            "student": 51, 
            "start_seconds": 522
        }
    }, 
    {
        "pk": 79, 
        "model": "c2g.videoactivity", 
        "fields": {
            "course": 1, 
            "video": 6, 
            "student": 13, 
            "start_seconds": 199
        }
    }, 
    {
        "pk": 80, 
        "model": "c2g.videoactivity", 
        "fields": {
            "course": 1, 
            "video": 6, 
            "student": 14, 
            "start_seconds": 73
        }
    }, 
    {
        "pk": 81, 
        "model": "c2g.videoactivity", 
        "fields": {
            "course": 1, 
            "video": 6, 
            "student": 15, 
            "start_seconds": 231
        }
    }, 
    {
        "pk": 82, 
        "model": "c2g.videoactivity", 
        "fields": {
            "course": 1, 
            "video": 6, 
            "student": 16, 
            "start_seconds": 351
        }
    }, 
    {
        "pk": 83, 
        "model": "c2g.videoactivity", 
        "fields": {
            "course": 1, 
            "video": 6, 
            "student": 17, 
            "start_seconds": 87
        }
    }, 
    {
        "pk": 84, 
        "model": "c2g.videoactivity", 
        "fields": {
            "course": 1, 
            "video": 6, 
            "student": 18, 
            "start_seconds": 209
        }
    }, 
    {
        "pk": 85, 
        "model": "c2g.videoactivity", 
        "fields": {
            "course": 1, 
            "video": 6, 
            "student": 19, 
            "start_seconds": 69
        }
    }, 
    {
        "pk": 86, 
        "model": "c2g.videoactivity", 
        "fields": {
            "course": 1, 
            "video": 6, 
            "student": 20, 
            "start_seconds": 108
        }
    }, 
    {
        "pk": 87, 
        "model": "c2g.videoactivity", 
        "fields": {
            "course": 1, 
            "video": 6, 
            "student": 21, 
            "start_seconds": 89
        }
    }, 
    {
        "pk": 88, 
        "model": "c2g.videoactivity", 
        "fields": {
            "course": 1, 
            "video": 6, 
            "student": 22, 
            "start_seconds": 322
        }
    }, 
    {
        "pk": 89, 
        "model": "c2g.videoactivity", 
        "fields": {
            "course": 1, 
            "video": 6, 
            "student": 23, 
            "start_seconds": 9
        }
    }, 
    {
        "pk": 90, 
        "model": "c2g.videoactivity", 
        "fields": {
            "course": 1, 
            "video": 6, 
            "student": 24, 
            "start_seconds": 276
        }
    }, 
    {
        "pk": 91, 
        "model": "c2g.videoactivity", 
        "fields": {
            "course": 1, 
            "video": 6, 
            "student": 25, 
            "start_seconds": 359
        }
    }, 
    {
        "pk": 92, 
        "model": "c2g.videoactivity", 
        "fields": {
            "course": 1, 
            "video": 6, 
            "student": 26, 
            "start_seconds": 157
        }
    }, 
    {
        "pk": 93, 
        "model": "c2g.videoactivity", 
        "fields": {
            "course": 1, 
            "video": 6, 
            "student": 27, 
            "start_seconds": 230
        }
    }, 
    {
        "pk": 94, 
        "model": "c2g.videoactivity", 
        "fields": {
            "course": 1, 
            "video": 6, 
            "student": 28, 
            "start_seconds": 66
        }
    }, 
    {
        "pk": 95, 
        "model": "c2g.videoactivity", 
        "fields": {
            "course": 1, 
            "video": 6, 
            "student": 29, 
            "start_seconds": 130
        }
    }, 
    {
        "pk": 96, 
        "model": "c2g.videoactivity", 
        "fields": {
            "course": 1, 
            "video": 6, 
            "student": 30, 
            "start_seconds": 341
        }
    }, 
    {
        "pk": 97, 
        "model": "c2g.videoactivity", 
        "fields": {
            "course": 1, 
            "video": 6, 
            "student": 31, 
            "start_seconds": 96
        }
    }, 
    {
        "pk": 98, 
        "model": "c2g.videoactivity", 
        "fields": {
            "course": 1, 
            "video": 6, 
            "student": 32, 
            "start_seconds": 276
        }
    }, 
    {
        "pk": 99, 
        "model": "c2g.videoactivity", 
        "fields": {
            "course": 1, 
            "video": 6, 
            "student": 33, 
            "start_seconds": 300
        }
    }, 
    {
        "pk": 100, 
        "model": "c2g.videoactivity", 
        "fields": {
            "course": 1, 
            "video": 6, 
            "student": 34, 
            "start_seconds": 50
        }
    }, 
    {
        "pk": 101, 
        "model": "c2g.videoactivity", 
        "fields": {
            "course": 1, 
            "video": 6, 
            "student": 35, 
            "start_seconds": 332
        }
    }, 
    {
        "pk": 102, 
        "model": "c2g.videoactivity", 
        "fields": {
            "course": 1, 
            "video": 6, 
            "student": 36, 
            "start_seconds": 205
        }
    }, 
    {
        "pk": 103, 
        "model": "c2g.videoactivity", 
        "fields": {
            "course": 1, 
            "video": 6, 
            "student": 37, 
            "start_seconds": 351
        }
    }, 
    {
        "pk": 104, 
        "model": "c2g.videoactivity", 
        "fields": {
            "course": 1, 
            "video": 6, 
            "student": 38, 
            "start_seconds": 144
        }
    }, 
    {
        "pk": 105, 
        "model": "c2g.videoactivity", 
        "fields": {
            "course": 1, 
            "video": 6, 
            "student": 39, 
            "start_seconds": 302
        }
    }, 
    {
        "pk": 106, 
        "model": "c2g.videoactivity", 
        "fields": {
            "course": 1, 
            "video": 6, 
            "student": 40, 
            "start_seconds": 341
        }
    }, 
    {
        "pk": 107, 
        "model": "c2g.videoactivity", 
        "fields": {
            "course": 1, 
            "video": 6, 
            "student": 41, 
            "start_seconds": 155
        }
    }, 
    {
        "pk": 108, 
        "model": "c2g.videoactivity", 
        "fields": {
            "course": 1, 
            "video": 6, 
            "student": 42, 
            "start_seconds": 283
        }
    }, 
    {
        "pk": 109, 
        "model": "c2g.videoactivity", 
        "fields": {
            "course": 1, 
            "video": 6, 
            "student": 43, 
            "start_seconds": 86
        }
    }, 
    {
        "pk": 110, 
        "model": "c2g.videoactivity", 
        "fields": {
            "course": 1, 
            "video": 6, 
            "student": 44, 
            "start_seconds": 54
        }
    }, 
    {
        "pk": 111, 
        "model": "c2g.videoactivity", 
        "fields": {
            "course": 1, 
            "video": 6, 
            "student": 45, 
            "start_seconds": 300
        }
    }, 
    {
        "pk": 112, 
        "model": "c2g.videoactivity", 
        "fields": {
            "course": 1, 
            "video": 6, 
            "student": 46, 
            "start_seconds": 255
        }
    }, 
    {
        "pk": 113, 
        "model": "c2g.videoactivity", 
        "fields": {
            "course": 1, 
            "video": 6, 
            "student": 47, 
            "start_seconds": 60
        }
    }, 
    {
        "pk": 114, 
        "model": "c2g.videoactivity", 
        "fields": {
            "course": 1, 
            "video": 6, 
            "student": 48, 
            "start_seconds": 125
        }
    }, 
    {
        "pk": 115, 
        "model": "c2g.videoactivity", 
        "fields": {
            "course": 1, 
            "video": 6, 
            "student": 49, 
            "start_seconds": 334
        }
    }, 
    {
        "pk": 116, 
        "model": "c2g.videoactivity", 
        "fields": {
            "course": 1, 
            "video": 6, 
            "student": 50, 
            "start_seconds": 274
        }
    }, 
    {
        "pk": 117, 
        "model": "c2g.videoactivity", 
        "fields": {
            "course": 1, 
            "video": 6, 
            "student": 51, 
            "start_seconds": 314
        }
    }, 
    {
        "pk": 118, 
        "model": "c2g.videoactivity", 
        "fields": {
            "course": 1, 
            "video": 8, 
            "student": 13, 
            "start_seconds": 160
        }
    }, 
    {
        "pk": 119, 
        "model": "c2g.videoactivity", 
        "fields": {
            "course": 1, 
            "video": 8, 
            "student": 14, 
            "start_seconds": 636
        }
    }, 
    {
        "pk": 120, 
        "model": "c2g.videoactivity", 
        "fields": {
            "course": 1, 
            "video": 8, 
            "student": 15, 
            "start_seconds": 858
        }
    }, 
    {
        "pk": 121, 
        "model": "c2g.videoactivity", 
        "fields": {
            "course": 1, 
            "video": 8, 
            "student": 16, 
            "start_seconds": 461
        }
    }, 
    {
        "pk": 122, 
        "model": "c2g.videoactivity", 
        "fields": {
            "course": 1, 
            "video": 8, 
            "student": 17, 
            "start_seconds": 734
        }
    }, 
    {
        "pk": 123, 
        "model": "c2g.videoactivity", 
        "fields": {
            "course": 1, 
            "video": 8, 
            "student": 18, 
            "start_seconds": 838
        }
    }, 
    {
        "pk": 124, 
        "model": "c2g.videoactivity", 
        "fields": {
            "course": 1, 
            "video": 8, 
            "student": 19, 
            "start_seconds": 427
        }
    }, 
    {
        "pk": 125, 
        "model": "c2g.videoactivity", 
        "fields": {
            "course": 1, 
            "video": 8, 
            "student": 20, 
            "start_seconds": 297
        }
    }, 
    {
        "pk": 126, 
        "model": "c2g.videoactivity", 
        "fields": {
            "course": 1, 
            "video": 8, 
            "student": 21, 
            "start_seconds": 847
        }
    }, 
    {
        "pk": 127, 
        "model": "c2g.videoactivity", 
        "fields": {
            "course": 1, 
            "video": 8, 
            "student": 22, 
            "start_seconds": 168
        }
    }, 
    {
        "pk": 128, 
        "model": "c2g.videoactivity", 
        "fields": {
            "course": 1, 
            "video": 8, 
            "student": 23, 
            "start_seconds": 724
        }
    }, 
    {
        "pk": 129, 
        "model": "c2g.videoactivity", 
        "fields": {
            "course": 1, 
            "video": 8, 
            "student": 24, 
            "start_seconds": 601
        }
    }, 
    {
        "pk": 130, 
        "model": "c2g.videoactivity", 
        "fields": {
            "course": 1, 
            "video": 8, 
            "student": 25, 
            "start_seconds": 90
        }
    }, 
    {
        "pk": 131, 
        "model": "c2g.videoactivity", 
        "fields": {
            "course": 1, 
            "video": 8, 
            "student": 26, 
            "start_seconds": 85
        }
    }, 
    {
        "pk": 132, 
        "model": "c2g.videoactivity", 
        "fields": {
            "course": 1, 
            "video": 8, 
            "student": 27, 
            "start_seconds": 439
        }
    }, 
    {
        "pk": 133, 
        "model": "c2g.videoactivity", 
        "fields": {
            "course": 1, 
            "video": 8, 
            "student": 28, 
            "start_seconds": 553
        }
    }, 
    {
        "pk": 134, 
        "model": "c2g.videoactivity", 
        "fields": {
            "course": 1, 
            "video": 8, 
            "student": 29, 
            "start_seconds": 773
        }
    }, 
    {
        "pk": 135, 
        "model": "c2g.videoactivity", 
        "fields": {
            "course": 1, 
            "video": 8, 
            "student": 30, 
            "start_seconds": 735
        }
    }, 
    {
        "pk": 136, 
        "model": "c2g.videoactivity", 
        "fields": {
            "course": 1, 
            "video": 8, 
            "student": 31, 
            "start_seconds": 518
        }
    }, 
    {
        "pk": 137, 
        "model": "c2g.videoactivity", 
        "fields": {
            "course": 1, 
            "video": 8, 
            "student": 32, 
            "start_seconds": 141
        }
    }, 
    {
        "pk": 138, 
        "model": "c2g.videoactivity", 
        "fields": {
            "course": 1, 
            "video": 8, 
            "student": 33, 
            "start_seconds": 514
        }
    }, 
    {
        "pk": 139, 
        "model": "c2g.videoactivity", 
        "fields": {
            "course": 1, 
            "video": 8, 
            "student": 34, 
            "start_seconds": 840
        }
    }, 
    {
        "pk": 140, 
        "model": "c2g.videoactivity", 
        "fields": {
            "course": 1, 
            "video": 8, 
            "student": 35, 
            "start_seconds": 347
        }
    }, 
    {
        "pk": 141, 
        "model": "c2g.videoactivity", 
        "fields": {
            "course": 1, 
            "video": 8, 
            "student": 36, 
            "start_seconds": 593
        }
    }, 
    {
        "pk": 142, 
        "model": "c2g.videoactivity", 
        "fields": {
            "course": 1, 
            "video": 8, 
            "student": 37, 
            "start_seconds": 495
        }
    }, 
    {
        "pk": 143, 
        "model": "c2g.videoactivity", 
        "fields": {
            "course": 1, 
            "video": 8, 
            "student": 38, 
            "start_seconds": 598
        }
    }, 
    {
        "pk": 144, 
        "model": "c2g.videoactivity", 
        "fields": {
            "course": 1, 
            "video": 8, 
            "student": 39, 
            "start_seconds": 337
        }
    }, 
    {
        "pk": 145, 
        "model": "c2g.videoactivity", 
        "fields": {
            "course": 1, 
            "video": 8, 
            "student": 40, 
            "start_seconds": 450
        }
    }, 
    {
        "pk": 146, 
        "model": "c2g.videoactivity", 
        "fields": {
            "course": 1, 
            "video": 8, 
            "student": 41, 
            "start_seconds": 440
        }
    }, 
    {
        "pk": 147, 
        "model": "c2g.videoactivity", 
        "fields": {
            "course": 1, 
            "video": 8, 
            "student": 42, 
            "start_seconds": 40
        }
    }, 
    {
        "pk": 148, 
        "model": "c2g.videoactivity", 
        "fields": {
            "course": 1, 
            "video": 8, 
            "student": 43, 
            "start_seconds": 480
        }
    }, 
    {
        "pk": 149, 
        "model": "c2g.videoactivity", 
        "fields": {
            "course": 1, 
            "video": 8, 
            "student": 44, 
            "start_seconds": 573
        }
    }, 
    {
        "pk": 150, 
        "model": "c2g.videoactivity", 
        "fields": {
            "course": 1, 
            "video": 8, 
            "student": 45, 
            "start_seconds": 57
        }
    }, 
    {
        "pk": 151, 
        "model": "c2g.videoactivity", 
        "fields": {
            "course": 1, 
            "video": 8, 
            "student": 46, 
            "start_seconds": 404
        }
    }, 
    {
        "pk": 152, 
        "model": "c2g.videoactivity", 
        "fields": {
            "course": 1, 
            "video": 8, 
            "student": 47, 
            "start_seconds": 581
        }
    }, 
    {
        "pk": 153, 
        "model": "c2g.videoactivity", 
        "fields": {
            "course": 1, 
            "video": 8, 
            "student": 48, 
            "start_seconds": 358
        }
    }, 
    {
        "pk": 154, 
        "model": "c2g.videoactivity", 
        "fields": {
            "course": 1, 
            "video": 8, 
            "student": 49, 
            "start_seconds": 796
        }
    }, 
    {
        "pk": 155, 
        "model": "c2g.videoactivity", 
        "fields": {
            "course": 1, 
            "video": 8, 
            "student": 50, 
            "start_seconds": 290
        }
    }, 
    {
        "pk": 156, 
        "model": "c2g.videoactivity", 
        "fields": {
            "course": 1, 
            "video": 8, 
            "student": 51, 
            "start_seconds": 268
        }
    }, 
    {
        "pk": 157, 
        "model": "c2g.videoactivity", 
        "fields": {
            "course": 1, 
            "video": 10, 
            "student": 13, 
            "start_seconds": 98
        }
    }, 
    {
        "pk": 158, 
        "model": "c2g.videoactivity", 
        "fields": {
            "course": 1, 
            "video": 10, 
            "student": 14, 
            "start_seconds": 56
        }
    }, 
    {
        "pk": 159, 
        "model": "c2g.videoactivity", 
        "fields": {
            "course": 1, 
            "video": 10, 
            "student": 15, 
            "start_seconds": 414
        }
    }, 
    {
        "pk": 160, 
        "model": "c2g.videoactivity", 
        "fields": {
            "course": 1, 
            "video": 10, 
            "student": 16, 
            "start_seconds": 365
        }
    }, 
    {
        "pk": 161, 
        "model": "c2g.videoactivity", 
        "fields": {
            "course": 1, 
            "video": 10, 
            "student": 17, 
            "start_seconds": 163
        }
    }, 
    {
        "pk": 162, 
        "model": "c2g.videoactivity", 
        "fields": {
            "course": 1, 
            "video": 10, 
            "student": 18, 
            "start_seconds": 100
        }
    }, 
    {
        "pk": 163, 
        "model": "c2g.videoactivity", 
        "fields": {
            "course": 1, 
            "video": 10, 
            "student": 19, 
            "start_seconds": 178
        }
    }, 
    {
        "pk": 164, 
        "model": "c2g.videoactivity", 
        "fields": {
            "course": 1, 
            "video": 10, 
            "student": 20, 
            "start_seconds": 334
        }
    }, 
    {
        "pk": 165, 
        "model": "c2g.videoactivity", 
        "fields": {
            "course": 1, 
            "video": 10, 
            "student": 21, 
            "start_seconds": 315
        }
    }, 
    {
        "pk": 166, 
        "model": "c2g.videoactivity", 
        "fields": {
            "course": 1, 
            "video": 10, 
            "student": 22, 
            "start_seconds": 179
        }
    }, 
    {
        "pk": 167, 
        "model": "c2g.videoactivity", 
        "fields": {
            "course": 1, 
            "video": 10, 
            "student": 23, 
            "start_seconds": 138
        }
    }, 
    {
        "pk": 168, 
        "model": "c2g.videoactivity", 
        "fields": {
            "course": 1, 
            "video": 10, 
            "student": 24, 
            "start_seconds": 314
        }
    }, 
    {
        "pk": 169, 
        "model": "c2g.videoactivity", 
        "fields": {
            "course": 1, 
            "video": 10, 
            "student": 25, 
            "start_seconds": 370
        }
    }, 
    {
        "pk": 170, 
        "model": "c2g.videoactivity", 
        "fields": {
            "course": 1, 
            "video": 10, 
            "student": 26, 
            "start_seconds": 192
        }
    }, 
    {
        "pk": 171, 
        "model": "c2g.videoactivity", 
        "fields": {
            "course": 1, 
            "video": 10, 
            "student": 27, 
            "start_seconds": 204
        }
    }, 
    {
        "pk": 172, 
        "model": "c2g.videoactivity", 
        "fields": {
            "course": 1, 
            "video": 10, 
            "student": 28, 
            "start_seconds": 104
        }
    }, 
    {
        "pk": 173, 
        "model": "c2g.videoactivity", 
        "fields": {
            "course": 1, 
            "video": 10, 
            "student": 29, 
            "start_seconds": 346
        }
    }, 
    {
        "pk": 174, 
        "model": "c2g.videoactivity", 
        "fields": {
            "course": 1, 
            "video": 10, 
            "student": 30, 
            "start_seconds": 23
        }
    }, 
    {
        "pk": 175, 
        "model": "c2g.videoactivity", 
        "fields": {
            "course": 1, 
            "video": 10, 
            "student": 31, 
            "start_seconds": 268
        }
    }, 
    {
        "pk": 176, 
        "model": "c2g.videoactivity", 
        "fields": {
            "course": 1, 
            "video": 10, 
            "student": 32, 
            "start_seconds": 288
        }
    }, 
    {
        "pk": 177, 
        "model": "c2g.videoactivity", 
        "fields": {
            "course": 1, 
            "video": 10, 
            "student": 33, 
            "start_seconds": 70
        }
    }, 
    {
        "pk": 178, 
        "model": "c2g.videoactivity", 
        "fields": {
            "course": 1, 
            "video": 10, 
            "student": 34, 
            "start_seconds": 109
        }
    }, 
    {
        "pk": 179, 
        "model": "c2g.videoactivity", 
        "fields": {
            "course": 1, 
            "video": 10, 
            "student": 35, 
            "start_seconds": 146
        }
    }, 
    {
        "pk": 180, 
        "model": "c2g.videoactivity", 
        "fields": {
            "course": 1, 
            "video": 10, 
            "student": 36, 
            "start_seconds": 297
        }
    }, 
    {
        "pk": 181, 
        "model": "c2g.videoactivity", 
        "fields": {
            "course": 1, 
            "video": 10, 
            "student": 37, 
            "start_seconds": 342
        }
    }, 
    {
        "pk": 182, 
        "model": "c2g.videoactivity", 
        "fields": {
            "course": 1, 
            "video": 10, 
            "student": 38, 
            "start_seconds": 58
        }
    }, 
    {
        "pk": 183, 
        "model": "c2g.videoactivity", 
        "fields": {
            "course": 1, 
            "video": 10, 
            "student": 39, 
            "start_seconds": 50
        }
    }, 
    {
        "pk": 184, 
        "model": "c2g.videoactivity", 
        "fields": {
            "course": 1, 
            "video": 10, 
            "student": 40, 
            "start_seconds": 98
        }
    }, 
    {
        "pk": 185, 
        "model": "c2g.videoactivity", 
        "fields": {
            "course": 1, 
            "video": 10, 
            "student": 41, 
            "start_seconds": 75
        }
    }, 
    {
        "pk": 186, 
        "model": "c2g.videoactivity", 
        "fields": {
            "course": 1, 
            "video": 10, 
            "student": 42, 
            "start_seconds": 22
        }
    }, 
    {
        "pk": 187, 
        "model": "c2g.videoactivity", 
        "fields": {
            "course": 1, 
            "video": 10, 
            "student": 43, 
            "start_seconds": 357
        }
    }, 
    {
        "pk": 188, 
        "model": "c2g.videoactivity", 
        "fields": {
            "course": 1, 
            "video": 10, 
            "student": 44, 
            "start_seconds": 274
        }
    }, 
    {
        "pk": 189, 
        "model": "c2g.videoactivity", 
        "fields": {
            "course": 1, 
            "video": 10, 
            "student": 45, 
            "start_seconds": 147
        }
    }, 
    {
        "pk": 190, 
        "model": "c2g.videoactivity", 
        "fields": {
            "course": 1, 
            "video": 10, 
            "student": 46, 
            "start_seconds": 272
        }
    }, 
    {
        "pk": 191, 
        "model": "c2g.videoactivity", 
        "fields": {
            "course": 1, 
            "video": 10, 
            "student": 47, 
            "start_seconds": 199
        }
    }, 
    {
        "pk": 192, 
        "model": "c2g.videoactivity", 
        "fields": {
            "course": 1, 
            "video": 10, 
            "student": 48, 
            "start_seconds": 395
        }
    }, 
    {
        "pk": 193, 
        "model": "c2g.videoactivity", 
        "fields": {
            "course": 1, 
            "video": 10, 
            "student": 49, 
            "start_seconds": 323
        }
    }, 
    {
        "pk": 194, 
        "model": "c2g.videoactivity", 
        "fields": {
            "course": 1, 
            "video": 10, 
            "student": 50, 
            "start_seconds": 28
        }
    }, 
    {
        "pk": 195, 
        "model": "c2g.videoactivity", 
        "fields": {
            "course": 1, 
            "video": 10, 
            "student": 51, 
            "start_seconds": 416
        }
    }, 
    {
        "pk": 196, 
        "model": "c2g.videoactivity", 
        "fields": {
            "course": 1, 
            "video": 12, 
            "student": 13, 
            "start_seconds": 154
        }
    }, 
    {
        "pk": 197, 
        "model": "c2g.videoactivity", 
        "fields": {
            "course": 1, 
            "video": 12, 
            "student": 14, 
            "start_seconds": 23
        }
    }, 
    {
        "pk": 198, 
        "model": "c2g.videoactivity", 
        "fields": {
            "course": 1, 
            "video": 12, 
            "student": 15, 
            "start_seconds": 166
        }
    }, 
    {
        "pk": 199, 
        "model": "c2g.videoactivity", 
        "fields": {
            "course": 1, 
            "video": 12, 
            "student": 16, 
            "start_seconds": 173
        }
    }, 
    {
        "pk": 200, 
        "model": "c2g.videoactivity", 
        "fields": {
            "course": 1, 
            "video": 12, 
            "student": 17, 
            "start_seconds": 41
        }
    }, 
    {
        "pk": 201, 
        "model": "c2g.videoactivity", 
        "fields": {
            "course": 1, 
            "video": 12, 
            "student": 18, 
            "start_seconds": 234
        }
    }, 
    {
        "pk": 202, 
        "model": "c2g.videoactivity", 
        "fields": {
            "course": 1, 
            "video": 12, 
            "student": 19, 
            "start_seconds": 72
        }
    }, 
    {
        "pk": 203, 
        "model": "c2g.videoactivity", 
        "fields": {
            "course": 1, 
            "video": 12, 
            "student": 20, 
            "start_seconds": 162
        }
    }, 
    {
        "pk": 204, 
        "model": "c2g.videoactivity", 
        "fields": {
            "course": 1, 
            "video": 12, 
            "student": 21, 
            "start_seconds": 82
        }
    }, 
    {
        "pk": 205, 
        "model": "c2g.videoactivity", 
        "fields": {
            "course": 1, 
            "video": 12, 
            "student": 22, 
            "start_seconds": 64
        }
    }, 
    {
        "pk": 206, 
        "model": "c2g.videoactivity", 
        "fields": {
            "course": 1, 
            "video": 12, 
            "student": 23, 
            "start_seconds": 17
        }
    }, 
    {
        "pk": 207, 
        "model": "c2g.videoactivity", 
        "fields": {
            "course": 1, 
            "video": 12, 
            "student": 24, 
            "start_seconds": 92
        }
    }, 
    {
        "pk": 208, 
        "model": "c2g.videoactivity", 
        "fields": {
            "course": 1, 
            "video": 12, 
            "student": 25, 
            "start_seconds": 280
        }
    }, 
    {
        "pk": 209, 
        "model": "c2g.videoactivity", 
        "fields": {
            "course": 1, 
            "video": 12, 
            "student": 26, 
            "start_seconds": 232
        }
    }, 
    {
        "pk": 210, 
        "model": "c2g.videoactivity", 
        "fields": {
            "course": 1, 
            "video": 12, 
            "student": 27, 
            "start_seconds": 309
        }
    }, 
    {
        "pk": 211, 
        "model": "c2g.videoactivity", 
        "fields": {
            "course": 1, 
            "video": 12, 
            "student": 28, 
            "start_seconds": 236
        }
    }, 
    {
        "pk": 212, 
        "model": "c2g.videoactivity", 
        "fields": {
            "course": 1, 
            "video": 12, 
            "student": 29, 
            "start_seconds": 195
        }
    }, 
    {
        "pk": 213, 
        "model": "c2g.videoactivity", 
        "fields": {
            "course": 1, 
            "video": 12, 
            "student": 30, 
            "start_seconds": 229
        }
    }, 
    {
        "pk": 214, 
        "model": "c2g.videoactivity", 
        "fields": {
            "course": 1, 
            "video": 12, 
            "student": 31, 
            "start_seconds": 137
        }
    }, 
    {
        "pk": 215, 
        "model": "c2g.videoactivity", 
        "fields": {
            "course": 1, 
            "video": 12, 
            "student": 32, 
            "start_seconds": 336
        }
    }, 
    {
        "pk": 216, 
        "model": "c2g.videoactivity", 
        "fields": {
            "course": 1, 
            "video": 12, 
            "student": 33, 
            "start_seconds": 261
        }
    }, 
    {
        "pk": 217, 
        "model": "c2g.videoactivity", 
        "fields": {
            "course": 1, 
            "video": 12, 
            "student": 34, 
            "start_seconds": 42
        }
    }, 
    {
        "pk": 218, 
        "model": "c2g.videoactivity", 
        "fields": {
            "course": 1, 
            "video": 12, 
            "student": 35, 
            "start_seconds": 179
        }
    }, 
    {
        "pk": 219, 
        "model": "c2g.videoactivity", 
        "fields": {
            "course": 1, 
            "video": 12, 
            "student": 36, 
            "start_seconds": 29
        }
    }, 
    {
        "pk": 220, 
        "model": "c2g.videoactivity", 
        "fields": {
            "course": 1, 
            "video": 12, 
            "student": 37, 
            "start_seconds": 157
        }
    }, 
    {
        "pk": 221, 
        "model": "c2g.videoactivity", 
        "fields": {
            "course": 1, 
            "video": 12, 
            "student": 38, 
            "start_seconds": 266
        }
    }, 
    {
        "pk": 222, 
        "model": "c2g.videoactivity", 
        "fields": {
            "course": 1, 
            "video": 12, 
            "student": 39, 
            "start_seconds": 199
        }
    }, 
    {
        "pk": 223, 
        "model": "c2g.videoactivity", 
        "fields": {
            "course": 1, 
            "video": 12, 
            "student": 40, 
            "start_seconds": 281
        }
    }, 
    {
        "pk": 224, 
        "model": "c2g.videoactivity", 
        "fields": {
            "course": 1, 
            "video": 12, 
            "student": 41, 
            "start_seconds": 78
        }
    }, 
    {
        "pk": 225, 
        "model": "c2g.videoactivity", 
        "fields": {
            "course": 1, 
            "video": 12, 
            "student": 42, 
            "start_seconds": 197
        }
    }, 
    {
        "pk": 226, 
        "model": "c2g.videoactivity", 
        "fields": {
            "course": 1, 
            "video": 12, 
            "student": 43, 
            "start_seconds": 145
        }
    }, 
    {
        "pk": 227, 
        "model": "c2g.videoactivity", 
        "fields": {
            "course": 1, 
            "video": 12, 
            "student": 44, 
            "start_seconds": 265
        }
    }, 
    {
        "pk": 228, 
        "model": "c2g.videoactivity", 
        "fields": {
            "course": 1, 
            "video": 12, 
            "student": 45, 
            "start_seconds": 351
        }
    }, 
    {
        "pk": 229, 
        "model": "c2g.videoactivity", 
        "fields": {
            "course": 1, 
            "video": 12, 
            "student": 46, 
            "start_seconds": 34
        }
    }, 
    {
        "pk": 230, 
        "model": "c2g.videoactivity", 
        "fields": {
            "course": 1, 
            "video": 12, 
            "student": 47, 
            "start_seconds": 164
        }
    }, 
    {
        "pk": 231, 
        "model": "c2g.videoactivity", 
        "fields": {
            "course": 1, 
            "video": 12, 
            "student": 48, 
            "start_seconds": 290
        }
    }, 
    {
        "pk": 232, 
        "model": "c2g.videoactivity", 
        "fields": {
            "course": 1, 
            "video": 12, 
            "student": 49, 
            "start_seconds": 236
        }
    }, 
    {
        "pk": 233, 
        "model": "c2g.videoactivity", 
        "fields": {
            "course": 1, 
            "video": 12, 
            "student": 50, 
            "start_seconds": 267
        }
    }, 
    {
        "pk": 234, 
        "model": "c2g.videoactivity", 
        "fields": {
            "course": 1, 
            "video": 12, 
            "student": 51, 
            "start_seconds": 84
        }
    }, 
    {
        "pk": 235, 
        "model": "c2g.videoactivity", 
        "fields": {
            "course": 1, 
            "video": 14, 
            "student": 13, 
            "start_seconds": 423
        }
    }, 
    {
        "pk": 236, 
        "model": "c2g.videoactivity", 
        "fields": {
            "course": 1, 
            "video": 14, 
            "student": 14, 
            "start_seconds": 330
        }
    }, 
    {
        "pk": 237, 
        "model": "c2g.videoactivity", 
        "fields": {
            "course": 1, 
            "video": 14, 
            "student": 15, 
            "start_seconds": 290
        }
    }, 
    {
        "pk": 238, 
        "model": "c2g.videoactivity", 
        "fields": {
            "course": 1, 
            "video": 14, 
            "student": 16, 
            "start_seconds": 28
        }
    }, 
    {
        "pk": 239, 
        "model": "c2g.videoactivity", 
        "fields": {
            "course": 1, 
            "video": 14, 
            "student": 17, 
            "start_seconds": 207
        }
    }, 
    {
        "pk": 240, 
        "model": "c2g.videoactivity", 
        "fields": {
            "course": 1, 
            "video": 14, 
            "student": 18, 
            "start_seconds": 214
        }
    }, 
    {
        "pk": 241, 
        "model": "c2g.videoactivity", 
        "fields": {
            "course": 1, 
            "video": 14, 
            "student": 19, 
            "start_seconds": 214
        }
    }, 
    {
        "pk": 242, 
        "model": "c2g.videoactivity", 
        "fields": {
            "course": 1, 
            "video": 14, 
            "student": 20, 
            "start_seconds": 280
        }
    }, 
    {
        "pk": 243, 
        "model": "c2g.videoactivity", 
        "fields": {
            "course": 1, 
            "video": 14, 
            "student": 21, 
            "start_seconds": 125
        }
    }, 
    {
        "pk": 244, 
        "model": "c2g.videoactivity", 
        "fields": {
            "course": 1, 
            "video": 14, 
            "student": 22, 
            "start_seconds": 231
        }
    }, 
    {
        "pk": 245, 
        "model": "c2g.videoactivity", 
        "fields": {
            "course": 1, 
            "video": 14, 
            "student": 23, 
            "start_seconds": 39
        }
    }, 
    {
        "pk": 246, 
        "model": "c2g.videoactivity", 
        "fields": {
            "course": 1, 
            "video": 14, 
            "student": 24, 
            "start_seconds": 112
        }
    }, 
    {
        "pk": 247, 
        "model": "c2g.videoactivity", 
        "fields": {
            "course": 1, 
            "video": 14, 
            "student": 25, 
            "start_seconds": 227
        }
    }, 
    {
        "pk": 248, 
        "model": "c2g.videoactivity", 
        "fields": {
            "course": 1, 
            "video": 14, 
            "student": 26, 
            "start_seconds": 179
        }
    }, 
    {
        "pk": 249, 
        "model": "c2g.videoactivity", 
        "fields": {
            "course": 1, 
            "video": 14, 
            "student": 27, 
            "start_seconds": 105
        }
    }, 
    {
        "pk": 250, 
        "model": "c2g.videoactivity", 
        "fields": {
            "course": 1, 
            "video": 14, 
            "student": 28, 
            "start_seconds": 220
        }
    }, 
    {
        "pk": 251, 
        "model": "c2g.videoactivity", 
        "fields": {
            "course": 1, 
            "video": 14, 
            "student": 29, 
            "start_seconds": 44
        }
    }, 
    {
        "pk": 252, 
        "model": "c2g.videoactivity", 
        "fields": {
            "course": 1, 
            "video": 14, 
            "student": 30, 
            "start_seconds": 238
        }
    }, 
    {
        "pk": 253, 
        "model": "c2g.videoactivity", 
        "fields": {
            "course": 1, 
            "video": 14, 
            "student": 31, 
            "start_seconds": 147
        }
    }, 
    {
        "pk": 254, 
        "model": "c2g.videoactivity", 
        "fields": {
            "course": 1, 
            "video": 14, 
            "student": 32, 
            "start_seconds": 179
        }
    }, 
    {
        "pk": 255, 
        "model": "c2g.videoactivity", 
        "fields": {
            "course": 1, 
            "video": 14, 
            "student": 33, 
            "start_seconds": 81
        }
    }, 
    {
        "pk": 256, 
        "model": "c2g.videoactivity", 
        "fields": {
            "course": 1, 
            "video": 14, 
            "student": 34, 
            "start_seconds": 377
        }
    }, 
    {
        "pk": 257, 
        "model": "c2g.videoactivity", 
        "fields": {
            "course": 1, 
            "video": 14, 
            "student": 35, 
            "start_seconds": 146
        }
    }, 
    {
        "pk": 258, 
        "model": "c2g.videoactivity", 
        "fields": {
            "course": 1, 
            "video": 14, 
            "student": 36, 
            "start_seconds": 215
        }
    }, 
    {
        "pk": 259, 
        "model": "c2g.videoactivity", 
        "fields": {
            "course": 1, 
            "video": 14, 
            "student": 37, 
            "start_seconds": 181
        }
    }, 
    {
        "pk": 260, 
        "model": "c2g.videoactivity", 
        "fields": {
            "course": 1, 
            "video": 14, 
            "student": 38, 
            "start_seconds": 68
        }
    }, 
    {
        "pk": 261, 
        "model": "c2g.videoactivity", 
        "fields": {
            "course": 1, 
            "video": 14, 
            "student": 39, 
            "start_seconds": 439
        }
    }, 
    {
        "pk": 262, 
        "model": "c2g.videoactivity", 
        "fields": {
            "course": 1, 
            "video": 14, 
            "student": 40, 
            "start_seconds": 267
        }
    }, 
    {
        "pk": 263, 
        "model": "c2g.videoactivity", 
        "fields": {
            "course": 1, 
            "video": 14, 
            "student": 41, 
            "start_seconds": 228
        }
    }, 
    {
        "pk": 264, 
        "model": "c2g.videoactivity", 
        "fields": {
            "course": 1, 
            "video": 14, 
            "student": 42, 
            "start_seconds": 37
        }
    }, 
    {
        "pk": 265, 
        "model": "c2g.videoactivity", 
        "fields": {
            "course": 1, 
            "video": 14, 
            "student": 43, 
            "start_seconds": 49
        }
    }, 
    {
        "pk": 266, 
        "model": "c2g.videoactivity", 
        "fields": {
            "course": 1, 
            "video": 14, 
            "student": 44, 
            "start_seconds": 0
        }
    }, 
    {
        "pk": 267, 
        "model": "c2g.videoactivity", 
        "fields": {
            "course": 1, 
            "video": 14, 
            "student": 45, 
            "start_seconds": 310
        }
    }, 
    {
        "pk": 268, 
        "model": "c2g.videoactivity", 
        "fields": {
            "course": 1, 
            "video": 14, 
            "student": 46, 
            "start_seconds": 317
        }
    }, 
    {
        "pk": 269, 
        "model": "c2g.videoactivity", 
        "fields": {
            "course": 1, 
            "video": 14, 
            "student": 47, 
            "start_seconds": 68
        }
    }, 
    {
        "pk": 270, 
        "model": "c2g.videoactivity", 
        "fields": {
            "course": 1, 
            "video": 14, 
            "student": 48, 
            "start_seconds": 300
        }
    }, 
    {
        "pk": 271, 
        "model": "c2g.videoactivity", 
        "fields": {
            "course": 1, 
            "video": 14, 
            "student": 49, 
            "start_seconds": 0
        }
    }, 
    {
        "pk": 272, 
        "model": "c2g.videoactivity", 
        "fields": {
            "course": 1, 
            "video": 14, 
            "student": 50, 
            "start_seconds": 339
        }
    }, 
    {
        "pk": 273, 
        "model": "c2g.videoactivity", 
        "fields": {
            "course": 1, 
            "video": 14, 
            "student": 51, 
            "start_seconds": 377
        }
    }, 
    {
        "pk": 274, 
        "model": "c2g.videoactivity", 
        "fields": {
            "course": 3, 
            "video": 16, 
            "student": 13, 
            "start_seconds": 620
        }
    }, 
    {
        "pk": 275, 
        "model": "c2g.videoactivity", 
        "fields": {
            "course": 3, 
            "video": 16, 
            "student": 14, 
            "start_seconds": 218
        }
    }, 
    {
        "pk": 276, 
        "model": "c2g.videoactivity", 
        "fields": {
            "course": 3, 
            "video": 16, 
            "student": 15, 
            "start_seconds": 166
        }
    }, 
    {
        "pk": 277, 
        "model": "c2g.videoactivity", 
        "fields": {
            "course": 3, 
            "video": 16, 
            "student": 16, 
            "start_seconds": 24
        }
    }, 
    {
        "pk": 278, 
        "model": "c2g.videoactivity", 
        "fields": {
            "course": 3, 
            "video": 16, 
            "student": 17, 
            "start_seconds": 467
        }
    }, 
    {
        "pk": 279, 
        "model": "c2g.videoactivity", 
        "fields": {
            "course": 3, 
            "video": 16, 
            "student": 18, 
            "start_seconds": 618
        }
    }, 
    {
        "pk": 280, 
        "model": "c2g.videoactivity", 
        "fields": {
            "course": 3, 
            "video": 16, 
            "student": 19, 
            "start_seconds": 57
        }
    }, 
    {
        "pk": 281, 
        "model": "c2g.videoactivity", 
        "fields": {
            "course": 3, 
            "video": 16, 
            "student": 20, 
            "start_seconds": 15
        }
    }, 
    {
        "pk": 282, 
        "model": "c2g.videoactivity", 
        "fields": {
            "course": 3, 
            "video": 16, 
            "student": 21, 
            "start_seconds": 721
        }
    }, 
    {
        "pk": 283, 
        "model": "c2g.videoactivity", 
        "fields": {
            "course": 3, 
            "video": 16, 
            "student": 22, 
            "start_seconds": 374
        }
    }, 
    {
        "pk": 284, 
        "model": "c2g.videoactivity", 
        "fields": {
            "course": 3, 
            "video": 16, 
            "student": 23, 
            "start_seconds": 628
        }
    }, 
    {
        "pk": 285, 
        "model": "c2g.videoactivity", 
        "fields": {
            "course": 3, 
            "video": 16, 
            "student": 24, 
            "start_seconds": 348
        }
    }, 
    {
        "pk": 286, 
        "model": "c2g.videoactivity", 
        "fields": {
            "course": 3, 
            "video": 16, 
            "student": 25, 
            "start_seconds": 155
        }
    }, 
    {
        "pk": 287, 
        "model": "c2g.videoactivity", 
        "fields": {
            "course": 3, 
            "video": 16, 
            "student": 26, 
            "start_seconds": 44
        }
    }, 
    {
        "pk": 288, 
        "model": "c2g.videoactivity", 
        "fields": {
            "course": 3, 
            "video": 16, 
            "student": 27, 
            "start_seconds": 381
        }
    }, 
    {
        "pk": 289, 
        "model": "c2g.videoactivity", 
        "fields": {
            "course": 3, 
            "video": 16, 
            "student": 28, 
            "start_seconds": 469
        }
    }, 
    {
        "pk": 290, 
        "model": "c2g.videoactivity", 
        "fields": {
            "course": 3, 
            "video": 16, 
            "student": 29, 
            "start_seconds": 203
        }
    }, 
    {
        "pk": 291, 
        "model": "c2g.videoactivity", 
        "fields": {
            "course": 3, 
            "video": 16, 
            "student": 30, 
            "start_seconds": 27
        }
    }, 
    {
        "pk": 292, 
        "model": "c2g.videoactivity", 
        "fields": {
            "course": 3, 
            "video": 16, 
            "student": 31, 
            "start_seconds": 331
        }
    }, 
    {
        "pk": 293, 
        "model": "c2g.videoactivity", 
        "fields": {
            "course": 3, 
            "video": 16, 
            "student": 32, 
            "start_seconds": 549
        }
    }, 
    {
        "pk": 294, 
        "model": "c2g.videoactivity", 
        "fields": {
            "course": 3, 
            "video": 16, 
            "student": 33, 
            "start_seconds": 32
        }
    }, 
    {
        "pk": 295, 
        "model": "c2g.videoactivity", 
        "fields": {
            "course": 3, 
            "video": 16, 
            "student": 34, 
            "start_seconds": 436
        }
    }, 
    {
        "pk": 296, 
        "model": "c2g.videoactivity", 
        "fields": {
            "course": 3, 
            "video": 16, 
            "student": 35, 
            "start_seconds": 769
        }
    }, 
    {
        "pk": 297, 
        "model": "c2g.videoactivity", 
        "fields": {
            "course": 3, 
            "video": 16, 
            "student": 36, 
            "start_seconds": 103
        }
    }, 
    {
        "pk": 298, 
        "model": "c2g.videoactivity", 
        "fields": {
            "course": 3, 
            "video": 16, 
            "student": 37, 
            "start_seconds": 399
        }
    }, 
    {
        "pk": 299, 
        "model": "c2g.videoactivity", 
        "fields": {
            "course": 3, 
            "video": 16, 
            "student": 38, 
            "start_seconds": 480
        }
    }, 
    {
        "pk": 300, 
        "model": "c2g.videoactivity", 
        "fields": {
            "course": 3, 
            "video": 16, 
            "student": 39, 
            "start_seconds": 524
        }
    }, 
    {
        "pk": 301, 
        "model": "c2g.videoactivity", 
        "fields": {
            "course": 3, 
            "video": 16, 
            "student": 40, 
            "start_seconds": 399
        }
    }, 
    {
        "pk": 302, 
        "model": "c2g.videoactivity", 
        "fields": {
            "course": 3, 
            "video": 16, 
            "student": 41, 
            "start_seconds": 431
        }
    }, 
    {
        "pk": 303, 
        "model": "c2g.videoactivity", 
        "fields": {
            "course": 3, 
            "video": 16, 
            "student": 42, 
            "start_seconds": 102
        }
    }, 
    {
        "pk": 304, 
        "model": "c2g.videoactivity", 
        "fields": {
            "course": 3, 
            "video": 16, 
            "student": 43, 
            "start_seconds": 223
        }
    }, 
    {
        "pk": 305, 
        "model": "c2g.videoactivity", 
        "fields": {
            "course": 3, 
            "video": 16, 
            "student": 44, 
            "start_seconds": 43
        }
    }, 
    {
        "pk": 306, 
        "model": "c2g.videoactivity", 
        "fields": {
            "course": 3, 
            "video": 16, 
            "student": 45, 
            "start_seconds": 148
        }
    }, 
    {
        "pk": 307, 
        "model": "c2g.videoactivity", 
        "fields": {
            "course": 3, 
            "video": 16, 
            "student": 46, 
            "start_seconds": 523
        }
    }, 
    {
        "pk": 308, 
        "model": "c2g.videoactivity", 
        "fields": {
            "course": 3, 
            "video": 16, 
            "student": 47, 
            "start_seconds": 66
        }
    }, 
    {
        "pk": 309, 
        "model": "c2g.videoactivity", 
        "fields": {
            "course": 3, 
            "video": 16, 
            "student": 48, 
            "start_seconds": 319
        }
    }, 
    {
        "pk": 310, 
        "model": "c2g.videoactivity", 
        "fields": {
            "course": 3, 
            "video": 16, 
            "student": 49, 
            "start_seconds": 322
        }
    }, 
    {
        "pk": 311, 
        "model": "c2g.videoactivity", 
        "fields": {
            "course": 3, 
            "video": 16, 
            "student": 50, 
            "start_seconds": 751
        }
    }, 
    {
        "pk": 312, 
        "model": "c2g.videoactivity", 
        "fields": {
            "course": 3, 
            "video": 16, 
            "student": 51, 
            "start_seconds": 126
        }
    }, 
    {
        "pk": 313, 
        "model": "c2g.videoactivity", 
        "fields": {
            "course": 3, 
            "video": 18, 
            "student": 13, 
            "start_seconds": 438
        }
    }, 
    {
        "pk": 314, 
        "model": "c2g.videoactivity", 
        "fields": {
            "course": 3, 
            "video": 18, 
            "student": 14, 
            "start_seconds": 45
        }
    }, 
    {
        "pk": 315, 
        "model": "c2g.videoactivity", 
        "fields": {
            "course": 3, 
            "video": 18, 
            "student": 15, 
            "start_seconds": 217
        }
    }, 
    {
        "pk": 316, 
        "model": "c2g.videoactivity", 
        "fields": {
            "course": 3, 
            "video": 18, 
            "student": 16, 
            "start_seconds": 143
        }
    }, 
    {
        "pk": 317, 
        "model": "c2g.videoactivity", 
        "fields": {
            "course": 3, 
            "video": 18, 
            "student": 17, 
            "start_seconds": 344
        }
    }, 
    {
        "pk": 318, 
        "model": "c2g.videoactivity", 
        "fields": {
            "course": 3, 
            "video": 18, 
            "student": 18, 
            "start_seconds": 452
        }
    }, 
    {
        "pk": 319, 
        "model": "c2g.videoactivity", 
        "fields": {
            "course": 3, 
            "video": 18, 
            "student": 19, 
            "start_seconds": 504
        }
    }, 
    {
        "pk": 320, 
        "model": "c2g.videoactivity", 
        "fields": {
            "course": 3, 
            "video": 18, 
            "student": 20, 
            "start_seconds": 310
        }
    }, 
    {
        "pk": 321, 
        "model": "c2g.videoactivity", 
        "fields": {
            "course": 3, 
            "video": 18, 
            "student": 21, 
            "start_seconds": 495
        }
    }, 
    {
        "pk": 322, 
        "model": "c2g.videoactivity", 
        "fields": {
            "course": 3, 
            "video": 18, 
            "student": 22, 
            "start_seconds": 224
        }
    }, 
    {
        "pk": 323, 
        "model": "c2g.videoactivity", 
        "fields": {
            "course": 3, 
            "video": 18, 
            "student": 23, 
            "start_seconds": 68
        }
    }, 
    {
        "pk": 324, 
        "model": "c2g.videoactivity", 
        "fields": {
            "course": 3, 
            "video": 18, 
            "student": 24, 
            "start_seconds": 62
        }
    }, 
    {
        "pk": 325, 
        "model": "c2g.videoactivity", 
        "fields": {
            "course": 3, 
            "video": 18, 
            "student": 25, 
            "start_seconds": 373
        }
    }, 
    {
        "pk": 326, 
        "model": "c2g.videoactivity", 
        "fields": {
            "course": 3, 
            "video": 18, 
            "student": 26, 
            "start_seconds": 115
        }
    }, 
    {
        "pk": 327, 
        "model": "c2g.videoactivity", 
        "fields": {
            "course": 3, 
            "video": 18, 
            "student": 27, 
            "start_seconds": 632
        }
    }, 
    {
        "pk": 328, 
        "model": "c2g.videoactivity", 
        "fields": {
            "course": 3, 
            "video": 18, 
            "student": 28, 
            "start_seconds": 603
        }
    }, 
    {
        "pk": 329, 
        "model": "c2g.videoactivity", 
        "fields": {
            "course": 3, 
            "video": 18, 
            "student": 29, 
            "start_seconds": 651
        }
    }, 
    {
        "pk": 330, 
        "model": "c2g.videoactivity", 
        "fields": {
            "course": 3, 
            "video": 18, 
            "student": 30, 
            "start_seconds": 487
        }
    }, 
    {
        "pk": 331, 
        "model": "c2g.videoactivity", 
        "fields": {
            "course": 3, 
            "video": 18, 
            "student": 31, 
            "start_seconds": 243
        }
    }, 
    {
        "pk": 332, 
        "model": "c2g.videoactivity", 
        "fields": {
            "course": 3, 
            "video": 18, 
            "student": 32, 
            "start_seconds": 130
        }
    }, 
    {
        "pk": 333, 
        "model": "c2g.videoactivity", 
        "fields": {
            "course": 3, 
            "video": 18, 
            "student": 33, 
            "start_seconds": 427
        }
    }, 
    {
        "pk": 334, 
        "model": "c2g.videoactivity", 
        "fields": {
            "course": 3, 
            "video": 18, 
            "student": 34, 
            "start_seconds": 325
        }
    }, 
    {
        "pk": 335, 
        "model": "c2g.videoactivity", 
        "fields": {
            "course": 3, 
            "video": 18, 
            "student": 35, 
            "start_seconds": 437
        }
    }, 
    {
        "pk": 336, 
        "model": "c2g.videoactivity", 
        "fields": {
            "course": 3, 
            "video": 18, 
            "student": 36, 
            "start_seconds": 367
        }
    }, 
    {
        "pk": 337, 
        "model": "c2g.videoactivity", 
        "fields": {
            "course": 3, 
            "video": 18, 
            "student": 37, 
            "start_seconds": 448
        }
    }, 
    {
        "pk": 338, 
        "model": "c2g.videoactivity", 
        "fields": {
            "course": 3, 
            "video": 18, 
            "student": 38, 
            "start_seconds": 314
        }
    }, 
    {
        "pk": 339, 
        "model": "c2g.videoactivity", 
        "fields": {
            "course": 3, 
            "video": 18, 
            "student": 39, 
            "start_seconds": 245
        }
    }, 
    {
        "pk": 340, 
        "model": "c2g.videoactivity", 
        "fields": {
            "course": 3, 
            "video": 18, 
            "student": 40, 
            "start_seconds": 679
        }
    }, 
    {
        "pk": 341, 
        "model": "c2g.videoactivity", 
        "fields": {
            "course": 3, 
            "video": 18, 
            "student": 41, 
            "start_seconds": 461
        }
    }, 
    {
        "pk": 342, 
        "model": "c2g.videoactivity", 
        "fields": {
            "course": 3, 
            "video": 18, 
            "student": 42, 
            "start_seconds": 514
        }
    }, 
    {
        "pk": 343, 
        "model": "c2g.videoactivity", 
        "fields": {
            "course": 3, 
            "video": 18, 
            "student": 43, 
            "start_seconds": 208
        }
    }, 
    {
        "pk": 344, 
        "model": "c2g.videoactivity", 
        "fields": {
            "course": 3, 
            "video": 18, 
            "student": 44, 
            "start_seconds": 241
        }
    }, 
    {
        "pk": 345, 
        "model": "c2g.videoactivity", 
        "fields": {
            "course": 3, 
            "video": 18, 
            "student": 45, 
            "start_seconds": 5
        }
    }, 
    {
        "pk": 346, 
        "model": "c2g.videoactivity", 
        "fields": {
            "course": 3, 
            "video": 18, 
            "student": 46, 
            "start_seconds": 419
        }
    }, 
    {
        "pk": 347, 
        "model": "c2g.videoactivity", 
        "fields": {
            "course": 3, 
            "video": 18, 
            "student": 47, 
            "start_seconds": 332
        }
    }, 
    {
        "pk": 348, 
        "model": "c2g.videoactivity", 
        "fields": {
            "course": 3, 
            "video": 18, 
            "student": 48, 
            "start_seconds": 637
        }
    }, 
    {
        "pk": 349, 
        "model": "c2g.videoactivity", 
        "fields": {
            "course": 3, 
            "video": 18, 
            "student": 49, 
            "start_seconds": 680
        }
    }, 
    {
        "pk": 350, 
        "model": "c2g.videoactivity", 
        "fields": {
            "course": 3, 
            "video": 18, 
            "student": 50, 
            "start_seconds": 156
        }
    }, 
    {
        "pk": 351, 
        "model": "c2g.videoactivity", 
        "fields": {
            "course": 3, 
            "video": 18, 
            "student": 51, 
            "start_seconds": 150
        }
    }, 
    {
        "pk": 352, 
        "model": "c2g.videoactivity", 
        "fields": {
            "course": 3, 
            "video": 20, 
            "student": 13, 
            "start_seconds": 173
        }
    }, 
    {
        "pk": 353, 
        "model": "c2g.videoactivity", 
        "fields": {
            "course": 3, 
            "video": 20, 
            "student": 14, 
            "start_seconds": 152
        }
    }, 
    {
        "pk": 354, 
        "model": "c2g.videoactivity", 
        "fields": {
            "course": 3, 
            "video": 20, 
            "student": 15, 
            "start_seconds": 31
        }
    }, 
    {
        "pk": 355, 
        "model": "c2g.videoactivity", 
        "fields": {
            "course": 3, 
            "video": 20, 
            "student": 16, 
            "start_seconds": 118
        }
    }, 
    {
        "pk": 356, 
        "model": "c2g.videoactivity", 
        "fields": {
            "course": 3, 
            "video": 20, 
            "student": 17, 
            "start_seconds": 249
        }
    }, 
    {
        "pk": 357, 
        "model": "c2g.videoactivity", 
        "fields": {
            "course": 3, 
            "video": 20, 
            "student": 18, 
            "start_seconds": 290
        }
    }, 
    {
        "pk": 358, 
        "model": "c2g.videoactivity", 
        "fields": {
            "course": 3, 
            "video": 20, 
            "student": 19, 
            "start_seconds": 271
        }
    }, 
    {
        "pk": 359, 
        "model": "c2g.videoactivity", 
        "fields": {
            "course": 3, 
            "video": 20, 
            "student": 20, 
            "start_seconds": 328
        }
    }, 
    {
        "pk": 360, 
        "model": "c2g.videoactivity", 
        "fields": {
            "course": 3, 
            "video": 20, 
            "student": 21, 
            "start_seconds": 44
        }
    }, 
    {
        "pk": 361, 
        "model": "c2g.videoactivity", 
        "fields": {
            "course": 3, 
            "video": 20, 
            "student": 22, 
            "start_seconds": 34
        }
    }, 
    {
        "pk": 362, 
        "model": "c2g.videoactivity", 
        "fields": {
            "course": 3, 
            "video": 20, 
            "student": 23, 
            "start_seconds": 102
        }
    }, 
    {
        "pk": 363, 
        "model": "c2g.videoactivity", 
        "fields": {
            "course": 3, 
            "video": 20, 
            "student": 24, 
            "start_seconds": 301
        }
    }, 
    {
        "pk": 364, 
        "model": "c2g.videoactivity", 
        "fields": {
            "course": 3, 
            "video": 20, 
            "student": 25, 
            "start_seconds": 57
        }
    }, 
    {
        "pk": 365, 
        "model": "c2g.videoactivity", 
        "fields": {
            "course": 3, 
            "video": 20, 
            "student": 26, 
            "start_seconds": 109
        }
    }, 
    {
        "pk": 366, 
        "model": "c2g.videoactivity", 
        "fields": {
            "course": 3, 
            "video": 20, 
            "student": 27, 
            "start_seconds": 84
        }
    }, 
    {
        "pk": 367, 
        "model": "c2g.videoactivity", 
        "fields": {
            "course": 3, 
            "video": 20, 
            "student": 28, 
            "start_seconds": 10
        }
    }, 
    {
        "pk": 368, 
        "model": "c2g.videoactivity", 
        "fields": {
            "course": 3, 
            "video": 20, 
            "student": 29, 
            "start_seconds": 1
        }
    }, 
    {
        "pk": 369, 
        "model": "c2g.videoactivity", 
        "fields": {
            "course": 3, 
            "video": 20, 
            "student": 30, 
            "start_seconds": 236
        }
    }, 
    {
        "pk": 370, 
        "model": "c2g.videoactivity", 
        "fields": {
            "course": 3, 
            "video": 20, 
            "student": 31, 
            "start_seconds": 56
        }
    }, 
    {
        "pk": 371, 
        "model": "c2g.videoactivity", 
        "fields": {
            "course": 3, 
            "video": 20, 
            "student": 32, 
            "start_seconds": 281
        }
    }, 
    {
        "pk": 372, 
        "model": "c2g.videoactivity", 
        "fields": {
            "course": 3, 
            "video": 20, 
            "student": 33, 
            "start_seconds": 288
        }
    }, 
    {
        "pk": 373, 
        "model": "c2g.videoactivity", 
        "fields": {
            "course": 3, 
            "video": 20, 
            "student": 34, 
            "start_seconds": 236
        }
    }, 
    {
        "pk": 374, 
        "model": "c2g.videoactivity", 
        "fields": {
            "course": 3, 
            "video": 20, 
            "student": 35, 
            "start_seconds": 107
        }
    }, 
    {
        "pk": 375, 
        "model": "c2g.videoactivity", 
        "fields": {
            "course": 3, 
            "video": 20, 
            "student": 36, 
            "start_seconds": 182
        }
    }, 
    {
        "pk": 376, 
        "model": "c2g.videoactivity", 
        "fields": {
            "course": 3, 
            "video": 20, 
            "student": 37, 
            "start_seconds": 145
        }
    }, 
    {
        "pk": 377, 
        "model": "c2g.videoactivity", 
        "fields": {
            "course": 3, 
            "video": 20, 
            "student": 38, 
            "start_seconds": 232
        }
    }, 
    {
        "pk": 378, 
        "model": "c2g.videoactivity", 
        "fields": {
            "course": 3, 
            "video": 20, 
            "student": 39, 
            "start_seconds": 342
        }
    }, 
    {
        "pk": 379, 
        "model": "c2g.videoactivity", 
        "fields": {
            "course": 3, 
            "video": 20, 
            "student": 40, 
            "start_seconds": 112
        }
    }, 
    {
        "pk": 380, 
        "model": "c2g.videoactivity", 
        "fields": {
            "course": 3, 
            "video": 20, 
            "student": 41, 
            "start_seconds": 181
        }
    }, 
    {
        "pk": 381, 
        "model": "c2g.videoactivity", 
        "fields": {
            "course": 3, 
            "video": 20, 
            "student": 42, 
            "start_seconds": 187
        }
    }, 
    {
        "pk": 382, 
        "model": "c2g.videoactivity", 
        "fields": {
            "course": 3, 
            "video": 20, 
            "student": 43, 
            "start_seconds": 23
        }
    }, 
    {
        "pk": 383, 
        "model": "c2g.videoactivity", 
        "fields": {
            "course": 3, 
            "video": 20, 
            "student": 44, 
            "start_seconds": 302
        }
    }, 
    {
        "pk": 384, 
        "model": "c2g.videoactivity", 
        "fields": {
            "course": 3, 
            "video": 20, 
            "student": 45, 
            "start_seconds": 229
        }
    }, 
    {
        "pk": 385, 
        "model": "c2g.videoactivity", 
        "fields": {
            "course": 3, 
            "video": 20, 
            "student": 46, 
            "start_seconds": 193
        }
    }, 
    {
        "pk": 386, 
        "model": "c2g.videoactivity", 
        "fields": {
            "course": 3, 
            "video": 20, 
            "student": 47, 
            "start_seconds": 195
        }
    }, 
    {
        "pk": 387, 
        "model": "c2g.videoactivity", 
        "fields": {
            "course": 3, 
            "video": 20, 
            "student": 48, 
            "start_seconds": 200
        }
    }, 
    {
        "pk": 388, 
        "model": "c2g.videoactivity", 
        "fields": {
            "course": 3, 
            "video": 20, 
            "student": 49, 
            "start_seconds": 120
        }
    }, 
    {
        "pk": 389, 
        "model": "c2g.videoactivity", 
        "fields": {
            "course": 3, 
            "video": 20, 
            "student": 50, 
            "start_seconds": 263
        }
    }, 
    {
        "pk": 390, 
        "model": "c2g.videoactivity", 
        "fields": {
            "course": 3, 
            "video": 20, 
            "student": 51, 
            "start_seconds": 94
        }
    }, 
    {
        "pk": 391, 
        "model": "c2g.videoactivity", 
        "fields": {
            "course": 3, 
            "video": 22, 
            "student": 13, 
            "start_seconds": 274
        }
    }, 
    {
        "pk": 392, 
        "model": "c2g.videoactivity", 
        "fields": {
            "course": 3, 
            "video": 22, 
            "student": 14, 
            "start_seconds": 681
        }
    }, 
    {
        "pk": 393, 
        "model": "c2g.videoactivity", 
        "fields": {
            "course": 3, 
            "video": 22, 
            "student": 15, 
            "start_seconds": 257
        }
    }, 
    {
        "pk": 394, 
        "model": "c2g.videoactivity", 
        "fields": {
            "course": 3, 
            "video": 22, 
            "student": 16, 
            "start_seconds": 316
        }
    }, 
    {
        "pk": 395, 
        "model": "c2g.videoactivity", 
        "fields": {
            "course": 3, 
            "video": 22, 
            "student": 17, 
            "start_seconds": 407
        }
    }, 
    {
        "pk": 396, 
        "model": "c2g.videoactivity", 
        "fields": {
            "course": 3, 
            "video": 22, 
            "student": 18, 
            "start_seconds": 464
        }
    }, 
    {
        "pk": 397, 
        "model": "c2g.videoactivity", 
        "fields": {
            "course": 3, 
            "video": 22, 
            "student": 19, 
            "start_seconds": 561
        }
    }, 
    {
        "pk": 398, 
        "model": "c2g.videoactivity", 
        "fields": {
            "course": 3, 
            "video": 22, 
            "student": 20, 
            "start_seconds": 772
        }
    }, 
    {
        "pk": 399, 
        "model": "c2g.videoactivity", 
        "fields": {
            "course": 3, 
            "video": 22, 
            "student": 21, 
            "start_seconds": 127
        }
    }, 
    {
        "pk": 400, 
        "model": "c2g.videoactivity", 
        "fields": {
            "course": 3, 
            "video": 22, 
            "student": 22, 
            "start_seconds": 562
        }
    }, 
    {
        "pk": 401, 
        "model": "c2g.videoactivity", 
        "fields": {
            "course": 3, 
            "video": 22, 
            "student": 23, 
            "start_seconds": 694
        }
    }, 
    {
        "pk": 402, 
        "model": "c2g.videoactivity", 
        "fields": {
            "course": 3, 
            "video": 22, 
            "student": 24, 
            "start_seconds": 473
        }
    }, 
    {
        "pk": 403, 
        "model": "c2g.videoactivity", 
        "fields": {
            "course": 3, 
            "video": 22, 
            "student": 25, 
            "start_seconds": 61
        }
    }, 
    {
        "pk": 404, 
        "model": "c2g.videoactivity", 
        "fields": {
            "course": 3, 
            "video": 22, 
            "student": 26, 
            "start_seconds": 254
        }
    }, 
    {
        "pk": 405, 
        "model": "c2g.videoactivity", 
        "fields": {
            "course": 3, 
            "video": 22, 
            "student": 27, 
            "start_seconds": 109
        }
    }, 
    {
        "pk": 406, 
        "model": "c2g.videoactivity", 
        "fields": {
            "course": 3, 
            "video": 22, 
            "student": 28, 
            "start_seconds": 782
        }
    }, 
    {
        "pk": 407, 
        "model": "c2g.videoactivity", 
        "fields": {
            "course": 3, 
            "video": 22, 
            "student": 29, 
            "start_seconds": 319
        }
    }, 
    {
        "pk": 408, 
        "model": "c2g.videoactivity", 
        "fields": {
            "course": 3, 
            "video": 22, 
            "student": 30, 
            "start_seconds": 569
        }
    }, 
    {
        "pk": 409, 
        "model": "c2g.videoactivity", 
        "fields": {
            "course": 3, 
            "video": 22, 
            "student": 31, 
            "start_seconds": 25
        }
    }, 
    {
        "pk": 410, 
        "model": "c2g.videoactivity", 
        "fields": {
            "course": 3, 
            "video": 22, 
            "student": 32, 
            "start_seconds": 579
        }
    }, 
    {
        "pk": 411, 
        "model": "c2g.videoactivity", 
        "fields": {
            "course": 3, 
            "video": 22, 
            "student": 33, 
            "start_seconds": 416
        }
    }, 
    {
        "pk": 412, 
        "model": "c2g.videoactivity", 
        "fields": {
            "course": 3, 
            "video": 22, 
            "student": 34, 
            "start_seconds": 519
        }
    }, 
    {
        "pk": 413, 
        "model": "c2g.videoactivity", 
        "fields": {
            "course": 3, 
            "video": 22, 
            "student": 35, 
            "start_seconds": 623
        }
    }, 
    {
        "pk": 414, 
        "model": "c2g.videoactivity", 
        "fields": {
            "course": 3, 
            "video": 22, 
            "student": 36, 
            "start_seconds": 509
        }
    }, 
    {
        "pk": 415, 
        "model": "c2g.videoactivity", 
        "fields": {
            "course": 3, 
            "video": 22, 
            "student": 37, 
            "start_seconds": 595
        }
    }, 
    {
        "pk": 416, 
        "model": "c2g.videoactivity", 
        "fields": {
            "course": 3, 
            "video": 22, 
            "student": 38, 
            "start_seconds": 711
        }
    }, 
    {
        "pk": 417, 
        "model": "c2g.videoactivity", 
        "fields": {
            "course": 3, 
            "video": 22, 
            "student": 39, 
            "start_seconds": 536
        }
    }, 
    {
        "pk": 418, 
        "model": "c2g.videoactivity", 
        "fields": {
            "course": 3, 
            "video": 22, 
            "student": 40, 
            "start_seconds": 517
        }
    }, 
    {
        "pk": 419, 
        "model": "c2g.videoactivity", 
        "fields": {
            "course": 3, 
            "video": 22, 
            "student": 41, 
            "start_seconds": 573
        }
    }, 
    {
        "pk": 420, 
        "model": "c2g.videoactivity", 
        "fields": {
            "course": 3, 
            "video": 22, 
            "student": 42, 
            "start_seconds": 192
        }
    }, 
    {
        "pk": 421, 
        "model": "c2g.videoactivity", 
        "fields": {
            "course": 3, 
            "video": 22, 
            "student": 43, 
            "start_seconds": 547
        }
    }, 
    {
        "pk": 422, 
        "model": "c2g.videoactivity", 
        "fields": {
            "course": 3, 
            "video": 22, 
            "student": 44, 
            "start_seconds": 315
        }
    }, 
    {
        "pk": 423, 
        "model": "c2g.videoactivity", 
        "fields": {
            "course": 3, 
            "video": 22, 
            "student": 45, 
            "start_seconds": 332
        }
    }, 
    {
        "pk": 424, 
        "model": "c2g.videoactivity", 
        "fields": {
            "course": 3, 
            "video": 22, 
            "student": 46, 
            "start_seconds": 856
        }
    }, 
    {
        "pk": 425, 
        "model": "c2g.videoactivity", 
        "fields": {
            "course": 3, 
            "video": 22, 
            "student": 47, 
            "start_seconds": 67
        }
    }, 
    {
        "pk": 426, 
        "model": "c2g.videoactivity", 
        "fields": {
            "course": 3, 
            "video": 22, 
            "student": 48, 
            "start_seconds": 203
        }
    }, 
    {
        "pk": 427, 
        "model": "c2g.videoactivity", 
        "fields": {
            "course": 3, 
            "video": 22, 
            "student": 49, 
            "start_seconds": 838
        }
    }, 
    {
        "pk": 428, 
        "model": "c2g.videoactivity", 
        "fields": {
            "course": 3, 
            "video": 22, 
            "student": 50, 
            "start_seconds": 518
        }
    }, 
    {
        "pk": 429, 
        "model": "c2g.videoactivity", 
        "fields": {
            "course": 3, 
            "video": 22, 
            "student": 51, 
            "start_seconds": 112
        }
    }, 
    {
        "pk": 430, 
        "model": "c2g.videoactivity", 
        "fields": {
            "course": 3, 
            "video": 24, 
            "student": 13, 
            "start_seconds": 140
        }
    }, 
    {
        "pk": 431, 
        "model": "c2g.videoactivity", 
        "fields": {
            "course": 3, 
            "video": 24, 
            "student": 14, 
            "start_seconds": 213
        }
    }, 
    {
        "pk": 432, 
        "model": "c2g.videoactivity", 
        "fields": {
            "course": 3, 
            "video": 24, 
            "student": 15, 
            "start_seconds": 102
        }
    }, 
    {
        "pk": 433, 
        "model": "c2g.videoactivity", 
        "fields": {
            "course": 3, 
            "video": 24, 
            "student": 16, 
            "start_seconds": 386
        }
    }, 
    {
        "pk": 434, 
        "model": "c2g.videoactivity", 
        "fields": {
            "course": 3, 
            "video": 24, 
            "student": 17, 
            "start_seconds": 324
        }
    }, 
    {
        "pk": 435, 
        "model": "c2g.videoactivity", 
        "fields": {
            "course": 3, 
            "video": 24, 
            "student": 18, 
            "start_seconds": 389
        }
    }, 
    {
        "pk": 436, 
        "model": "c2g.videoactivity", 
        "fields": {
            "course": 3, 
            "video": 24, 
            "student": 19, 
            "start_seconds": 287
        }
    }, 
    {
        "pk": 437, 
        "model": "c2g.videoactivity", 
        "fields": {
            "course": 3, 
            "video": 24, 
            "student": 20, 
            "start_seconds": 29
        }
    }, 
    {
        "pk": 438, 
        "model": "c2g.videoactivity", 
        "fields": {
            "course": 3, 
            "video": 24, 
            "student": 21, 
            "start_seconds": 0
        }
    }, 
    {
        "pk": 439, 
        "model": "c2g.videoactivity", 
        "fields": {
            "course": 3, 
            "video": 24, 
            "student": 22, 
            "start_seconds": 35
        }
    }, 
    {
        "pk": 440, 
        "model": "c2g.videoactivity", 
        "fields": {
            "course": 3, 
            "video": 24, 
            "student": 23, 
            "start_seconds": 89
        }
    }, 
    {
        "pk": 441, 
        "model": "c2g.videoactivity", 
        "fields": {
            "course": 3, 
            "video": 24, 
            "student": 24, 
            "start_seconds": 362
        }
    }, 
    {
        "pk": 442, 
        "model": "c2g.videoactivity", 
        "fields": {
            "course": 3, 
            "video": 24, 
            "student": 25, 
            "start_seconds": 237
        }
    }, 
    {
        "pk": 443, 
        "model": "c2g.videoactivity", 
        "fields": {
            "course": 3, 
            "video": 24, 
            "student": 26, 
            "start_seconds": 320
        }
    }, 
    {
        "pk": 444, 
        "model": "c2g.videoactivity", 
        "fields": {
            "course": 3, 
            "video": 24, 
            "student": 27, 
            "start_seconds": 330
        }
    }, 
    {
        "pk": 445, 
        "model": "c2g.videoactivity", 
        "fields": {
            "course": 3, 
            "video": 24, 
            "student": 28, 
            "start_seconds": 211
        }
    }, 
    {
        "pk": 446, 
        "model": "c2g.videoactivity", 
        "fields": {
            "course": 3, 
            "video": 24, 
            "student": 29, 
            "start_seconds": 307
        }
    }, 
    {
        "pk": 447, 
        "model": "c2g.videoactivity", 
        "fields": {
            "course": 3, 
            "video": 24, 
            "student": 30, 
            "start_seconds": 278
        }
    }, 
    {
        "pk": 448, 
        "model": "c2g.videoactivity", 
        "fields": {
            "course": 3, 
            "video": 24, 
            "student": 31, 
            "start_seconds": 360
        }
    }, 
    {
        "pk": 449, 
        "model": "c2g.videoactivity", 
        "fields": {
            "course": 3, 
            "video": 24, 
            "student": 32, 
            "start_seconds": 69
        }
    }, 
    {
        "pk": 450, 
        "model": "c2g.videoactivity", 
        "fields": {
            "course": 3, 
            "video": 24, 
            "student": 33, 
            "start_seconds": 352
        }
    }, 
    {
        "pk": 451, 
        "model": "c2g.videoactivity", 
        "fields": {
            "course": 3, 
            "video": 24, 
            "student": 34, 
            "start_seconds": 314
        }
    }, 
    {
        "pk": 452, 
        "model": "c2g.videoactivity", 
        "fields": {
            "course": 3, 
            "video": 24, 
            "student": 35, 
            "start_seconds": 116
        }
    }, 
    {
        "pk": 453, 
        "model": "c2g.videoactivity", 
        "fields": {
            "course": 3, 
            "video": 24, 
            "student": 36, 
            "start_seconds": 213
        }
    }, 
    {
        "pk": 454, 
        "model": "c2g.videoactivity", 
        "fields": {
            "course": 3, 
            "video": 24, 
            "student": 37, 
            "start_seconds": 326
        }
    }, 
    {
        "pk": 455, 
        "model": "c2g.videoactivity", 
        "fields": {
            "course": 3, 
            "video": 24, 
            "student": 38, 
            "start_seconds": 180
        }
    }, 
    {
        "pk": 456, 
        "model": "c2g.videoactivity", 
        "fields": {
            "course": 3, 
            "video": 24, 
            "student": 39, 
            "start_seconds": 40
        }
    }, 
    {
        "pk": 457, 
        "model": "c2g.videoactivity", 
        "fields": {
            "course": 3, 
            "video": 24, 
            "student": 40, 
            "start_seconds": 280
        }
    }, 
    {
        "pk": 458, 
        "model": "c2g.videoactivity", 
        "fields": {
            "course": 3, 
            "video": 24, 
            "student": 41, 
            "start_seconds": 408
        }
    }, 
    {
        "pk": 459, 
        "model": "c2g.videoactivity", 
        "fields": {
            "course": 3, 
            "video": 24, 
            "student": 42, 
            "start_seconds": 140
        }
    }, 
    {
        "pk": 460, 
        "model": "c2g.videoactivity", 
        "fields": {
            "course": 3, 
            "video": 24, 
            "student": 43, 
            "start_seconds": 128
        }
    }, 
    {
        "pk": 461, 
        "model": "c2g.videoactivity", 
        "fields": {
            "course": 3, 
            "video": 24, 
            "student": 44, 
            "start_seconds": 326
        }
    }, 
    {
        "pk": 462, 
        "model": "c2g.videoactivity", 
        "fields": {
            "course": 3, 
            "video": 24, 
            "student": 45, 
            "start_seconds": 167
        }
    }, 
    {
        "pk": 463, 
        "model": "c2g.videoactivity", 
        "fields": {
            "course": 3, 
            "video": 24, 
            "student": 46, 
            "start_seconds": 288
        }
    }, 
    {
        "pk": 464, 
        "model": "c2g.videoactivity", 
        "fields": {
            "course": 3, 
            "video": 24, 
            "student": 47, 
            "start_seconds": 54
        }
    }, 
    {
        "pk": 465, 
        "model": "c2g.videoactivity", 
        "fields": {
            "course": 3, 
            "video": 24, 
            "student": 48, 
            "start_seconds": 355
        }
    }, 
    {
        "pk": 466, 
        "model": "c2g.videoactivity", 
        "fields": {
            "course": 3, 
            "video": 24, 
            "student": 49, 
            "start_seconds": 244
        }
    }, 
    {
        "pk": 467, 
        "model": "c2g.videoactivity", 
        "fields": {
            "course": 3, 
            "video": 24, 
            "student": 50, 
            "start_seconds": 224
        }
    }, 
    {
        "pk": 468, 
        "model": "c2g.videoactivity", 
        "fields": {
            "course": 3, 
            "video": 24, 
            "student": 51, 
            "start_seconds": 357
        }
    }, 
    {
        "pk": 469, 
        "model": "c2g.videoactivity", 
        "fields": {
            "course": 3, 
            "video": 26, 
            "student": 13, 
            "start_seconds": 150
        }
    }, 
    {
        "pk": 470, 
        "model": "c2g.videoactivity", 
        "fields": {
            "course": 3, 
            "video": 26, 
            "student": 14, 
            "start_seconds": 113
        }
    }, 
    {
        "pk": 471, 
        "model": "c2g.videoactivity", 
        "fields": {
            "course": 3, 
            "video": 26, 
            "student": 15, 
            "start_seconds": 114
        }
    }, 
    {
        "pk": 472, 
        "model": "c2g.videoactivity", 
        "fields": {
            "course": 3, 
            "video": 26, 
            "student": 16, 
            "start_seconds": 12
        }
    }, 
    {
        "pk": 473, 
        "model": "c2g.videoactivity", 
        "fields": {
            "course": 3, 
            "video": 26, 
            "student": 17, 
            "start_seconds": 226
        }
    }, 
    {
        "pk": 474, 
        "model": "c2g.videoactivity", 
        "fields": {
            "course": 3, 
            "video": 26, 
            "student": 18, 
            "start_seconds": 342
        }
    }, 
    {
        "pk": 475, 
        "model": "c2g.videoactivity", 
        "fields": {
            "course": 3, 
            "video": 26, 
            "student": 19, 
            "start_seconds": 166
        }
    }, 
    {
        "pk": 476, 
        "model": "c2g.videoactivity", 
        "fields": {
            "course": 3, 
            "video": 26, 
            "student": 20, 
            "start_seconds": 6
        }
    }, 
    {
        "pk": 477, 
        "model": "c2g.videoactivity", 
        "fields": {
            "course": 3, 
            "video": 26, 
            "student": 21, 
            "start_seconds": 312
        }
    }, 
    {
        "pk": 478, 
        "model": "c2g.videoactivity", 
        "fields": {
            "course": 3, 
            "video": 26, 
            "student": 22, 
            "start_seconds": 324
        }
    }, 
    {
        "pk": 479, 
        "model": "c2g.videoactivity", 
        "fields": {
            "course": 3, 
            "video": 26, 
            "student": 23, 
            "start_seconds": 173
        }
    }, 
    {
        "pk": 480, 
        "model": "c2g.videoactivity", 
        "fields": {
            "course": 3, 
            "video": 26, 
            "student": 24, 
            "start_seconds": 176
        }
    }, 
    {
        "pk": 481, 
        "model": "c2g.videoactivity", 
        "fields": {
            "course": 3, 
            "video": 26, 
            "student": 25, 
            "start_seconds": 340
        }
    }, 
    {
        "pk": 482, 
        "model": "c2g.videoactivity", 
        "fields": {
            "course": 3, 
            "video": 26, 
            "student": 26, 
            "start_seconds": 69
        }
    }, 
    {
        "pk": 483, 
        "model": "c2g.videoactivity", 
        "fields": {
            "course": 3, 
            "video": 26, 
            "student": 27, 
            "start_seconds": 109
        }
    }, 
    {
        "pk": 484, 
        "model": "c2g.videoactivity", 
        "fields": {
            "course": 3, 
            "video": 26, 
            "student": 28, 
            "start_seconds": 303
        }
    }, 
    {
        "pk": 485, 
        "model": "c2g.videoactivity", 
        "fields": {
            "course": 3, 
            "video": 26, 
            "student": 29, 
            "start_seconds": 35
        }
    }, 
    {
        "pk": 486, 
        "model": "c2g.videoactivity", 
        "fields": {
            "course": 3, 
            "video": 26, 
            "student": 30, 
            "start_seconds": 197
        }
    }, 
    {
        "pk": 487, 
        "model": "c2g.videoactivity", 
        "fields": {
            "course": 3, 
            "video": 26, 
            "student": 31, 
            "start_seconds": 194
        }
    }, 
    {
        "pk": 488, 
        "model": "c2g.videoactivity", 
        "fields": {
            "course": 3, 
            "video": 26, 
            "student": 32, 
            "start_seconds": 345
        }
    }, 
    {
        "pk": 489, 
        "model": "c2g.videoactivity", 
        "fields": {
            "course": 3, 
            "video": 26, 
            "student": 33, 
            "start_seconds": 132
        }
    }, 
    {
        "pk": 490, 
        "model": "c2g.videoactivity", 
        "fields": {
            "course": 3, 
            "video": 26, 
            "student": 34, 
            "start_seconds": 269
        }
    }, 
    {
        "pk": 491, 
        "model": "c2g.videoactivity", 
        "fields": {
            "course": 3, 
            "video": 26, 
            "student": 35, 
            "start_seconds": 65
        }
    }, 
    {
        "pk": 492, 
        "model": "c2g.videoactivity", 
        "fields": {
            "course": 3, 
            "video": 26, 
            "student": 36, 
            "start_seconds": 287
        }
    }, 
    {
        "pk": 493, 
        "model": "c2g.videoactivity", 
        "fields": {
            "course": 3, 
            "video": 26, 
            "student": 37, 
            "start_seconds": 235
        }
    }, 
    {
        "pk": 494, 
        "model": "c2g.videoactivity", 
        "fields": {
            "course": 3, 
            "video": 26, 
            "student": 38, 
            "start_seconds": 237
        }
    }, 
    {
        "pk": 495, 
        "model": "c2g.videoactivity", 
        "fields": {
            "course": 3, 
            "video": 26, 
            "student": 39, 
            "start_seconds": 2
        }
    }, 
    {
        "pk": 496, 
        "model": "c2g.videoactivity", 
        "fields": {
            "course": 3, 
            "video": 26, 
            "student": 40, 
            "start_seconds": 182
        }
    }, 
    {
        "pk": 497, 
        "model": "c2g.videoactivity", 
        "fields": {
            "course": 3, 
            "video": 26, 
            "student": 41, 
            "start_seconds": 130
        }
    }, 
    {
        "pk": 498, 
        "model": "c2g.videoactivity", 
        "fields": {
            "course": 3, 
            "video": 26, 
            "student": 42, 
            "start_seconds": 48
        }
    }, 
    {
        "pk": 499, 
        "model": "c2g.videoactivity", 
        "fields": {
            "course": 3, 
            "video": 26, 
            "student": 43, 
            "start_seconds": 140
        }
    }, 
    {
        "pk": 500, 
        "model": "c2g.videoactivity", 
        "fields": {
            "course": 3, 
            "video": 26, 
            "student": 44, 
            "start_seconds": 264
        }
    }, 
    {
        "pk": 501, 
        "model": "c2g.videoactivity", 
        "fields": {
            "course": 3, 
            "video": 26, 
            "student": 45, 
            "start_seconds": 336
        }
    }, 
    {
        "pk": 502, 
        "model": "c2g.videoactivity", 
        "fields": {
            "course": 3, 
            "video": 26, 
            "student": 46, 
            "start_seconds": 169
        }
    }, 
    {
        "pk": 503, 
        "model": "c2g.videoactivity", 
        "fields": {
            "course": 3, 
            "video": 26, 
            "student": 47, 
            "start_seconds": 190
        }
    }, 
    {
        "pk": 504, 
        "model": "c2g.videoactivity", 
        "fields": {
            "course": 3, 
            "video": 26, 
            "student": 48, 
            "start_seconds": 161
        }
    }, 
    {
        "pk": 505, 
        "model": "c2g.videoactivity", 
        "fields": {
            "course": 3, 
            "video": 26, 
            "student": 49, 
            "start_seconds": 181
        }
    }, 
    {
        "pk": 506, 
        "model": "c2g.videoactivity", 
        "fields": {
            "course": 3, 
            "video": 26, 
            "student": 50, 
            "start_seconds": 320
        }
    }, 
    {
        "pk": 507, 
        "model": "c2g.videoactivity", 
        "fields": {
            "course": 3, 
            "video": 26, 
            "student": 51, 
            "start_seconds": 264
        }
    }, 
    {
        "pk": 508, 
        "model": "c2g.videoactivity", 
        "fields": {
            "course": 3, 
            "video": 28, 
            "student": 13, 
            "start_seconds": 28
        }
    }, 
    {
        "pk": 509, 
        "model": "c2g.videoactivity", 
        "fields": {
            "course": 3, 
            "video": 28, 
            "student": 14, 
            "start_seconds": 241
        }
    }, 
    {
        "pk": 510, 
        "model": "c2g.videoactivity", 
        "fields": {
            "course": 3, 
            "video": 28, 
            "student": 15, 
            "start_seconds": 255
        }
    }, 
    {
        "pk": 511, 
        "model": "c2g.videoactivity", 
        "fields": {
            "course": 3, 
            "video": 28, 
            "student": 16, 
            "start_seconds": 55
        }
    }, 
    {
        "pk": 512, 
        "model": "c2g.videoactivity", 
        "fields": {
            "course": 3, 
            "video": 28, 
            "student": 17, 
            "start_seconds": 192
        }
    }, 
    {
        "pk": 513, 
        "model": "c2g.videoactivity", 
        "fields": {
            "course": 3, 
            "video": 28, 
            "student": 18, 
            "start_seconds": 147
        }
    }, 
    {
        "pk": 514, 
        "model": "c2g.videoactivity", 
        "fields": {
            "course": 3, 
            "video": 28, 
            "student": 19, 
            "start_seconds": 19
        }
    }, 
    {
        "pk": 515, 
        "model": "c2g.videoactivity", 
        "fields": {
            "course": 3, 
            "video": 28, 
            "student": 20, 
            "start_seconds": 216
        }
    }, 
    {
        "pk": 516, 
        "model": "c2g.videoactivity", 
        "fields": {
            "course": 3, 
            "video": 28, 
            "student": 21, 
            "start_seconds": 368
        }
    }, 
    {
        "pk": 517, 
        "model": "c2g.videoactivity", 
        "fields": {
            "course": 3, 
            "video": 28, 
            "student": 22, 
            "start_seconds": 84
        }
    }, 
    {
        "pk": 518, 
        "model": "c2g.videoactivity", 
        "fields": {
            "course": 3, 
            "video": 28, 
            "student": 23, 
            "start_seconds": 352
        }
    }, 
    {
        "pk": 519, 
        "model": "c2g.videoactivity", 
        "fields": {
            "course": 3, 
            "video": 28, 
            "student": 24, 
            "start_seconds": 41
        }
    }, 
    {
        "pk": 520, 
        "model": "c2g.videoactivity", 
        "fields": {
            "course": 3, 
            "video": 28, 
            "student": 25, 
            "start_seconds": 80
        }
    }, 
    {
        "pk": 521, 
        "model": "c2g.videoactivity", 
        "fields": {
            "course": 3, 
            "video": 28, 
            "student": 26, 
            "start_seconds": 57
        }
    }, 
    {
        "pk": 522, 
        "model": "c2g.videoactivity", 
        "fields": {
            "course": 3, 
            "video": 28, 
            "student": 27, 
            "start_seconds": 87
        }
    }, 
    {
        "pk": 523, 
        "model": "c2g.videoactivity", 
        "fields": {
            "course": 3, 
            "video": 28, 
            "student": 28, 
            "start_seconds": 145
        }
    }, 
    {
        "pk": 524, 
        "model": "c2g.videoactivity", 
        "fields": {
            "course": 3, 
            "video": 28, 
            "student": 29, 
            "start_seconds": 54
        }
    }, 
    {
        "pk": 525, 
        "model": "c2g.videoactivity", 
        "fields": {
            "course": 3, 
            "video": 28, 
            "student": 30, 
            "start_seconds": 284
        }
    }, 
    {
        "pk": 526, 
        "model": "c2g.videoactivity", 
        "fields": {
            "course": 3, 
            "video": 28, 
            "student": 31, 
            "start_seconds": 223
        }
    }, 
    {
        "pk": 527, 
        "model": "c2g.videoactivity", 
        "fields": {
            "course": 3, 
            "video": 28, 
            "student": 32, 
            "start_seconds": 369
        }
    }, 
    {
        "pk": 528, 
        "model": "c2g.videoactivity", 
        "fields": {
            "course": 3, 
            "video": 28, 
            "student": 33, 
            "start_seconds": 51
        }
    }, 
    {
        "pk": 529, 
        "model": "c2g.videoactivity", 
        "fields": {
            "course": 3, 
            "video": 28, 
            "student": 34, 
            "start_seconds": 343
        }
    }, 
    {
        "pk": 530, 
        "model": "c2g.videoactivity", 
        "fields": {
            "course": 3, 
            "video": 28, 
            "student": 35, 
            "start_seconds": 388
        }
    }, 
    {
        "pk": 531, 
        "model": "c2g.videoactivity", 
        "fields": {
            "course": 3, 
            "video": 28, 
            "student": 36, 
            "start_seconds": 501
        }
    }, 
    {
        "pk": 532, 
        "model": "c2g.videoactivity", 
        "fields": {
            "course": 3, 
            "video": 28, 
            "student": 37, 
            "start_seconds": 240
        }
    }, 
    {
        "pk": 533, 
        "model": "c2g.videoactivity", 
        "fields": {
            "course": 3, 
            "video": 28, 
            "student": 38, 
            "start_seconds": 198
        }
    }, 
    {
        "pk": 534, 
        "model": "c2g.videoactivity", 
        "fields": {
            "course": 3, 
            "video": 28, 
            "student": 39, 
            "start_seconds": 508
        }
    }, 
    {
        "pk": 535, 
        "model": "c2g.videoactivity", 
        "fields": {
            "course": 3, 
            "video": 28, 
            "student": 40, 
            "start_seconds": 3
        }
    }, 
    {
        "pk": 536, 
        "model": "c2g.videoactivity", 
        "fields": {
            "course": 3, 
            "video": 28, 
            "student": 41, 
            "start_seconds": 56
        }
    }, 
    {
        "pk": 537, 
        "model": "c2g.videoactivity", 
        "fields": {
            "course": 3, 
            "video": 28, 
            "student": 42, 
            "start_seconds": 14
        }
    }, 
    {
        "pk": 538, 
        "model": "c2g.videoactivity", 
        "fields": {
            "course": 3, 
            "video": 28, 
            "student": 43, 
            "start_seconds": 14
        }
    }, 
    {
        "pk": 539, 
        "model": "c2g.videoactivity", 
        "fields": {
            "course": 3, 
            "video": 28, 
            "student": 44, 
            "start_seconds": 123
        }
    }, 
    {
        "pk": 540, 
        "model": "c2g.videoactivity", 
        "fields": {
            "course": 3, 
            "video": 28, 
            "student": 45, 
            "start_seconds": 367
        }
    }, 
    {
        "pk": 541, 
        "model": "c2g.videoactivity", 
        "fields": {
            "course": 3, 
            "video": 28, 
            "student": 46, 
            "start_seconds": 241
        }
    }, 
    {
        "pk": 542, 
        "model": "c2g.videoactivity", 
        "fields": {
            "course": 3, 
            "video": 28, 
            "student": 47, 
            "start_seconds": 373
        }
    }, 
    {
        "pk": 543, 
        "model": "c2g.videoactivity", 
        "fields": {
            "course": 3, 
            "video": 28, 
            "student": 48, 
            "start_seconds": 3
        }
    }, 
    {
        "pk": 544, 
        "model": "c2g.videoactivity", 
        "fields": {
            "course": 3, 
            "video": 28, 
            "student": 49, 
            "start_seconds": 38
        }
    }, 
    {
        "pk": 545, 
        "model": "c2g.videoactivity", 
        "fields": {
            "course": 3, 
            "video": 28, 
            "student": 50, 
            "start_seconds": 352
        }
    }, 
    {
        "pk": 546, 
        "model": "c2g.videoactivity", 
        "fields": {
            "course": 3, 
            "video": 28, 
            "student": 51, 
            "start_seconds": 404
        }
    }
]